Categoría,Subcategoria,APLICA EN LAS METAS ACTUALES,Fecha,Manifiesto,Nombre de Residuo,Peso Disposición Final (kg) ,Canal o Mecanismo de recolección,Tipo de Gestión (proceso),certificado ,Gestor ,Centro de acopio,Razón social del generador,Nit,Responsable del envío,Correo ,Dirección,Departamento,Ciudad,Latitud,Longitud,utm_x,utm_y,utm_zona
2. Electrónica y Equipos de Telecomunicación,2.4 Computadores y equipos para tratamiento de datos,SI,2024-01-03,11000,MONITORES,88.0,Centro de Acopio,Aprovechamiento,REP - 14 - 9308,Eco Industria SAS,Parque Industrial San Jorge,ACUAVARES CLÍNICA VETERINARIA,860010451-1,DANIELA PEÑA,ambiental@casalimpia.com.co,KR 92 147C 02,"BOGOTA, D. C.","BOGOTA, D. C.",4.743257,-74.084513,601528.51,524351.5,18N
1. Aparatos electrodomésticos,1.7 Enseres menores personales,SI,2024-03-11,10146,"APARATOS PARA CORTAR EL PELO, PARA SECAR EL PELO, PARA CEPILLARSE LOS DIENTES, MAQUINAS PARA AFEITAR, APARATOS DE MASAJE Y OTROS CUIDADOS CORPORALES",377.75,Centro de Acopio,Aprovechamiento,REP - 30 - 9339,Eco Industria SAS,Parque Industrial San Jorge,ADMICENTROS S.A.S,860518583-7,MARIA PAULA,ambiental@ccmetropolis.com.co,AK 72 12D 60,"BOGOTA, D. C.","BOGOTA, D. C.",4.648027,-74.127501,596773.85,513817.65,18N
2. Electrónica y Equipos de Telecomunicación,2.5 Electrónica de consumo,SI,2024-02-27,10614,AMPLIFICADOR DE SONIDO,3.2,Centro de Acopio,Aprovechamiento,REP-86-9030,Eco Industria SAS,Parque Industrial San Jorge,ADMINISTRACION PRIME TOWER SAS,800087297-6,LUZ STELLA CELIS,co.recepcionfacturase@la.spectrumbrands.com,CL 100 19 05,"BOGOTA, D. C.","BOGOTA, D. C.",4.685686,-74.052378,605101.29,517991.67,18N
3. Maquinaria y Equipo Eléctrico,3.9 Otros aparatos y sistemas,SI,2024-11-29,11935,MAQUINA EXPENDEDORA AUTOMATICAS DE DINERO,670.0,Centro de Acopio,Aprovechamiento,REP - 30 - 9339,Eco Industria SAS,Parque Industrial San Jorge,Adriana Castro González,860518583-7,MARIA PAULA,ambiental@ccmetropolis.com.co,CL 148 7B 65,"BOGOTA, D. C.","BOGOTA, D. C.",4.724383862,-74.028160704,607781.54,522273.53,18N
1. Aparatos electrodomésticos,1.2 Enseres de audio y video,SI,2024-02-16,9074,TELEVISORES,152.0,Centro de Acopio,Aprovechamiento,REP - 29 - 9315,Eco Industria SAS,Parque Industrial San Jorge,Adriana Patricia Moreno Prieto,800087297-6,LUZ STELLA CELIS,co.recepcionfacturase@la.spectrumbrands.com,KR 82A 6B 74,"BOGOTA, D. C.","BOGOTA, D. C.",4.640442009,-74.152630503,593987.39,512975.75,18N
2. Electrónica y Equipos de Telecomunicación,2.4 Computadores y equipos para tratamiento de datos,SI,2024-03-08,10532,SERVIDORES,32.0,Gestionado por Reconecta,Aprovechamiento,REP - 15 - 9316,Eco Industria SAS,Parque Industrial San Jorge,Adrian tapias ,900836968-7,LEONARDO BENAVIDES,test@signify.com,KR 79B 35B 38 Sur,"BOGOTA, D. C.","BOGOTA, D. C.",4.627585678,-74.154831402,593744.95,511554.2,18N
2. Electrónica y Equipos de Telecomunicación,"2.10 Periféricos, partes y tarjetas para computadores e impresoras",SI,2024-01-29,9218,TONNER,1.0,Gestionado por Reconecta,Aprovechamiento,REP - 14 - 9308,Eco Industria SAS,Parque Industrial San Jorge,AEI ARQUITECTURA E INTERIORES,900836968-7,LEONARDO BENAVIDES,test@signify.com,KR 14 98 51 Piso 2,"BOGOTA, D. C.","BOGOTA, D. C.",4.683174,-74.047745,605615.56,517714.66,18N
2. Electrónica y Equipos de Telecomunicación,2.4 Computadores y equipos para tratamiento de datos,SI,2024-01-05,10729,CPU,17.0,Centro de Acopio,Aprovechamiento,REP - 15 - 9316,Eco Industria SAS,Parque Industrial San Jorge,AEROPUERTO EL DORADO,830142201-4,LUZ DARY LEGUIZAMON,test@mts.com.co,CL 22F 103 09,"BOGOTA, D. C.","BOGOTA, D. C.",4.678374,-74.141568,595209.39,517170.6,18N
2. Electrónica y Equipos de Telecomunicación,2.4 Computadores y equipos para tratamiento de datos,SI,2024-01-18,11173,TABLETAS,2.23,Centro de Acopio,Aprovechamiento,REP - 14 - 9308,Eco Industria SAS,Parque Industrial San Jorge,AEROVIAS DEL CONTINENTE AMERICANO - AVIANCA,860010451-1,DANIELA PEÑA,ambiental@casalimpia.com.co,AC 26 # 106 - 74,"BOGOTA, D. C.","BOGOTA, D. C.",4.683499,-74.1424,595116.41,517737.05,18N
1. Aparatos electrodomésticos,1.6 Enseres menores del hogar,SI,2024-08-23,11662,"HERRAMIENTAS PARA ROCIAR, ESPARCIR, PROPAGAR O APLICAR OTROS TRATAMIENTOS CON SUSTANCIAS LÍQUIDAS O GASEOSAS POR OTROS MEDIOS",988.0,Gestionado por Reconecta,Aprovechamiento,REP - 30 - 9339,Eco Industria SAS,Parque Industrial San Jorge,AGROCAMPO,860518583-7,MARIA PAULA,ambiental@ccmetropolis.com.co,CL 73 20 01,"BOGOTA, D. C.","BOGOTA, D. C.",4.660846,-74.061807,604059.08,515244.15,18N
1. Aparatos electrodomésticos,1.6 Enseres menores del hogar,SI,2024-04-25,10147,OTROS APARATOS DE LIMPIEZA QUE NO SEAN ASPIRADORAS O LIMPIA MOQUETAS,13.86,Centro de Acopio,Aprovechamiento,REP-86-9030,Eco Industria SAS,Parque Industrial San Jorge,AGRUPACION DE LOTES CONNECTA ECOSISTEMA DE NEGOCIOS PH,860010451-1,DANIELA PEÑA,ambiental@casalimpia.com.co,CL 26 92 32,"BOGOTA, D. C.","BOGOTA, D. C.",4.682633,-74.121418,597443.83,517644.19,18N
2. Electrónica y Equipos de Telecomunicación,2.4 Computadores y equipos para tratamiento de datos,SI,2024-03-22,10957,DISCO DURO,2.8,Gestionado por Reconecta,Aprovechamiento,REP - 30 - 9339,Eco Industria SAS,Parque Industrial San Jorge,ALCALDÍA LOCAL DE BOSA,800149695-1,JENNY PRIETO,gestionambiental@cruzverde.com.co,KR 80I 61 05 S,"BOGOTA, D. C.","BOGOTA, D. C.",4.610498,-74.184766,590426.58,509661.3,18N
1. Aparatos electrodomésticos,1.2 Enseres de audio y video,SI,2024-08-25,9387,VIDEOCAMARAS,32.0,Centro de Acopio,Aprovechamiento,REP - 14 - 9308,Eco Industria SAS,Parque Industrial San Jorge,ALCALDÍA LOCAL DE FONTIBÓN,900836968-7,LEONARDO BENAVIDES,test@signify.com,CL 18 99 38,"BOGOTA, D. C.","BOGOTA, D. C.",4.67354,-74.144253,594912.22,516635.83,18N
1. Aparatos electrodomésticos,1.6 Enseres menores del hogar,SI,2024-12-29,11061,MAQUINAS DE COSER,88.42,Gestionado por Reconecta,Aprovechamiento,REP-86-9030,Eco Industria SAS,Parque Industrial San Jorge,ALCALDÍA LOCAL DE KENNEDY,860010451-1,DANIELA PEÑA,ambiental@casalimpia.com.co,TV 78K 41A 04 S,"BOGOTA, D. C.","BOGOTA, D. C.",4.619522,-74.157445,593456.09,510662.42,18N
2. Electrónica y Equipos de Telecomunicación,"2.10 Periféricos, partes y tarjetas para computadores e impresoras",SI,2024-12-10,11289,TONNER,1.0,Gestionado por Reconecta,Aprovechamiento,REP-86-9030,Eco Industria SAS,Parque Industrial San Jorge,ALCALDÍA LOCAL DE PUENTE ARANDA,900836968-7,LEONARDO BENAVIDES,test@signify.com,KR 31D 4 43,"BOGOTA, D. C.","BOGOTA, D. C.",4.605985,-74.102905,599508.02,509173.29,18N
1. Aparatos electrodomésticos,1.6 Enseres menores del hogar,SI,2024-01-22,10564,ASPIRADORAS,18.0,Centro de Acopio,Aprovechamiento,REP - 15 - 9316,Eco Industria SAS,Parque Industrial San Jorge,ALCALDÍA LOCAL DE RAFAEL URIBE URIBE,860518583-7,MARIA PAULA,ambiental@ccmetropolis.com.co,CL 32 S 23 62,"BOGOTA, D. C.","BOGOTA, D. C.",4.581235,-74.114967,598173.35,506435.5,18N
2. Electrónica y Equipos de Telecomunicación,"2.10 Periféricos, partes y tarjetas para computadores e impresoras",SI,2024-02-09,11358,"OTROS PRODUCTOS Y APARATOS PARA LA RECOGIDA, ALMACENAMIENTO, PROCESAMIENTO, PRESENTACIÓN O COMUNICACIÓN DE LA INFORMACIÓN DE MANERA ELECTRÓNICA",0.5,Gestionado por Reconecta,Aprovechamiento,REP - 14 - 9308,Eco Industria SAS,Parque Industrial San Jorge,ALCALDÍA LOCAL DE SAN CRISTOBAL,900836968-7,LEONARDO BENAVIDES,test@signify.com,CL 22 S 1 40 E,"BOGOTA, D. C.","BOGOTA, D. C.",4.569551,-74.08661,601320.79,505147.77,18N
1. Aparatos electrodomésticos,1.9 Herramientas para el hogar,SI,2024-10-01,10222,TALADRADORAS,2.0,Centro de Acopio,Aprovechamiento,REP - 30 - 9339,Eco Industria SAS,Parque Industrial San Jorge,ALCALDÍA LOCAL DE SANTA FE,860518583-7,MARIA PAULA,ambiental@ccmetropolis.com.co,CL 21 5 74,"BOGOTA, D. C.","BOGOTA, D. C.",4.606511,-74.070116,603145.29,509236.1,18N
2. Electrónica y Equipos de Telecomunicación,2.4 Computadores y equipos para tratamiento de datos,SI,2024-09-12,9699,COMPUTADORES TODO EN UNO,488.8,Centro de Acopio,Aprovechamiento,REP - 15 - 9316,Eco Industria SAS,Parque Industrial San Jorge,ALCALDÍA LOCAL DE SUBA,900836968-7,LEONARDO BENAVIDES,test@signify.com,CL 146CBIS 90 57,"BOGOTA, D. C.","BOGOTA, D. C.",4.740668,-74.084068,601578.25,524065.35,18N
1. Aparatos electrodomésticos,1.5 Enseres menores de cocina,SI,2024-12-26,9427,OTROS GRANDES APARATOS UTILIZADOS PARA COCINAR Y EN OTROS PROCESOS DE TRANSFORMACION DE LOS ALIMENTOS. APARATOS DE CALEFACCION ELECTRICOS,525.0,Gestionado por Reconecta,Aprovechamiento,REP - 14 - 9308,Eco Industria SAS,Parque Industrial San Jorge,ALCALDÍA LOCAL DE SUMAPAZ,900836968-7,LEONARDO BENAVIDES,test@signify.com,CL 19 S 69C 17,"BOGOTA, D. C.","BOGOTA, D. C.",4.617727,-74.130792,596412.9,510467.54,18N
2. Electrónica y Equipos de Telecomunicación,"2.10 Periféricos, partes y tarjetas para computadores e impresoras",SI,2024-03-26,10377,"OTROS PRODUCTOS Y APARATOS PARA LA RECOGIDA, ALMACENAMIENTO, PROCESAMIENTO, PRESENTACIÓN O COMUNICACIÓN DE LA INFORMACIÓN DE MANERA ELECTRÓNICA",2.0,Centro de Acopio,Aprovechamiento,REP-86-9030,Eco Industria SAS,Parque Industrial San Jorge,ALKOSTO AV. 68,900836968-7,LEONARDO BENAVIDES,test@signify.com,AC 72 72 43,"BOGOTA, D. C.","BOGOTA, D. C.",4.687533,-74.095546,600312.83,518189.54,18N
2. Electrónica y Equipos de Telecomunicación,2.8 Equipos de telecomunicaciones,SI,2024-08-05,9980,TELÉFONOS CONVENCIONALES,20.0,Gestionado por Reconecta,Aprovechamiento,REP-86-9030,Eco Industria SAS,Parque Industrial San Jorge,ALKOSTO CALLE 170,830143447-3,Ana Maria Suarez,test@portal80.com.co,KR 69 170 15,"BOGOTA, D. C.","BOGOTA, D. C.",4.759291,-74.063352,603873.1,526127.24,18N
1. Aparatos electrodomésticos,1.4 Enseres menores de calentamiento,SI,2024-07-18,11551,Sanduchera / Tostadora,6.8,Centro de Acopio,Aprovechamiento,REP-86-9030,Eco Industria SAS,Parque Industrial San Jorge,ALKOSTO RICAURTE (CRA 30),900836968-7,LEONARDO BENAVIDES,test@signify.com,KR 30 10 77,"BOGOTA, D. C.","BOGOTA, D. C.",4.610409,-74.094761,600410.82,509663.51,18N
2. Electrónica y Equipos de Telecomunicación,2.8 Equipos de telecomunicaciones,SI,2024-10-31,9158,TELEFONOS INALAMBRICOS,6.0,Centro de Acopio,Aprovechamiento,REP - 14 - 9308,Eco Industria SAS,Parque Industrial San Jorge,ALKOSTO S.A.,860010451-1,DANIELA PEÑA,ambiental@casalimpia.com.co,AV Boyacá 15 - 98,"BOGOTA, D. C.","BOGOTA, D. C.",4.64649,-74.12868,596643.28,513647.58,18N
2. Electrónica y Equipos de Telecomunicación,"2.10 Periféricos, partes y tarjetas para computadores e impresoras",SI,2024-08-22,10506,"PERIFERICOS (MOUSE, TECLADO, AUDIFONOS, CAMARAS Y OTROS)",22.0,Gestionado por Reconecta,Aprovechamiento,REP - 15 - 9316,Eco Industria SAS,Parque Industrial San Jorge,ALKOSTO SANTA BARBARA,860007386,ANA LUCIA GOMEZ,enlacesambientales@gmail.com,CL 120 A 7 14,"BOGOTA, D. C.","BOGOTA, D. C.",4.69752,-74.031469,607418.73,519303.13,18N
1. Aparatos electrodomésticos,1.2 Enseres de audio y video,SI,2024-07-19,11544,APARATOS DE GRABACION DE VIDEO,3.0,Gestionado por Reconecta,Aprovechamiento,REP - 15 - 9316,Eco Industria SAS,Parque Industrial San Jorge,ALKOSTO VENECIA,900836968-7,LEONARDO BENAVIDES,test@signify.com,Dg 45 c Sur 51 90,"BOGOTA, D. C.","BOGOTA, D. C.",4.596065,-74.13902,595503.07,508071.71,18N
2. Electrónica y Equipos de Telecomunicación,2.8 Equipos de telecomunicaciones,SI,2024-09-16,11002,TELEFONOS INALAMBRICOS,5.56,Gestionado por Reconecta,Aprovechamiento,REP-86-9030,Eco Industria SAS,Parque Industrial San Jorge,Allmark Comercial de Colombia S.A.,900836968-7,LEONARDO BENAVIDES,test@signify.com,AK 30 78 20,"BOGOTA, D. C.","BOGOTA, D. C.",4.671932,-74.069353,603220.43,516468.62,18N
3. Maquinaria y Equipo Eléctrico,3.4 Equipos de iluminación,SI,2024-12-10,9678,APARATOS DE ALUMBRADO,23.8,Centro de Acopio,Aprovechamiento,REP - 14 - 9308,Eco Industria SAS,Parque Industrial San Jorge,Allmark Comercial de Colombia S.A.,800087297-6,LUZ STELLA CELIS,co.recepcionfacturase@la.spectrumbrands.com,AK 30 70 48,"BOGOTA, D. C.","BOGOTA, D. C.",4.665441,-74.074944,602601.21,515750.21,18N
2. Electrónica y Equipos de Telecomunicación,2.4 Computadores y equipos para tratamiento de datos,SI,2024-09-25,10604,SERVIDORES,3.0,Centro de Acopio,Aprovechamiento,REP-86-9030,Eco Industria SAS,Parque Industrial San Jorge,Allmark Comercial de Colombia S.A.,830142201-4,LUZ DARY LEGUIZAMON,test@mts.com.co,AK 15 106 72,"BOGOTA, D. C.","BOGOTA, D. C.",4.691491,-74.045146,605902.59,518634.52,18N
1. Aparatos electrodomésticos,1.6 Enseres menores del hogar,SI,2024-03-05,10959,"HERRAMIENTAS PARA ROCIAR, ESPARCIR, PROPAGAR O APLICAR OTROS TRATAMIENTOS CON SUSTANCIAS LÍQUIDAS O GASEOSAS POR OTROS MEDIOS",988.0,Centro de Acopio,Aprovechamiento,REP - 14 - 9308,Eco Industria SAS,Parque Industrial San Jorge,Allmark Comercial de Colombia S.A.,830142201-4,LUZ DARY LEGUIZAMON,test@mts.com.co,AC 127 20 79,"BOGOTA, D. C.","BOGOTA, D. C.",4.705964,-74.051277,605220.37,520233.62,18N
2. Electrónica y Equipos de Telecomunicación,"2.10 Periféricos, partes y tarjetas para computadores e impresoras",SI,2024-07-04,11700,CD,19.0,Centro de Acopio,Aprovechamiento,REP - 29 - 9315,Eco Industria SAS,Parque Industrial San Jorge,Allmark Comercial De Colombia S.A.,860007386,ANA LUCIA GOMEZ,enlacesambientales@gmail.com,KR 32 17 09,"BOGOTA, D. C.","BOGOTA, D. C.",4.617669,-74.091717,600747.48,510466.54,18N
1. Aparatos electrodomésticos,1.1 Cocinas y hornos,SI,2024-04-06,11267,HORNOS ELECTRICOS,630.0,Gestionado por Reconecta,Aprovechamiento,REP-86-9030,Eco Industria SAS,Parque Industrial San Jorge,Allmark Comercial De Colombia S.A.,860518583-7,MARIA PAULA,ambiental@ccmetropolis.com.co,AC 116 70C 65,"BOGOTA, D. C.","BOGOTA, D. C.",4.699015,-74.073399,602767.68,519462.1,18N
3. Maquinaria y Equipo Eléctrico,3.4 Equipos de iluminación,SI,2024-04-23,9212,TUBOS FLUORESCENTES - SIGNIFY,1.8,Gestionado por Reconecta,Aprovechamiento,REP-86-9030,Eco Industria SAS,Parque Industrial San Jorge,ALMACENES LA 14 SA,860010451-1,DANIELA PEÑA,ambiental@casalimpia.com.co,AC 19 28 80,"BOGOTA, D. C.","BOGOTA, D. C.",4.61718,-74.086589,601316.39,510413.21,18N
2. Electrónica y Equipos de Telecomunicación,"2.10 Periféricos, partes y tarjetas para computadores e impresoras",SI,2024-07-30,11437,TONNER Y CARTUCHOS EN DESUSO,4.0,Gestionado por Reconecta,Aprovechamiento,REP - 29 - 9315,Eco Industria SAS,Parque Industrial San Jorge,ALMACENES MAXIMOS SAS,800149695-1,JENNY PRIETO,gestionambiental@cruzverde.com.co,AK 15 127 30,"BOGOTA, D. C.","BOGOTA, D. C.",4.704649,-74.042584,606184.78,520089.56,18N
1. Aparatos electrodomésticos,1.2 Enseres de audio y video,SI,2024-09-19,9387,TELEVISORES,152.0,Gestionado por Reconecta,Aprovechamiento,REP - 29 - 9315,Eco Industria SAS,Parque Industrial San Jorge,ALMACENES MAXIMOS SAS,860518583-7,MARIA PAULA,ambiental@ccmetropolis.com.co,KR 24C 48 94 SUR,"BOGOTA, D. C.","BOGOTA, D. C.",4.57838,-74.12987,596520.47,506117.86,18N
2. Electrónica y Equipos de Telecomunicación,"2.10 Periféricos, partes y tarjetas para computadores e impresoras",SI,2024-07-18,10071,TONNER EN DESUSO,7.0,Centro de Acopio,Aprovechamiento,REP - 15 - 9316,Eco Industria SAS,Parque Industrial San Jorge,ALMACENES MAXIMOS SAS,900836968-7,LEONARDO BENAVIDES,test@signify.com,KR 21 62 47,"BOGOTA, D. C.","BOGOTA, D. C.",4.650305,-74.070676,603076.83,514077.52,18N
2. Electrónica y Equipos de Telecomunicación,2.4 Computadores y equipos para tratamiento de datos,SI,2024-09-16,9145,DM - IMPRESORAS Y SCANNER,30.3,Gestionado por Reconecta,Aprovechamiento,REP - 14 - 9308,Eco Industria SAS,Parque Industrial San Jorge,ALMACENES MAXIMOS SAS,860007386,ANA LUCIA GOMEZ,enlacesambientales@gmail.com,AC 183 45 01,"BOGOTA, D. C.","BOGOTA, D. C.",4.760795,-74.045553,605846.93,526296.21,18N
2. Electrónica y Equipos de Telecomunicación,2.7 Equipos de instrumentación y control,SI,2024-08-05,10889,OTROS INSTRUMENTOS DE VIGILANCIA Y CONTROL UTILIZADOS EN INSTALACIONES INDUSTRIALES,66.82,Centro de Acopio,Aprovechamiento,REP-86-9030,Eco Industria SAS,Parque Industrial San Jorge,ALPHARMA S.A.,800149695-1,JENNY PRIETO,gestionambiental@cruzverde.com.co,AUTOPISTA NORTE 103B - 35,"BOGOTA, D. C.","BOGOTA, D. C.",4.69111,-74.05709,604577.83,518590.6,18N
1. Aparatos electrodomésticos,1.6 Enseres menores del hogar,SI,2024-03-28,10237,VENTILADORES ELECTRICOS,20.0,Gestionado por Reconecta,Aprovechamiento,REP - 14 - 9308,Eco Industria SAS,Parque Industrial San Jorge,ALPHARMA S.A.,860518583-7,MARIA PAULA,ambiental@ccmetropolis.com.co,AC 116 70C 12,"BOGOTA, D. C.","BOGOTA, D. C.",4.699563,-74.072309,602888.5,519522.85,18N
2. Electrónica y Equipos de Telecomunicación,2.6 Equipos de electrónica de potencia,SI,2024-10-16,10301,UPS O FUENTES DE PODER,94.0,Gestionado por Reconecta,Aprovechamiento,REP - 14 - 9308,Eco Industria SAS,Parque Industrial San Jorge,ALTADIS FARMACEUTICA,860010451-1,DANIELA PEÑA,ambiental@casalimpia.com.co,CL 10 65 28,"BOGOTA, D. C.","BOGOTA, D. C.",4.631045,-74.117997,597830.41,511941.6,18N
2. Electrónica y Equipos de Telecomunicación,2.8 Equipos de telecomunicaciones,SI,2024-05-12,9669,TERMINALES DE FAX,5.0,Gestionado por Reconecta,Aprovechamiento,REP-86-9030,Eco Industria SAS,Parque Industrial San Jorge,ALTAVISTA CENTRO COMERCIAL,900836968-7,LEONARDO BENAVIDES,test@signify.com,KR 6 65D 58 S,"BOGOTA, D. C.","BOGOTA, D. C.",4.532581,-74.11174,598537.96,501057.23,18N
1. Aparatos electrodomésticos,1.4 Enseres menores de calentamiento,SI,2024-02-09,11243,APARATOS ELECTRODOMESTICOS/HORNOS DE MICROONDAS,21.7,Gestionado por Reconecta,Aprovechamiento,REP-86-9030,Eco Industria SAS,Parque Industrial San Jorge,ALTEA FARMACEUTICA S.A,800087297-6,LUZ STELLA CELIS,co.recepcionfacturase@la.spectrumbrands.com,CL 10 65 28,"BOGOTA, D. C.","BOGOTA, D. C.",4.631045,-74.117997,597830.41,511941.6,18N
3. Maquinaria y Equipo Eléctrico,3.11 Pilas y acumuladores,SI,2024-03-25,9401,BATERIAS DE LITIO,1858.0,Centro de Acopio,Aprovechamiento,REP - 15 - 9316,Eco Industria SAS,Parque Industrial San Jorge,ALURA ANIMAL HEALTH,860518583-7,MARIA PAULA,ambiental@ccmetropolis.com.co,AK 129 22B 57,"BOGOTA, D. C.","BOGOTA, D. C.",4.695534,-74.158355,593345.12,519065.37,18N
1. Aparatos electrodomésticos,1.2 Enseres de audio y video,SI,2024-06-01,9082,"OTROS PRODUCTOS O APARATOS UTILIZADOS PARA REGISTRAR O REPRODUCIR SONIDO O IMAGENES, INCLUIDAS LAS SEÑALES Y TECNOLOGIAS DE DISTRIBUCION DEL SONIDO E IMAGEN DE LA COMUNICACION",291.92,Centro de Acopio,Aprovechamiento,REP - 15 - 9316,Eco Industria SAS,Parque Industrial San Jorge,AMAREY NOVA MEDICAL S.A,860007386,ANA LUCIA GOMEZ,enlacesambientales@gmail.com,TV 23 93 23,"BOGOTA, D. C.","BOGOTA, D. C.",4.680378,-74.05718,604569.44,517404.14,18N
2. Electrónica y Equipos de Telecomunicación,"2.10 Periféricos, partes y tarjetas para computadores e impresoras",SI,2024-06-10,9073,TONNER Y CARTUCHOS EN DESUSO,4.0,Centro de Acopio,Aprovechamiento,REP - 14 - 9308,Eco Industria SAS,Parque Industrial San Jorge,AMBULANCIAS AÉREAS DE COLOMBIA S.A.S,800149695-1,JENNY PRIETO,gestionambiental@cruzverde.com.co,KR 103 26 - 92,"BOGOTA, D. C.","BOGOTA, D. C.",4.69114,-74.12992,596499.63,518583.47,18N
2. Electrónica y Equipos de Telecomunicación,2.8 Equipos de telecomunicaciones,SI,2024-03-22,10161,TELÉFONOS CONVENCIONALES,4.49,Centro de Acopio,Aprovechamiento,REP - 29 - 9315,Eco Industria SAS,Parque Industrial San Jorge,Ana Milena Guevara Moreno,830142201-4,LUZ DARY LEGUIZAMON,test@mts.com.co,KR 35 50 40 Sur,"BOGOTA, D. C.","BOGOTA, D. C.",4.586450973,-74.135793788,595862.24,507009.31,18N
3. Maquinaria y Equipo Eléctrico,3.4 Equipos de iluminación,SI,2024-06-24,11679,TUBOS FLUORESCENTES - SIGNIFY,1.8,Centro de Acopio,Aprovechamiento,REP - 30 - 9339,Eco Industria SAS,Parque Industrial San Jorge,Angela María Vaca,800149695-1,JENNY PRIETO,gestionambiental@cruzverde.com.co,CL 52 Sur 95A 10,"BOGOTA, D. C.","BOGOTA, D. C.",4.641072113,-74.184905705,590407.21,513041.2,18N
2. Electrónica y Equipos de Telecomunicación,"2.10 Periféricos, partes y tarjetas para computadores e impresoras",SI,2024-02-29,10743,REPUESTOS O PARTES DE PC/PORTATILES,5.0,Gestionado por Reconecta,Aprovechamiento,REP - 14 - 9308,Eco Industria SAS,Parque Industrial San Jorge,APIROS S.A.S,860010451-1,DANIELA PEÑA,ambiental@casalimpia.com.co,CL 82 10 39,"BOGOTA, D. C.","BOGOTA, D. C.",4.665312,-74.052462,605095.01,515739.27,18N
1. Aparatos electrodomésticos,1.5 Enseres menores de cocina,SI,2024-01-11,10192,OTROS GRANDES APARATOS UTILIZADOS PARA COCINAR Y EN OTROS PROCESOS DE TRANSFORMACION DE LOS ALIMENTOS. APARATOS DE CALEFACCION ELECTRICOS,89.0,Centro de Acopio,Aprovechamiento,REP - 15 - 9316,Eco Industria SAS,Parque Industrial San Jorge,ASISTENCIA EN TIERRA AVIANCA AEROPUERTO EL DORADO,860010451-1,DANIELA PEÑA,ambiental@casalimpia.com.co,CL 22F 103 09,"BOGOTA, D. C.","BOGOTA, D. C.",4.678374,-74.141568,595209.39,517170.6,18N
1. Aparatos electrodomésticos,1.6 Enseres menores del hogar,SI,2024-11-05,10465,"RELOJES Y APARATOS DESTINADOS A MEDIR, INDICAR O REGISTRAR EL TIEMPO",19.83,Centro de Acopio,Aprovechamiento,REP-86-9030,Eco Industria SAS,Parque Industrial San Jorge,ASOCIACIÓN DE AMIGOS CONTRA EL CÁNCER PROSEGUIR CALLE 32,830143447-3,Ana Maria Suarez,test@portal80.com.co,AC 32 15 31,"BOGOTA, D. C.","BOGOTA, D. C.",4.620778,-74.071357,603005.57,510813.16,18N
2. Electrónica y Equipos de Telecomunicación,"2.10 Periféricos, partes y tarjetas para computadores e impresoras",SI,2024-08-24,11633,Tonner De Impresora / Aprovechamiento,10.8,Gestionado por Reconecta,Aprovechamiento,REP-86-9030,Eco Industria SAS,Parque Industrial San Jorge,ASOCIACIÓN DE AMIGOS CONTRA EL CÁNCER PROSEGUIR CRR 16,830143447-3,Ana Maria Suarez,test@portal80.com.co,KR 16 59 54,"BOGOTA, D. C.","BOGOTA, D. C.",4.647384,-74.067301,603451.63,513755.09,18N
1. Aparatos electrodomésticos,1.5 Enseres menores de cocina,SI,2024-06-26,11582,OTROS GRANDES APARATOS UTILIZADOS PARA COCINAR Y EN OTROS PROCESOS DE TRANSFORMACION DE LOS ALIMENTOS,856.0,Centro de Acopio,Aprovechamiento,REP - 15 - 9316,Eco Industria SAS,Parque Industrial San Jorge,ASOCIACIÓN NACIONAL DE DROGUISTAS DETALLISTAS - ASOCOLDRO,830142201-4,LUZ DARY LEGUIZAMON,test@mts.com.co,TV 27A 53B 13,"BOGOTA, D. C.","BOGOTA, D. C.",4.64407,-74.076264,602457.88,513387.42,18N
1. Aparatos electrodomésticos,1.6 Enseres menores del hogar,SI,2024-09-30,11671,ASPIRADORAS,36.2,Gestionado por Reconecta,Aprovechamiento,REP - 30 - 9339,Eco Industria SAS,Parque Industrial San Jorge,ASOCIACION NACIONAL DE LABORATORIOS DE PRODUCTOS VETERINARIOS,900836968-7,LEONARDO BENAVIDES,test@signify.com,CL 98 70 91,"BOGOTA, D. C.","BOGOTA, D. C.",4.69401,-74.07836,602218.15,518908.06,18N
1. Aparatos electrodomésticos,1.6 Enseres menores del hogar,SI,2024-06-20,10694,"HERRAMIENTAS PARA ROCIAR, ESPARCIR, PROPAGAR O APLICAR OTROS TRATAMIENTOS CON SUSTANCIAS LÍQUIDAS O GASEOSAS POR OTROS MEDIOS",412.57,Centro de Acopio,Aprovechamiento,REP - 14 - 9308,Eco Industria SAS,Parque Industrial San Jorge,ASPEN COLOMBIANA S.A,830143447-3,Ana Maria Suarez,test@portal80.com.co,CL 99 9A 54,"BOGOTA, D. C.","BOGOTA, D. C.",4.681245,-74.042585,606188.21,517502.18,18N
1. Aparatos electrodomésticos,1.7 Enseres menores personales,SI,2024-10-27,9520,"APARATOS PARA CORTAR EL PELO, PARA SECAR EL PELO, PARA CEPILLARSE LOS DIENTES, MAQUINAS PARA AFEITAR, APARATOS DE MASAJE Y OTROS CUIDADOS CORPORALES",359.05,Gestionado por Reconecta,Aprovechamiento,REP - 15 - 9316,Eco Industria SAS,Parque Industrial San Jorge,ASTRAZENECA,800149695-1,JENNY PRIETO,gestionambiental@cruzverde.com.co,KR 7 71 21,"BOGOTA, D. C.","BOGOTA, D. C.",4.654407,-74.055785,604728.02,514533.2,18N
3. Maquinaria y Equipo Eléctrico,3.12 Refrigeración y equipos de acondicionamiento de aire industriales,SI,2024-09-20,9565,MÁQUINAS DISPENSADORAS DE BEBIDAS CALIENTES,14.2,Gestionado por Reconecta,Aprovechamiento,REP - 15 - 9316,Eco Industria SAS,Parque Industrial San Jorge,AUDIFARMA BARRIOS UNIDOS,860007386,ANA LUCIA GOMEZ,enlacesambientales@gmail.com,AK 30 63A 51,"BOGOTA, D. C.","BOGOTA, D. C.",4.653447,-74.078581,602199.51,514423.73,18N
2. Electrónica y Equipos de Telecomunicación,2.7 Equipos de instrumentación y control,SI,2024-01-01,10009,OTROS INSTRUMENTOS DE VIGILANCIA Y CONTROL UTILIZADOS EN INSTALACIONES INDUSTRIALES,1.0,Centro de Acopio,Aprovechamiento,REP - 15 - 9316,Eco Industria SAS,Parque Industrial San Jorge,AUDIFARMA CAF LAS FLORES,860010451-1,DANIELA PEÑA,ambiental@casalimpia.com.co,KR 11 67 32,"BOGOTA, D. C.","BOGOTA, D. C.",4.653185,-74.061126,604135.75,514397.31,18N
2. Electrónica y Equipos de Telecomunicación,2.8 Equipos de telecomunicaciones,SI,2024-04-23,11017,"TELÉFONOS; PÚBLICOS, INALÁMBRICOS Y MÓVILES",0.8,Gestionado por Reconecta,Aprovechamiento,REP - 15 - 9316,Eco Industria SAS,Parque Industrial San Jorge,AUDIFARMA CAF LOS PINOS,860007386,ANA LUCIA GOMEZ,enlacesambientales@gmail.com,AK 45 118 59,"BOGOTA, D. C.","BOGOTA, D. C.",4.700808,-74.055333,604771.26,519663.0,18N
2. Electrónica y Equipos de Telecomunicación,2.4 Computadores y equipos para tratamiento de datos,SI,2024-07-26,11450,COMPUTADORES TODO EN UNO,357.04,Centro de Acopio,Aprovechamiento,REP-86-9030,Eco Industria SAS,Parque Industrial San Jorge,AUDIFARMA CAF PLAZA DE LAS AMÉRICAS,900836968-7,LEONARDO BENAVIDES,test@signify.com,KR 67 4G 31,"BOGOTA, D. C.","BOGOTA, D. C.",4.627424,-74.121893,597398.73,511540.76,18N
3. Maquinaria y Equipo Eléctrico,3.11 Pilas y acumuladores,SI,2024-03-26,10323,BATERIAS DE LITIO,1205.3,Gestionado por Reconecta,Aprovechamiento,REP - 14 - 9308,Eco Industria SAS,Parque Industrial San Jorge,AUDIFARMA CENTRO EMPRESARIAL,860518583-7,MARIA PAULA,ambiental@ccmetropolis.com.co,CL 100 19 61,"BOGOTA, D. C.","BOGOTA, D. C.",4.685759,-74.052808,605053.58,517999.68,18N
2. Electrónica y Equipos de Telecomunicación,2.4 Computadores y equipos para tratamiento de datos,SI,2024-12-31,9576,SERVIDORES,37.09,Centro de Acopio,Aprovechamiento,REP - 30 - 9339,Eco Industria SAS,Parque Industrial San Jorge,AUDIFARMA CHAPINERO,900836968-7,LEONARDO BENAVIDES,test@signify.com,TV 14 49 04 S,"BOGOTA, D. C.","BOGOTA, D. C.",4.568454,-74.125629,596992.28,505021.11,18N
1. Aparatos electrodomésticos,1.5 Enseres menores de cocina,SI,2024-11-21,9335,"MOLINOS, CAFETERAS Y APARATOS PARA ABRIR O PRECINTAR ENVASES O PAQUETES",1350.0,Centro de Acopio,Aprovechamiento,REP - 29 - 9315,Eco Industria SAS,Parque Industrial San Jorge,AUDIFARMA CORFERIAS,900836968-7,LEONARDO BENAVIDES,test@signify.com,KR 37 22 70,"BOGOTA, D. C.","BOGOTA, D. C.",4.627403,-74.091872,600728.91,511542.62,18N
1. Aparatos electrodomésticos,1.6 Enseres menores del hogar,SI,2024-12-29,9656,OTROS APARATOS DE LIMPIEZA QUE NO SEAN ASPIRADORAS O LIMPIA MOQUETAS,29.5,Centro de Acopio,Aprovechamiento,REP-86-9030,Eco Industria SAS,Parque Industrial San Jorge,AUDIFARMA EL SALITRE EL GRECO,860007386,ANA LUCIA GOMEZ,enlacesambientales@gmail.com,AC 26 66A 48,"BOGOTA, D. C.","BOGOTA, D. C.",4.652429,-74.101956,599606.8,514307.85,18N
1. Aparatos electrodomésticos,1.6 Enseres menores del hogar,SI,2024-11-08,9846,VENTILADORES ELECTRICOS,9.5,Gestionado por Reconecta,Aprovechamiento,REP-86-9030,Eco Industria SAS,Parque Industrial San Jorge,AUDIFARMA EL SOCIEGO,800087297-6,LUZ STELLA CELIS,co.recepcionfacturase@la.spectrumbrands.com,CL 19 S 10 73,"BOGOTA, D. C.","BOGOTA, D. C.",4.577031,-74.094872,600403.18,505973.53,18N
2. Electrónica y Equipos de Telecomunicación,2.6 Equipos de electrónica de potencia,SI,2024-08-05,11784,UPS O FUENTES DE PODER,28.0,Centro de Acopio,Aprovechamiento,REP - 14 - 9308,Eco Industria SAS,Parque Industrial San Jorge,AUDIFARMA MANDALAY KENNEDY,830143447-3,Ana Maria Suarez,test@portal80.com.co,TV 78 # 41C-48,"BOGOTA, D. C.","BOGOTA, D. C.",4.615714,-74.16106,593055.58,510240.98,18N
1. Aparatos electrodomésticos,1.2 Enseres de audio y video,SI,2024-07-15,9099,VIDEOCAMARAS,32.0,Centro de Acopio,Aprovechamiento,REP - 14 - 9308,Eco Industria SAS,Parque Industrial San Jorge,AUDIFARMA OLAYA,800149695-1,JENNY PRIETO,gestionambiental@cruzverde.com.co,CL 27 S 22 37,"BOGOTA, D. C.","BOGOTA, D. C.",4.583246,-74.10919,598813.95,506658.61,18N
1. Aparatos electrodomésticos,1.5 Enseres menores de cocina,SI,2024-02-13,10604,"MOLINOS, CAFETERAS Y APARATOS PARA ABRIR O PRECINTAR ENVASES O PAQUETES",211.0,Centro de Acopio,Aprovechamiento,REP - 30 - 9339,Eco Industria SAS,Parque Industrial San Jorge,AUDIFARMA PALENQUE,900836968-7,LEONARDO BENAVIDES,test@signify.com,CL 40 S 77A 72,"BOGOTA, D. C.","BOGOTA, D. C.",4.618805,-74.153006,593948.59,510583.74,18N
1. Aparatos electrodomésticos,1.6 Enseres menores del hogar,SI,2024-06-06,10956,OTROS APARATOS DE LIMPIEZA QUE NO SEAN ASPIRADORAS O LIMPIA MOQUETAS,4.0,Centro de Acopio,Aprovechamiento,REP - 15 - 9316,Eco Industria SAS,Parque Industrial San Jorge,AUDIFARMA PASADENA MAC,860010451-1,DANIELA PEÑA,ambiental@casalimpia.com.co,AC 100 49 45,"BOGOTA, D. C.","BOGOTA, D. C.",4.687774,-74.061672,604070.09,518221.12,18N
2. Electrónica y Equipos de Telecomunicación,"2.10 Periféricos, partes y tarjetas para computadores e impresoras",SI,2024-01-28,11481,TONER DE IMPRESORA SUELTO,1.2,Centro de Acopio,Aprovechamiento,REP - 14 - 9308,Eco Industria SAS,Parque Industrial San Jorge,AUDIFARMA POLICLINICO,830142201-4,LUZ DARY LEGUIZAMON,test@mts.com.co,KR 20 22 00 S,"BOGOTA, D. C.","BOGOTA, D. C.",4.583548,-74.104683,599313.89,506692.62,18N
1. Aparatos electrodomésticos,1.2 Enseres de audio y video,SI,2024-11-30,10914,"OTROS PRODUCTOS O APARATOS UTILIZADOS PARA REGISTRAR O REPRODUCIR SONIDO O IMAGENES, INCLUIDAS LAS SEÑALES Y TECNOLOGIAS DE DISTRIBUCION DEL SONIDO E IMAGEN DE LA COMUNICACION",639.0,Centro de Acopio,Aprovechamiento,REP - 30 - 9339,Eco Industria SAS,Parque Industrial San Jorge,AUDIFARMA SAN LUCAS,800087297-6,LUZ STELLA CELIS,co.recepcionfacturase@la.spectrumbrands.com,TV 78H 42A 29 S,"BOGOTA, D. C.","BOGOTA, D. C.",4.615789,-74.161116,593049.36,510249.26,18N
2. Electrónica y Equipos de Telecomunicación,2.8 Equipos de telecomunicaciones,SI,2024-10-22,11439,CELULARES,3.13,Centro de Acopio,Aprovechamiento,REP - 30 - 9339,Eco Industria SAS,Parque Industrial San Jorge,AUDIFARMA SEDE PRINCIPAL ADMINISTRATIVA,860518583-7,MARIA PAULA,ambiental@ccmetropolis.com.co,AC 12 79A 25,"BOGOTA, D. C.","BOGOTA, D. C.",4.649181,-74.136827,595739.21,513943.96,18N
1. Aparatos electrodomésticos,1.1 Cocinas y hornos,SI,2024-09-12,10265,HORNOS ELECTRICOS,35.0,Centro de Acopio,Aprovechamiento,REP - 29 - 9315,Eco Industria SAS,Parque Industrial San Jorge,AUDIFARMA TEUSAQUILLO,830142201-4,LUZ DARY LEGUIZAMON,test@mts.com.co,KR 7 40B 45,"BOGOTA, D. C.","BOGOTA, D. C.",4.627877,-74.065428,603662.24,511598.83,18N
2. Electrónica y Equipos de Telecomunicación,"2.10 Periféricos, partes y tarjetas para computadores e impresoras",SI,2024-11-05,10056,"PERIFERICOS (MOUSE, TECLADO, AUDIFONOS, CAMARAS Y OTROS)",1.6,Gestionado por Reconecta,Aprovechamiento,REP - 15 - 9316,Eco Industria SAS,Parque Industrial San Jorge,AULA AMBIENTAL MIRADOR JUAN REY,800087297-6,LUZ STELLA CELIS,co.recepcionfacturase@la.spectrumbrands.com,KR 11C ESTE 72 01 SUR,"BOGOTA, D. C.","BOGOTA, D. C.",4.52002,-74.09505,600391.33,499670.9,18N
1. Aparatos electrodomésticos,1.2 Enseres de audio y video,SI,2024-10-14,9019,VIDEOCAMARAS,2.0,Centro de Acopio,Aprovechamiento,REP - 30 - 9339,Eco Industria SAS,Parque Industrial San Jorge,AULA AMBIENTAL SORATAMA,800087297-6,LUZ STELLA CELIS,co.recepcionfacturase@la.spectrumbrands.com,KR 2 E 166A 07,"BOGOTA, D. C.","BOGOTA, D. C.",4.741699,-74.015477,609185.65,524189.76,18N
2. Electrónica y Equipos de Telecomunicación,2.4 Computadores y equipos para tratamiento de datos,SI,2024-03-14,9208,DM - IMPRESORAS Y SCANNER,30.3,Gestionado por Reconecta,Aprovechamiento,REP - 15 - 9316,Eco Industria SAS,Parque Industrial San Jorge,Aura Marina López Chamorro,860007386,ANA LUCIA GOMEZ,enlacesambientales@gmail.com,KR 12C 19 11 Sur,"BOGOTA, D. C.","BOGOTA, D. C.",4.580095729,-74.098489548,600001.44,506311.83,18N
1. Aparatos electrodomésticos,1.5 Enseres menores de cocina,SI,2024-10-14,11956,OTROS GRANDES APARATOS UTILIZADOS PARA COCINAR Y EN OTROS PROCESOS DE TRANSFORMACION DE LOS ALIMENTOS,827.0,Centro de Acopio,Aprovechamiento,REP - 29 - 9315,Eco Industria SAS,Parque Industrial San Jorge,Automundial S.A,830143447-3,Ana Maria Suarez,test@portal80.com.co,CL 13 47 67,"BOGOTA, D. C.","BOGOTA, D. C.",4.625958,-74.105377,599231.02,511380.98,18N
2. Electrónica y Equipos de Telecomunicación,"2.10 Periféricos, partes y tarjetas para computadores e impresoras",SI,2024-12-09,11383,"PERIFERICOS (MOUSE, TECLADO, AUDIFONOS, CAMARAS Y OTROS)",32.25,Gestionado por Reconecta,Aprovechamiento,REP - 30 - 9339,Eco Industria SAS,Parque Industrial San Jorge,AVENIDA CHILE PH,860007386,ANA LUCIA GOMEZ,enlacesambientales@gmail.com,CL 73 10 83,"BOGOTA, D. C.","BOGOTA, D. C.",4.658116,-74.057845,604498.97,514942.93,18N
1. Aparatos electrodomésticos,1.5 Enseres menores de cocina,SI,2024-08-01,9306,"MOLINOS, CAFETERAS Y APARATOS PARA ABRIR O PRECINTAR ENVASES O PAQUETES",211.0,Centro de Acopio,Aprovechamiento,REP - 29 - 9315,Eco Industria SAS,Parque Industrial San Jorge,BANCO DE BOGOTA,830142201-4,LUZ DARY LEGUIZAMON,test@mts.com.co,CL 6D 4 42,"BOGOTA, D. C.","BOGOTA, D. C.",4.592719,-74.075327,602569.2,507710.62,18N
1. Aparatos electrodomésticos,1.2 Enseres de audio y video,SI,2024-05-05,11745,APARATOS DE GRABACION DE VIDEO,3.0,Centro de Acopio,Aprovechamiento,REP - 29 - 9315,Eco Industria SAS,Parque Industrial San Jorge,Barrio La Esmeralda,860007386,ANA LUCIA GOMEZ,enlacesambientales@gmail.com,CL 45 # 54 - 91,"BOGOTA, D. C.","BOGOTA, D. C.",4.6479,-74.0915,600767.27,513808.64,18N
1. Aparatos electrodomésticos,1.6 Enseres menores del hogar,SI,2024-02-19,9581,"RELOJES Y APARATOS DESTINADOS A MEDIR, INDICAR O REGISTRAR EL TIEMPO",21.46,Gestionado por Reconecta,Aprovechamiento,REP - 29 - 9315,Eco Industria SAS,Parque Industrial San Jorge,BASE AEREA DE CATAM,800087297-6,LUZ STELLA CELIS,co.recepcionfacturase@la.spectrumbrands.com,CL 22F 103 09,"BOGOTA, D. C.","BOGOTA, D. C.",4.678374,-74.141568,595209.39,517170.6,18N
1. Aparatos electrodomésticos,1.4 Enseres menores de calentamiento,SI,2024-03-13,10054,PLANCHAS Y OTROS APARATOS UTILIZADOS PARA PLANCHAR Y PARA DAR OTRO TIPO DE CUIDADOR A LA ROPA,79.0,Gestionado por Reconecta,Aprovechamiento,REP-86-9030,Eco Industria SAS,Parque Industrial San Jorge,BATALLÓN DE ASPE CACIQUE TIQUESUZA,860518583-7,MARIA PAULA,ambiental@ccmetropolis.com.co,CL 106 7 25,"BOGOTA, D. C.","BOGOTA, D. C.",4.685419,-74.036334,606880.94,517964.58,18N
3. Maquinaria y Equipo Eléctrico,3.2 Equipo industrial,SI,2024-02-12,11005,"HERRAMIENTAS PARA MOLDEAR, TORNEAR, PULIR, PUNZAR, PLEGAR, CORTAR Y SOLDAR",32.0,Gestionado por Reconecta,Aprovechamiento,REP - 29 - 9315,Eco Industria SAS,Parque Industrial San Jorge,BATALLÓN DE POLICÍA MILITAR No. 13,830142201-4,LUZ DARY LEGUIZAMON,test@mts.com.co,AK 50 18 06 S,"BOGOTA, D. C.","BOGOTA, D. C.",4.604615,-74.119977,597614.39,509019.48,18N
2. Electrónica y Equipos de Telecomunicación,2.4 Computadores y equipos para tratamiento de datos,SI,2024-10-11,10190,DISCO DURO,130.38,Centro de Acopio,Aprovechamiento,REP-86-9030,Eco Industria SAS,Parque Industrial San Jorge,BATALLON GUARDIA PRESIDENCIAL BIGUP,830143447-3,Ana Maria Suarez,test@portal80.com.co,KR 8 6 25,"BOGOTA, D. C.","BOGOTA, D. C.",4.591908,-74.080265,602021.52,507620.26,18N
1. Aparatos electrodomésticos,1.2 Enseres de audio y video,SI,2024-08-31,11792,"OTROS PRODUCTOS O APARATOS DE TRANSMISION DE SONIDO, IMAGENES U OTRA INFORMACION POR TELECOMUNICACION",25.09,Gestionado por Reconecta,Aprovechamiento,REP - 14 - 9308,Eco Industria SAS,Parque Industrial San Jorge,BATALLÓN SANIDAD # 13,800149695-1,JENNY PRIETO,gestionambiental@cruzverde.com.co,AK 50 18 06 S,"BOGOTA, D. C.","BOGOTA, D. C.",4.604615,-74.119977,597614.39,509019.48,18N
3. Maquinaria y Equipo Eléctrico,3.2 Equipo industrial,SI,2024-08-15,9428,"HERRAMIENTAS PARA MOLDEAR, TORNEAR, PULIR, PUNZAR, PLEGAR, CORTAR Y SOLDAR",32.0,Gestionado por Reconecta,Aprovechamiento,REP - 30 - 9339,Eco Industria SAS,Parque Industrial San Jorge,BAYER S.A.,800087297-6,LUZ STELLA CELIS,co.recepcionfacturase@la.spectrumbrands.com,KR 60 10 76,"BOGOTA, D. C.","BOGOTA, D. C.",4.629413,-74.114468,598222.1,511761.67,18N
2. Electrónica y Equipos de Telecomunicación,"2.10 Periféricos, partes y tarjetas para computadores e impresoras",SI,2024-07-15,10450,Tonner De Impresora / Aprovechamiento,15.0,Gestionado por Reconecta,Aprovechamiento,REP - 29 - 9315,Eco Industria SAS,Parque Industrial San Jorge,BCN MEDICAL,900836968-7,LEONARDO BENAVIDES,test@signify.com,KR 65B 10 77,"BOGOTA, D. C.","BOGOTA, D. C.",4.63235,-74.118954,597724.07,512085.73,18N
2. Electrónica y Equipos de Telecomunicación,"2.10 Periféricos, partes y tarjetas para computadores e impresoras",SI,2024-11-17,11655,TONNER EN DESUSO,7.0,Gestionado por Reconecta,Aprovechamiento,REP - 30 - 9339,Eco Industria SAS,Parque Industrial San Jorge,BEST WESTERN PLUS 93 PARK HOTEL - STANZIA 93 SAS,800149695-1,JENNY PRIETO,gestionambiental@cruzverde.com.co,CL 93 13 71,"BOGOTA, D. C.","BOGOTA, D. C.",4.675938,-74.050648,605294.64,516914.27,18N
1. Aparatos electrodomésticos,1.1 Cocinas y hornos,SI,2024-03-27,11145,HORNOS DE MICROONDAS,9.0,Centro de Acopio,Aprovechamiento,REP - 15 - 9316,Eco Industria SAS,Parque Industrial San Jorge,BIBLIOTECA CENTRAL - UNIVERSIDAD NACIONAL,860007386,ANA LUCIA GOMEZ,enlacesambientales@gmail.com,AK 30 45 03,"BOGOTA, D. C.","BOGOTA, D. C.",4.634762,-74.079759,602071.53,512357.9,18N
2. Electrónica y Equipos de Telecomunicación,"2.10 Periféricos, partes y tarjetas para computadores e impresoras",SI,2024-06-03,11705,TONER DE IMPRESORA Y CARTUCHOS USADOS,10.0,Centro de Acopio,Aprovechamiento,REP - 29 - 9315,Eco Industria SAS,Parque Industrial San Jorge,BIBLIOTECA PÚBLICA ARBORIZADORA ALTA,860007386,ANA LUCIA GOMEZ,enlacesambientales@gmail.com,CL 75 S 34 05,"BOGOTA, D. C.","BOGOTA, D. C.",4.564345,-74.16668,592438.77,504561.46,18N
2. Electrónica y Equipos de Telecomunicación,2.4 Computadores y equipos para tratamiento de datos,SI,2024-02-06,11853,MONITORES,29.21,Gestionado por Reconecta,Aprovechamiento,REP - 30 - 9339,Eco Industria SAS,Parque Industrial San Jorge,BIBLIOTECA PÚBLICA BOSA,900836968-7,LEONARDO BENAVIDES,test@signify.com,KR 94 69A 08,"BOGOTA, D. C.","BOGOTA, D. C.",4.69606,-74.114456,598214.17,519129.53,18N
3. Maquinaria y Equipo Eléctrico,3.9 Otros aparatos y sistemas,SI,2024-10-19,10157,MAQUINA EXPENDEDORA AUTOMATICAS DE DINERO,166.0,Gestionado por Reconecta,Aprovechamiento,REP - 14 - 9308,Eco Industria SAS,Parque Industrial San Jorge,BIBLIOTECA PÚBLICA DEL DEPORTE CAMPIN,860518583-7,MARIA PAULA,ambiental@ccmetropolis.com.co,KR 30 CL 57 LC 9,"BOGOTA, D. C.","BOGOTA, D. C.",4.64576,-74.0783,602231.79,513573.96,18N
1. Aparatos electrodomésticos,1.1 Cocinas y hornos,SI,2024-06-03,11608,HORNOS ELECTRICOS,630.0,Centro de Acopio,Aprovechamiento,REP - 14 - 9308,Eco Industria SAS,Parque Industrial San Jorge,BIBLIOTECA PÚBLICA DE SUBA,830142201-4,LUZ DARY LEGUIZAMON,test@mts.com.co,KR 92 146C 24,"BOGOTA, D. C.","BOGOTA, D. C.",4.741229,-74.084899,601486.0,524127.25,18N
2. Electrónica y Equipos de Telecomunicación,2.4 Computadores y equipos para tratamiento de datos,SI,2024-07-26,10851,EQUIPOS DE COMPUTO DE MESA,92.78,Gestionado por Reconecta,Aprovechamiento,REP - 30 - 9339,Eco Industria SAS,Parque Industrial San Jorge,BIBLIOTECA PÚBLICA EL PARQUE,860007386,ANA LUCIA GOMEZ,enlacesambientales@gmail.com,AC 8 S 36 21,"BOGOTA, D. C.","BOGOTA, D. C.",4.602537,-74.111697,598533.18,508790.9,18N
1. Aparatos electrodomésticos,1.6 Enseres menores del hogar,SI,2024-11-18,10650,MAQUINAS DE COSER,101.5,Centro de Acopio,Aprovechamiento,REP - 29 - 9315,Eco Industria SAS,Parque Industrial San Jorge,BIBLIOTECA PÚBLICA EL TINTAL MANUEL ZAPATA OLIVELLA,860518583-7,MARIA PAULA,ambiental@ccmetropolis.com.co,AK 86 6C 09,"BOGOTA, D. C.","BOGOTA, D. C.",4.642992,-74.153955,593840.13,513257.47,18N
2. Electrónica y Equipos de Telecomunicación,"2.10 Periféricos, partes y tarjetas para computadores e impresoras",SI,2024-04-03,11291,TONER DE IMPRESORA SUELTOS,2.0,Gestionado por Reconecta,Aprovechamiento,REP - 29 - 9315,Eco Industria SAS,Parque Industrial San Jorge,BIBLIOTECA PÚBLICA GABRIEL GARCIA MARQUEZ TUNAL,860518583-7,MARIA PAULA,ambiental@ccmetropolis.com.co,CL 48C S 21 13,"BOGOTA, D. C.","BOGOTA, D. C.",4.572493,-74.129478,596564.75,505467.11,18N
3. Maquinaria y Equipo Eléctrico,3.4 Equipos de iluminación,SI,2024-06-04,11217,BOMBILLOS COMPACTOS - SIGNIFY,1.08,Centro de Acopio,Aprovechamiento,REP - 29 - 9315,Eco Industria SAS,Parque Industrial San Jorge,BIBLIOTECA PUBLICA JULIO MARIO SANTO DOMINGO,800087297-6,LUZ STELLA CELIS,co.recepcionfacturase@la.spectrumbrands.com,AC 170 67 51,"BOGOTA, D. C.","BOGOTA, D. C.",4.757984,-74.062835,603930.63,525982.82,18N
1. Aparatos electrodomésticos,1.6 Enseres menores del hogar,SI,2024-08-01,9645,ASPIRADORAS,471.83,Centro de Acopio,Aprovechamiento,REP - 15 - 9316,Eco Industria SAS,Parque Industrial San Jorge,BIBLIOTECA PÚBLICA LA GIRALDA,860007386,ANA LUCIA GOMEZ,enlacesambientales@gmail.com,KR 104B 22J 15,"BOGOTA, D. C.","BOGOTA, D. C.",4.681583,-74.141782,595185.22,517525.32,18N
1. Aparatos electrodomésticos,1.5 Enseres menores de cocina,SI,2024-03-14,11980,"MOLINOS, CAFETERAS Y APARATOS PARA ABRIR O PRECINTAR ENVASES O PAQUETES",356.4,Centro de Acopio,Aprovechamiento,REP - 30 - 9339,Eco Industria SAS,Parque Industrial San Jorge,BIBLIOTECA PÚBLICA LA PEÑA,800087297-6,LUZ STELLA CELIS,co.recepcionfacturase@la.spectrumbrands.com,KR 7 E 5 57,"BOGOTA, D. C.","BOGOTA, D. C.",4.587695,-74.066793,603516.64,507156.44,18N
1. Aparatos electrodomésticos,1.5 Enseres menores de cocina,SI,2024-11-13,9928,OTROS GRANDES APARATOS UTILIZADOS PARA COCINAR Y EN OTROS PROCESOS DE TRANSFORMACION DE LOS ALIMENTOS,67.8,Gestionado por Reconecta,Aprovechamiento,REP - 15 - 9316,Eco Industria SAS,Parque Industrial San Jorge,BIBLIOTECA PÚBLICA LAS FERIAS,860518583-7,MARIA PAULA,ambiental@ccmetropolis.com.co,KR 69J 73 02,"BOGOTA, D. C.","BOGOTA, D. C.",4.683511,-74.089418,600993.12,517745.78,18N
2. Electrónica y Equipos de Telecomunicación,2.4 Computadores y equipos para tratamiento de datos,SI,2024-11-25,11408,ORDENADORES PERSONALES O PORTATILES,34.5,Gestionado por Reconecta,Aprovechamiento,REP - 15 - 9316,Eco Industria SAS,Parque Industrial San Jorge,BIBLIOTECA PÚBLICA LA VICTORIA,860518583-7,MARIA PAULA,ambiental@ccmetropolis.com.co,CL 37BISB S 2 81 E,"BOGOTA, D. C.","BOGOTA, D. C.",4.554172,-74.094528,600444.52,503446.5,18N
1. Aparatos electrodomésticos,1.4 Enseres menores de calentamiento,SI,2024-06-04,10515,FREIDORAS,1232.43,Centro de Acopio,Aprovechamiento,REP - 14 - 9308,Eco Industria SAS,Parque Industrial San Jorge,BIBLIOTECA PÚBLICA PERDOMO,800087297-6,LUZ STELLA CELIS,co.recepcionfacturase@la.spectrumbrands.com,DG 62G S 72B 51,"BOGOTA, D. C.","BOGOTA, D. C.",4.588015,-74.168219,592265.01,507177.95,18N
3. Maquinaria y Equipo Eléctrico,3.11 Pilas y acumuladores,SI,2024-06-19,9761,PILAS,3.0,Centro de Acopio,Aprovechamiento,REP-86-9030,Eco Industria SAS,Parque Industrial San Jorge,BIBLIOTECA PÚBLICA PUENTE ARANDA,900836968-7,LEONARDO BENAVIDES,test@signify.com,CL 4 31D 30,"BOGOTA, D. C.","BOGOTA, D. C.",4.605894,-74.103423,599450.57,509163.16,18N
1. Aparatos electrodomésticos,1.4 Enseres menores de calentamiento,SI,2024-06-08,10191,FREIDORAS,4.0,Gestionado por Reconecta,Aprovechamiento,REP-86-9030,Eco Industria SAS,Parque Industrial San Jorge,BIBLIOTECA PÚBLICA RAFAEL URIBE URIBE,830143447-3,Ana Maria Suarez,test@portal80.com.co,KR 13B 31G 40 S,"BOGOTA, D. C.","BOGOTA, D. C.",4.575243,-74.111686,598538.15,505773.54,18N
1. Aparatos electrodomésticos,1.6 Enseres menores del hogar,SI,2024-06-29,10465,ASPIRADORAS,4.0,Gestionado por Reconecta,Aprovechamiento,REP - 30 - 9339,Eco Industria SAS,Parque Industrial San Jorge,BIBLIOTECA PÚBLICA RESTREPO,860007386,ANA LUCIA GOMEZ,enlacesambientales@gmail.com,TV 21A 19 59 S,"BOGOTA, D. C.","BOGOTA, D. C.",4.584533,-74.10332,599464.96,506801.7,18N
1. Aparatos electrodomésticos,1.6 Enseres menores del hogar,SI,2024-08-12,11322,ASPIRADORAS,305.0,Centro de Acopio,Aprovechamiento,REP - 15 - 9316,Eco Industria SAS,Parque Industrial San Jorge,BIBLIOTECA PÚBLICA TIMIZA,860518583-7,MARIA PAULA,ambiental@ccmetropolis.com.co,KR 74 42G 52 S,"BOGOTA, D. C.","BOGOTA, D. C.",4.609959,-74.158509,593339.31,509605.1,18N
2. Electrónica y Equipos de Telecomunicación,2.4 Computadores y equipos para tratamiento de datos,SI,2024-12-11,9842,EQUIPOS DE COMPUTO DE MESA,54.18,Centro de Acopio,Aprovechamiento,REP-86-9030,Eco Industria SAS,Parque Industrial San Jorge,BIBLIOTECA PÚBLICA USAQUÉN SERVITÁ,860010451-1,DANIELA PEÑA,ambiental@casalimpia.com.co,CL 165 7 52,"BOGOTA, D. C.","BOGOTA, D. C.",4.741485,-74.024162,608222.4,524164.74,18N
3. Maquinaria y Equipo Eléctrico,3.12 Refrigeración y equipos de acondicionamiento de aire industriales,SI,2024-06-15,11590,MÁQUINAS DISPENSADORAS DE BEBIDAS CALIENTES,14.2,Gestionado por Reconecta,Aprovechamiento,REP - 14 - 9308,Eco Industria SAS,Parque Industrial San Jorge,BIBLIOTECA PÚBLICA VENECIA,860010451-1,DANIELA PEÑA,ambiental@casalimpia.com.co,DG 47A S 53B 27,"BOGOTA, D. C.","BOGOTA, D. C.",4.592744,-74.140999,595283.98,507704.31,18N
2. Electrónica y Equipos de Telecomunicación,"2.10 Periféricos, partes y tarjetas para computadores e impresoras",SI,2024-04-27,11533,TONER DE IMPRESORA/APROVECHAMIENTO,63.84,Gestionado por Reconecta,Aprovechamiento,REP-86-9030,Eco Industria SAS,Parque Industrial San Jorge,BIBLIOTECA PUBLICA VIRGILIO BARCO,860518583-7,MARIA PAULA,ambiental@ccmetropolis.com.co,AK 60 57 60,"BOGOTA, D. C.","BOGOTA, D. C.",4.65717,-74.089305,601009.43,514833.77,18N
1. Aparatos electrodomésticos,1.6 Enseres menores del hogar,SI,2024-05-04,11959,"RELOJES Y APARATOS DESTINADOS A MEDIR, INDICAR O REGISTRAR EL TIEMPO",28.88,Gestionado por Reconecta,Aprovechamiento,REP - 29 - 9315,Eco Industria SAS,Parque Industrial San Jorge,BIBLIOTECA PÚBLICA VIRGILIO BARCO,860007386,ANA LUCIA GOMEZ,enlacesambientales@gmail.com,AK 60 57 60,"BOGOTA, D. C.","BOGOTA, D. C.",4.65717,-74.089305,601009.43,514833.77,18N
2. Electrónica y Equipos de Telecomunicación,2.4 Computadores y equipos para tratamiento de datos,SI,2024-03-29,10492,TABLETAS,1.2,Centro de Acopio,Aprovechamiento,REP - 14 - 9308,Eco Industria SAS,Parque Industrial San Jorge,BIBLIOTECA PÚBLICO ESCOLAR LA MARICHUELA,860518583-7,MARIA PAULA,ambiental@ccmetropolis.com.co,DG 76 B 1C 40 sur,"BOGOTA, D. C.","BOGOTA, D. C.",4.51217,-74.11766,597883.92,498800.0,18N
2. Electrónica y Equipos de Telecomunicación,2.4 Computadores y equipos para tratamiento de datos,SI,2024-10-28,9636,DM - IMPRESORAS Y SCANNER,30.3,Centro de Acopio,Aprovechamiento,REP - 14 - 9308,Eco Industria SAS,Parque Industrial San Jorge,BIMA,860007386,ANA LUCIA GOMEZ,enlacesambientales@gmail.com,AK 45 232 35,"BOGOTA, D. C.","BOGOTA, D. C.",4.806448,-74.038073,606669.46,531344.45,18N
3. Maquinaria y Equipo Eléctrico,3.4 Equipos de iluminación,SI,2024-07-30,10814,BOMBILLOS COMPACTOS - SIGNIFY,0.2,Centro de Acopio,Aprovechamiento,REP-86-9030,Eco Industria SAS,Parque Industrial San Jorge,Blanca Nelly Rivera Ramírez,800087297-6,LUZ STELLA CELIS,co.recepcionfacturase@la.spectrumbrands.com,CL 56F Sur 106 22,"BOGOTA, D. C.","BOGOTA, D. C.",4.6432813856,-74.19605543,589170.16,513284.02,18N
2. Electrónica y Equipos de Telecomunicación,2.8 Equipos de telecomunicaciones,SI,2024-05-05,9888,TELÉFONOS CONVENCIONALES,9.82,Centro de Acopio,Aprovechamiento,REP - 29 - 9315,Eco Industria SAS,Parque Industrial San Jorge,BOEHRINGER,830142201-4,LUZ DARY LEGUIZAMON,test@mts.com.co,KR 11 84 09,"BOGOTA, D. C.","BOGOTA, D. C.",4.66743,-74.05197,605149.27,515973.49,18N
3. Maquinaria y Equipo Eléctrico,3.4 Equipos de iluminación,SI,2024-03-29,10542,APARATOS DE ALUMBRADO,20.0,Gestionado por Reconecta,Aprovechamiento,REP-86-9030,Eco Industria SAS,Parque Industrial San Jorge,BUFFALO WINGS,800087297-6,LUZ STELLA CELIS,co.recepcionfacturase@la.spectrumbrands.com,CL 93A 11 30,"BOGOTA, D. C.","BOGOTA, D. C.",4.675882,-74.047345,605661.02,516908.57,18N
2. Electrónica y Equipos de Telecomunicación,2.4 Computadores y equipos para tratamiento de datos,SI,2024-03-24,11676,COMPUTADORES TODO EN UNO,6.4,Centro de Acopio,Aprovechamiento,REP - 14 - 9308,Eco Industria SAS,Parque Industrial San Jorge,BUSSINES CENTER 93,860007386,ANA LUCIA GOMEZ,enlacesambientales@gmail.com,KR 14 93A 36,"BOGOTA, D. C.","BOGOTA, D. C.",4.677785,-74.050399,605321.98,517118.49,18N
2. Electrónica y Equipos de Telecomunicación,2.8 Equipos de telecomunicaciones,SI,2024-03-03,11170,TERMINALES DE TELEX,16.0,Gestionado por Reconecta,Aprovechamiento,REP - 29 - 9315,Eco Industria SAS,Parque Industrial San Jorge,CAFAM,800149695-1,JENNY PRIETO,gestionambiental@cruzverde.com.co,AK 68 90 88,"BOGOTA, D. C.","BOGOTA, D. C.",4.686822,-74.075043,602587.12,518113.9,18N
2. Electrónica y Equipos de Telecomunicación,"2.10 Periféricos, partes y tarjetas para computadores e impresoras",SI,2024-01-22,11937,REPUESTOS O PARTES DE PC/PORTATILES,5.0,Gestionado por Reconecta,Aprovechamiento,REP - 29 - 9315,Eco Industria SAS,Parque Industrial San Jorge,CAJA COLOMBIANA DE SUBSIDIO FAMILIAR COLSUBSIDIO,830143447-3,Ana Maria Suarez,test@portal80.com.co,KR 7 45 10,"BOGOTA, D. C.","BOGOTA, D. C.",4.631609,-74.064031,603816.67,512011.62,18N
1. Aparatos electrodomésticos,1.1 Cocinas y hornos,SI,2024-11-08,11191,HORNOS ELECTRICOS,630.0,Centro de Acopio,Aprovechamiento,REP-86-9030,Eco Industria SAS,Parque Industrial San Jorge,CAJA COLOMBIANA DE SUBSIDIO FAMILIAR COLSUBSIDIO,860010451-1,DANIELA PEÑA,ambiental@casalimpia.com.co,KR 47 123A 33,"BOGOTA, D. C.","BOGOTA, D. C.",4.704786,-74.05661,604629.03,520102.59,18N
3. Maquinaria y Equipo Eléctrico,3.11 Pilas y acumuladores,SI,2024-07-01,9762,PILAS,0.9,Centro de Acopio,Aprovechamiento,REP - 14 - 9308,Eco Industria SAS,Parque Industrial San Jorge,CAJA COLOMBIANA DE SUBSIDIO FAMILIAR COLSUBSIDIO,860010451-1,DANIELA PEÑA,ambiental@casalimpia.com.co,AC 26 69 63,"BOGOTA, D. C.","BOGOTA, D. C.",4.658241,-74.107223,599021.75,514949.63,18N
1. Aparatos electrodomésticos,1.5 Enseres menores de cocina,SI,2024-10-06,9287,"MOLINOS, CAFETERAS Y APARATOS PARA ABRIR O PRECINTAR ENVASES O PAQUETES",468.0,Centro de Acopio,Aprovechamiento,REP - 15 - 9316,Eco Industria SAS,Parque Industrial San Jorge,CAJA COLOMBIANA DE SUBSIDIO FAMILIAR COLSUBSIDIO,800149695-1,JENNY PRIETO,gestionambiental@cruzverde.com.co,KR 106 15A 25,"BOGOTA, D. C.","BOGOTA, D. C.",4.671194,-74.155867,593624.32,516374.93,18N
2. Electrónica y Equipos de Telecomunicación,2.5 Electrónica de consumo,SI,2024-12-19,11351,AMPLIFICADOR DE SONIDO,3.2,Centro de Acopio,Aprovechamiento,REP - 29 - 9315,Eco Industria SAS,Parque Industrial San Jorge,CAJA COLOMBIANA DE SUBSIDIO FAMILIAR COLSUBSIDIO,830143447-3,Ana Maria Suarez,test@portal80.com.co,KR 74 24A 02,"BOGOTA, D. C.","BOGOTA, D. C.",4.665237,-74.118225,597800.4,515721.5,18N
1. Aparatos electrodomésticos,1.4 Enseres menores de calentamiento,SI,2024-02-27,9991,APARATOS ELECTRODOMESTICOS,363.27,Gestionado por Reconecta,Aprovechamiento,REP - 30 - 9339,Eco Industria SAS,Parque Industrial San Jorge,CAJA COLOMBIANA DE SUBSIDIO FAMILIAR COLSUBSIDIO,860007386,ANA LUCIA GOMEZ,enlacesambientales@gmail.com,CL 31C S 23C 07,"BOGOTA, D. C.","BOGOTA, D. C.",4.582041,-74.114594,598214.62,506524.66,18N
3. Maquinaria y Equipo Eléctrico,3.11 Pilas y acumuladores,SI,2024-10-11,11894,PILAS,0.79,Centro de Acopio,Aprovechamiento,REP - 15 - 9316,Eco Industria SAS,Parque Industrial San Jorge,CAJA COLOMBIANA DE SUBSIDIO FAMILIAR COLSUBSIDIO,860518583-7,MARIA PAULA,ambiental@ccmetropolis.com.co,CL 27 S 5 72,"BOGOTA, D. C.","BOGOTA, D. C.",4.568952,-74.0943,600467.76,505080.47,18N
3. Maquinaria y Equipo Eléctrico,3.2 Equipo industrial,SI,2024-09-07,9995,"HERRAMIENTAS PARA MOLDEAR, TORNEAR, PULIR, PUNZAR, PLEGAR, CORTAR Y SOLDAR",32.0,Gestionado por Reconecta,Aprovechamiento,REP - 30 - 9339,Eco Industria SAS,Parque Industrial San Jorge,CAJA COLOMBIANA DE SUBSIDIO FAMILIAR COLSUBSIDIO,860518583-7,MARIA PAULA,ambiental@ccmetropolis.com.co,CL 90 11A 40,"BOGOTA, D. C.","BOGOTA, D. C.",4.672823,-74.049853,605383.29,516570.01,18N
1. Aparatos electrodomésticos,1.4 Enseres menores de calentamiento,SI,2024-07-25,10790,PLANCHAS Y OTROS APARATOS UTILIZADOS PARA PLANCHAR Y PARA DAR OTRO TIPO DE CUIDADOR A LA ROPA,38.0,Centro de Acopio,Aprovechamiento,REP - 30 - 9339,Eco Industria SAS,Parque Industrial San Jorge,CAJA COLOMBIANA DE SUBSIDIO FAMILIAR COLSUBSIDIO,860007386,ANA LUCIA GOMEZ,enlacesambientales@gmail.com,CL 4 S 68A 03,"BOGOTA, D. C.","BOGOTA, D. C.",4.618902,-74.126952,596838.71,510597.96,18N
1. Aparatos electrodomésticos,1.1 Cocinas y hornos,SI,2024-02-07,11828,HORNOS DE MICROONDAS,20.37,Gestionado por Reconecta,Aprovechamiento,REP - 29 - 9315,Eco Industria SAS,Parque Industrial San Jorge,CAJA COLOMBIANA DE SUBSIDIO FAMILIAR COLSUBSIDIO,830143447-3,Ana Maria Suarez,test@portal80.com.co,AK 45 245 15,"BOGOTA, D. C.","BOGOTA, D. C.",4.822081,-74.038718,606595.5,533072.63,18N
3. Maquinaria y Equipo Eléctrico,3.4 Equipos de iluminación,SI,2024-02-19,11230,BOMBILLOS COMPACTOS - SIGNIFY,0.2,Centro de Acopio,Aprovechamiento,REP - 30 - 9339,Eco Industria SAS,Parque Industrial San Jorge,CAJA COLOMBIANA DE SUBSIDIO FAMILIAR COLSUBSIDIO,900836968-7,LEONARDO BENAVIDES,test@signify.com,CL 12B 71D 31,"BOGOTA, D. C.","BOGOTA, D. C.",4.644691,-74.129102,596596.71,513448.64,18N
1. Aparatos electrodomésticos,1.2 Enseres de audio y video,SI,2024-04-27,9460,APARATOS DE GRABACION DE VIDEO,3.0,Centro de Acopio,Aprovechamiento,REP-86-9030,Eco Industria SAS,Parque Industrial San Jorge,CAJA COLOMBIANA DE SUBSIDIO FAMILIAR COLSUBSIDIO,860518583-7,MARIA PAULA,ambiental@ccmetropolis.com.co,CL 53 S 86C 06,"BOGOTA, D. C.","BOGOTA, D. C.",4.625291,-74.179729,590983.44,511297.29,18N
2. Electrónica y Equipos de Telecomunicación,2.8 Equipos de telecomunicaciones,SI,2024-09-14,11917,ROUTER,4.0,Gestionado por Reconecta,Aprovechamiento,REP-86-9030,Eco Industria SAS,Parque Industrial San Jorge,CAJA COLOMBIANA DE SUBSIDIO FAMILIAR COLSUBSIDIO,830142201-4,LUZ DARY LEGUIZAMON,test@mts.com.co,CL 85 11 54,"BOGOTA, D. C.","BOGOTA, D. C.",4.668241,-74.051968,605149.37,516063.15,18N
1. Aparatos electrodomésticos,1.8 Equipos de acondicionamiento de aire,SI,2024-11-03,10737,APARATOS DE AIRE ACONDICIONADO,21.0,Centro de Acopio,Aprovechamiento,REP - 29 - 9315,Eco Industria SAS,Parque Industrial San Jorge,CAJA COLOMBIANA DE SUBSIDIO FAMILIAR COLSUBSIDIO,830143447-3,Ana Maria Suarez,test@portal80.com.co,CL 24 26 44,"BOGOTA, D. C.","BOGOTA, D. C.",4.621324,-74.080188,602025.87,510872.25,18N
2. Electrónica y Equipos de Telecomunicación,2.8 Equipos de telecomunicaciones,SI,2024-05-20,10051,TERMINALES DE FAX,4.42,Centro de Acopio,Aprovechamiento,REP - 30 - 9339,Eco Industria SAS,Parque Industrial San Jorge,CAJA COLOMBIANA DE SUBSIDIO FAMILIAR COLSUBSIDIO,830142201-4,LUZ DARY LEGUIZAMON,test@mts.com.co,AV 68 16 A 07,"BOGOTA, D. C.","BOGOTA, D. C.",4.63975,-74.11615,598034.09,512904.19,18N
3. Maquinaria y Equipo Eléctrico,3.11 Pilas y acumuladores,SI,2024-02-11,9836,PILAS,1.0,Centro de Acopio,Aprovechamiento,REP - 30 - 9339,Eco Industria SAS,Parque Industrial San Jorge,CAJA COLOMBIANA DE SUBSIDIO FAMILIAR COLSUBSIDIO,830142201-4,LUZ DARY LEGUIZAMON,test@mts.com.co,CL 19A 114 14,"BOGOTA, D. C.","BOGOTA, D. C.",4.68408,-74.151383,594119.96,517800.07,18N
2. Electrónica y Equipos de Telecomunicación,"2.10 Periféricos, partes y tarjetas para computadores e impresoras",SI,2024-12-14,10651,TONER DE IMPRESORA/APROVECHAMIENTO,10.0,Centro de Acopio,Aprovechamiento,REP - 30 - 9339,Eco Industria SAS,Parque Industrial San Jorge,CAJA COLOMBIANA DE SUBSIDIO FAMILIAR COLSUBSIDIO,900836968-7,LEONARDO BENAVIDES,test@signify.com,CL 26 S 93D 01,"BOGOTA, D. C.","BOGOTA, D. C.",4.649938,-74.169605,592103.27,514023.29,18N
1. Aparatos electrodomésticos,1.6 Enseres menores del hogar,SI,2024-06-11,9472,VENTILADORES ELECTRICOS,20.0,Gestionado por Reconecta,Aprovechamiento,REP-86-9030,Eco Industria SAS,Parque Industrial San Jorge,CAJA COLOMBIANA DE SUBSIDIO FAMILIAR COLSUBSIDIO,830142201-4,LUZ DARY LEGUIZAMON,test@mts.com.co,CL 54F S 93C 45,"BOGOTA, D. C.","BOGOTA, D. C.",4.635099,-74.188804,589975.55,512380.39,18N
1. Aparatos electrodomésticos,1.6 Enseres menores del hogar,SI,2024-07-15,11478,MAQUINAS DE COSER,101.5,Centro de Acopio,Aprovechamiento,REP - 14 - 9308,Eco Industria SAS,Parque Industrial San Jorge,CAJA COLOMBIANA DE SUBSIDIO FAMILIAR COLSUBSIDIO,830143447-3,Ana Maria Suarez,test@portal80.com.co,KR 79 42C 00 S,"BOGOTA, D. C.","BOGOTA, D. C.",4.619007,-74.162788,592863.47,510604.79,18N
1. Aparatos electrodomésticos,1.5 Enseres menores de cocina,SI,2024-12-13,11048,"MOLINOS, CAFETERAS Y APARATOS PARA ABRIR O PRECINTAR ENVASES O PAQUETES",957.78,Gestionado por Reconecta,Aprovechamiento,REP - 14 - 9308,Eco Industria SAS,Parque Industrial San Jorge,CAJA COLOMBIANA DE SUBSIDIO FAMILIAR COLSUBSIDIO,860010451-1,DANIELA PEÑA,ambiental@casalimpia.com.co,AC 80 111C 98,"BOGOTA, D. C.","BOGOTA, D. C.",4.719544,-74.119144,597690.91,521725.04,18N
2. Electrónica y Equipos de Telecomunicación,"2.10 Periféricos, partes y tarjetas para computadores e impresoras",SI,2024-09-07,10617,Tonner De Impresora / Aprovechamiento,14.87,Centro de Acopio,Aprovechamiento,REP-86-9030,Eco Industria SAS,Parque Industrial San Jorge,CAJA COLOMBIANA DE SUBSIDIO FAMILIAR COLSUBSIDIO,860518583-7,MARIA PAULA,ambiental@ccmetropolis.com.co,KR 136 131B 05,"BOGOTA, D. C.","BOGOTA, D. C.",4.741788,-74.116018,598034.5,524184.57,18N
1. Aparatos electrodomésticos,1.7 Enseres menores personales,SI,2024-11-26,9136,"APARATOS PARA CORTAR EL PELO, PARA SECAR EL PELO, PARA CEPILLARSE LOS DIENTES, MAQUINAS PARA AFEITAR, APARATOS DE MASAJE Y OTROS CUIDADOS CORPORALES",147.0,Gestionado por Reconecta,Aprovechamiento,REP - 14 - 9308,Eco Industria SAS,Parque Industrial San Jorge,CAJA COLOMBIANA DE SUBSIDIO FAMILIAR COLSUBSIDIO,830142201-4,LUZ DARY LEGUIZAMON,test@mts.com.co,CL 70 101 21,"BOGOTA, D. C.","BOGOTA, D. C.",4.701443,-74.119837,597616.58,519723.87,18N
1. Aparatos electrodomésticos,1.4 Enseres menores de calentamiento,SI,2024-09-09,9530,PLANCHAS Y OTROS APARATOS UTILIZADOS PARA PLANCHAR Y PARA DAR OTRO TIPO DE CUIDADOR A LA ROPA,38.0,Centro de Acopio,Aprovechamiento,REP - 15 - 9316,Eco Industria SAS,Parque Industrial San Jorge,CAJA COLOMBIANA DE SUBSIDIO FAMILIAR COLSUBSIDIO,860518583-7,MARIA PAULA,ambiental@ccmetropolis.com.co,CL 22 55 30,"BOGOTA, D. C.","BOGOTA, D. C.",4.637949,-74.103026,599490.14,512706.92,18N
3. Maquinaria y Equipo Eléctrico,3.11 Pilas y acumuladores,SI,2024-12-20,10206,BATERIAS DE LITIO,807.23,Centro de Acopio,Aprovechamiento,REP - 14 - 9308,Eco Industria SAS,Parque Industrial San Jorge,CAJA COLOMBIANA DE SUBSIDIO FAMILIAR COLSUBSIDIO,830142201-4,LUZ DARY LEGUIZAMON,test@mts.com.co,CL 77B 120A 51,"BOGOTA, D. C.","BOGOTA, D. C.",4.722663,-74.133049,596148.24,522067.91,18N
1. Aparatos electrodomésticos,1.2 Enseres de audio y video,SI,2024-04-14,9903,APARATOS DE GRABACION DE VIDEO,3.0,Gestionado por Reconecta,Aprovechamiento,REP - 14 - 9308,Eco Industria SAS,Parque Industrial San Jorge,CAJA COLOMBIANA DE SUBSIDIO FAMILIAR COLSUBSIDIO,900836968-7,LEONARDO BENAVIDES,test@signify.com,AC 116 71 21,"BOGOTA, D. C.","BOGOTA, D. C.",4.699176,-74.077353,602329.09,519479.32,18N
1. Aparatos electrodomésticos,1.5 Enseres menores de cocina,SI,2024-11-12,10205,"MOLINOS, CAFETERAS Y APARATOS PARA ABRIR O PRECINTAR ENVASES O PAQUETES",1350.0,Gestionado por Reconecta,Aprovechamiento,REP-86-9030,Eco Industria SAS,Parque Industrial San Jorge,CAJA COLOMBIANA DE SUBSIDIO FAMILIAR COLSUBSIDIO,860007386,ANA LUCIA GOMEZ,enlacesambientales@gmail.com,KR 73A 70 18,"BOGOTA, D. C.","BOGOTA, D. C.",4.6863,-74.098176,600021.29,518052.85,18N
2. Electrónica y Equipos de Telecomunicación,2.4 Computadores y equipos para tratamiento de datos,SI,2024-06-19,9386,TABLETAS,0.4,Gestionado por Reconecta,Aprovechamiento,REP - 15 - 9316,Eco Industria SAS,Parque Industrial San Jorge,CAJA COLOMBIANA DE SUBSIDIO FAMILIAR COLSUBSIDIO,860518583-7,MARIA PAULA,ambiental@ccmetropolis.com.co,CL 93 13 20,"BOGOTA, D. C.","BOGOTA, D. C.",4.675753,-74.050066,605359.22,516893.9,18N
1. Aparatos electrodomésticos,1.2 Enseres de audio y video,SI,2024-06-18,11839,TELEVISORES,20.5,Centro de Acopio,Aprovechamiento,REP - 30 - 9339,Eco Industria SAS,Parque Industrial San Jorge,CAJA COLOMBIANA DE SUBSIDIO FAMILIAR COLSUBSIDIO,830143447-3,Ana Maria Suarez,test@portal80.com.co,CL 67 10A 02,"BOGOTA, D. C.","BOGOTA, D. C.",4.652503,-74.060901,604160.81,514321.95,18N
3. Maquinaria y Equipo Eléctrico,3.4 Equipos de iluminación,SI,2024-03-14,10738,APARATOS DE ALUMBRADO,500.0,Centro de Acopio,Aprovechamiento,REP - 29 - 9315,Eco Industria SAS,Parque Industrial San Jorge,CAJA DE COMPENSACION FAMILIAR COMPENSAR,800087297-6,LUZ STELLA CELIS,co.recepcionfacturase@la.spectrumbrands.com,AV 68 49A 47,"BOGOTA, D. C.","BOGOTA, D. C.",4.65981,-74.09882,599953.61,515124.27,18N
3. Maquinaria y Equipo Eléctrico,3.9 Otros aparatos y sistemas,SI,2024-06-02,10992,MAQUINA EXPENDEDORA AUTOMATICAS DE DINERO,65.0,Gestionado por Reconecta,Aprovechamiento,REP - 30 - 9339,Eco Industria SAS,Parque Industrial San Jorge,CAJA DE COMPENSACION FAMILIAR COMPENSAR,860518583-7,MARIA PAULA,ambiental@ccmetropolis.com.co,CL 94 23 43,"BOGOTA, D. C.","BOGOTA, D. C.",4.681509,-74.057579,604525.01,517529.12,18N
2. Electrónica y Equipos de Telecomunicación,"2.10 Periféricos, partes y tarjetas para computadores e impresoras",SI,2024-10-03,11966,TONER DE IMPRESORA Y CARTUCHOS USADOS,10.0,Gestionado por Reconecta,Aprovechamiento,REP-86-9030,Eco Industria SAS,Parque Industrial San Jorge,CAJA DE RETIRO DE LAS FUERZAS MILITARES - CREMIL,830143447-3,Ana Maria Suarez,test@portal80.com.co,KR 10 27 05 S,"BOGOTA, D. C.","BOGOTA, D. C.",4.572135,-74.098282,600025.57,505431.8,18N
2. Electrónica y Equipos de Telecomunicación,"2.10 Periféricos, partes y tarjetas para computadores e impresoras",SI,2024-08-30,9435,"PERIFERICOS (MOUSE, TECLADO, AUDIFONOS, CAMARAS Y OTROS)",98.0,Centro de Acopio,Aprovechamiento,REP - 30 - 9339,Eco Industria SAS,Parque Industrial San Jorge,Caja de Retiro de las Fuerzas Militares  (CREMIL ) - Edificio Bachué,860518583-7,MARIA PAULA,ambiental@ccmetropolis.com.co,KR 10 # 27 - 27,"BOGOTA, D. C.","BOGOTA, D. C.",4.6142,-74.0703,603123.77,510086.11,18N
2. Electrónica y Equipos de Telecomunicación,"2.10 Periféricos, partes y tarjetas para computadores e impresoras",SI,2024-03-25,11055,TONER DE IMPRESORA/APROVECHAMIENTO,80.0,Centro de Acopio,Aprovechamiento,REP - 15 - 9316,Eco Industria SAS,Parque Industrial San Jorge,Caja de Retiro de las Fuerzas Militares  (CREMIL ) - Edificio Bochica,800149695-1,JENNY PRIETO,gestionambiental@cruzverde.com.co,KR 13 # 27 - 0,"BOGOTA, D. C.","BOGOTA, D. C.",4.6142,-74.0703,603123.77,510086.11,18N
1. Aparatos electrodomésticos,1.6 Enseres menores del hogar,SI,2024-10-31,10172,"HERRAMIENTAS PARA ROCIAR, ESPARCIR, PROPAGAR O APLICAR OTROS TRATAMIENTOS CON SUSTANCIAS LÍQUIDAS O GASEOSAS POR OTROS MEDIOS",988.0,Centro de Acopio,Aprovechamiento,REP - 29 - 9315,Eco Industria SAS,Parque Industrial San Jorge,Caja de Retiro de las Fuerzas Militares  (CREMIL ) - Edificio Torre Norte,800087297-6,LUZ STELLA CELIS,co.recepcionfacturase@la.spectrumbrands.com,KR 10 # 27 - 51,"BOGOTA, D. C.","BOGOTA, D. C.",4.6142,-74.0703,603123.77,510086.11,18N
2. Electrónica y Equipos de Telecomunicación,2.4 Computadores y equipos para tratamiento de datos,SI,2024-08-31,9385,CPU,146.12,Gestionado por Reconecta,Aprovechamiento,REP - 15 - 9316,Eco Industria SAS,Parque Industrial San Jorge,Camila Alarcon,860518583-7,MARIA PAULA,ambiental@ccmetropolis.com.co,KR 56B 65 63,"BOGOTA, D. C.","BOGOTA, D. C.",4.66404219,-74.0822815,601787.51,515594.51,18N
3. Maquinaria y Equipo Eléctrico,3.4 Equipos de iluminación,SI,2024-10-24,11703,BOMBILLOS COMPACTOS - SIGNIFY,0.31,Centro de Acopio,Aprovechamiento,REP - 15 - 9316,Eco Industria SAS,Parque Industrial San Jorge,CANTÓN NORTE ESCUELA DE INFANTERÍA,830142201-4,LUZ DARY LEGUIZAMON,test@mts.com.co,CL 102 7 11,"BOGOTA, D. C.","BOGOTA, D. C.",4.681554,-74.037586,606742.66,517537.1,18N
1. Aparatos electrodomésticos,1.2 Enseres de audio y video,SI,2024-02-02,11149,"OTROS PRODUCTOS O APARATOS UTILIZADOS PARA REGISTRAR O REPRODUCIR SONIDO O IMAGENES, INCLUIDAS LAS SEÑALES Y TECNOLOGIAS DE DISTRIBUCION DEL SONIDO E IMAGEN DE LA COMUNICACION",381.23,Gestionado por Reconecta,Aprovechamiento,REP - 30 - 9339,Eco Industria SAS,Parque Industrial San Jorge,Carcel Distrital,860010451-1,DANIELA PEÑA,ambiental@casalimpia.com.co,KR 8 1C 50 SUR,"BOGOTA, D. C.","BOGOTA, D. C.",4.58526,-74.08458,601543.78,506884.7,18N
2. Electrónica y Equipos de Telecomunicación,"2.10 Periféricos, partes y tarjetas para computadores e impresoras",SI,2024-05-11,10453,ups,25.8,Gestionado por Reconecta,Aprovechamiento,REP-86-9030,Eco Industria SAS,Parque Industrial San Jorge,C.A.R Corporación Autónoma Regional,830143447-3,Ana Maria Suarez,test@portal80.com.co,AC24 #60-50,"BOGOTA, D. C.","BOGOTA, D. C.",4.6462,-74.10322,599467.46,513619.05,18N
2. Electrónica y Equipos de Telecomunicación,2.3 Componentes electrónicos,SI,2024-05-11,10411,PANELES FOTOVOLTAICOS,140.64,Centro de Acopio,Aprovechamiento,REP - 30 - 9339,Eco Industria SAS,Parque Industrial San Jorge,CARULLA ALHAMBRA,800149695-1,JENNY PRIETO,gestionambiental@cruzverde.com.co,CL 114A 45 78,"BOGOTA, D. C.","BOGOTA, D. C.",4.698633,-74.057081,604577.7,519422.29,18N
2. Electrónica y Equipos de Telecomunicación,2.8 Equipos de telecomunicaciones,SI,2024-05-01,9964,TELEFONOS INALAMBRICOS,5.86,Gestionado por Reconecta,Aprovechamiento,REP - 15 - 9316,Eco Industria SAS,Parque Industrial San Jorge,CARULLA AUTOPISTA 116,830142201-4,LUZ DARY LEGUIZAMON,test@mts.com.co,AK 45 116 34,"BOGOTA, D. C.","BOGOTA, D. C.",4.699715,-74.054601,604852.62,519542.28,18N
2. Electrónica y Equipos de Telecomunicación,"2.10 Periféricos, partes y tarjetas para computadores e impresoras",SI,2024-01-11,11333,"PERIFERICOS (MOUSE, TECLADO, AUDIFONOS, CAMARAS Y OTROS)",5.0,Centro de Acopio,Aprovechamiento,REP - 14 - 9308,Eco Industria SAS,Parque Industrial San Jorge,CARULLA CALLE 102,860010451-1,DANIELA PEÑA,ambiental@casalimpia.com.co,AK 19 102 68,"BOGOTA, D. C.","BOGOTA, D. C.",4.688388,-74.051492,605199.16,518290.52,18N
1. Aparatos electrodomésticos,1.2 Enseres de audio y video,SI,2024-12-02,11285,TELEVISORES,20.0,Centro de Acopio,Aprovechamiento,REP - 15 - 9316,Eco Industria SAS,Parque Industrial San Jorge,CARULLA CALLE 140,800087297-6,LUZ STELLA CELIS,co.recepcionfacturase@la.spectrumbrands.com,KR 11 140 29,"BOGOTA, D. C.","BOGOTA, D. C.",4.719348,-74.03515,607007.1,521715.72,18N
2. Electrónica y Equipos de Telecomunicación,2.6 Equipos de electrónica de potencia,SI,2024-08-18,10401,BALASTOS,475.0,Gestionado por Reconecta,Aprovechamiento,REP - 15 - 9316,Eco Industria SAS,Parque Industrial San Jorge,CARULLA CALLE 63,860518583-7,MARIA PAULA,ambiental@ccmetropolis.com.co,CL 63 7 09,"BOGOTA, D. C.","BOGOTA, D. C.",4.64786,-74.060033,604257.78,513808.78,18N
2. Electrónica y Equipos de Telecomunicación,"2.10 Periféricos, partes y tarjetas para computadores e impresoras",SI,2024-08-04,9882,"PERIFERICOS (MOUSE, TECLADO, AUDIFONOS, CAMARAS Y OTROS)",77.25,Centro de Acopio,Aprovechamiento,REP - 15 - 9316,Eco Industria SAS,Parque Industrial San Jorge,CARULLA COUNTRY,830143447-3,Ana Maria Suarez,test@portal80.com.co,CL 85 15 00,"BOGOTA, D. C.","BOGOTA, D. C.",4.670255,-74.055283,604781.36,516285.31,18N
3. Maquinaria y Equipo Eléctrico,3.9 Otros aparatos y sistemas,SI,2024-01-28,9134,MAQUINA EXPENDEDORA AUTOMATICAS DE DINERO,65.0,Gestionado por Reconecta,Aprovechamiento,REP - 30 - 9339,Eco Industria SAS,Parque Industrial San Jorge,CARULLA EXPRESS PONTEVEDRA,860010451-1,DANIELA PEÑA,ambiental@casalimpia.com.co,AK 72 98 54,"BOGOTA, D. C.","BOGOTA, D. C.",4.698333,-74.081872,601827.98,519385.47,18N
2. Electrónica y Equipos de Telecomunicación,2.4 Computadores y equipos para tratamiento de datos,SI,2024-02-08,11460,CPU,167.25,Gestionado por Reconecta,Aprovechamiento,REP-86-9030,Eco Industria SAS,Parque Industrial San Jorge,CARULLA GRANADA HILLS,900836968-7,LEONARDO BENAVIDES,test@signify.com,AUTOPISTA NORTE 146 - 48,"BOGOTA, D. C.","BOGOTA, D. C.",4.72966,-74.0492,605447.17,522853.59,18N
3. Maquinaria y Equipo Eléctrico,3.4 Equipos de iluminación,SI,2024-04-09,9578,TUBOS FLUORESCENTES - SIGNIFY,1.8,Gestionado por Reconecta,Aprovechamiento,REP - 14 - 9308,Eco Industria SAS,Parque Industrial San Jorge,CARULLA PASEO REAL,860007386,ANA LUCIA GOMEZ,enlacesambientales@gmail.com,CL 121 6 46,"BOGOTA, D. C.","BOGOTA, D. C.",4.697385,-74.029707,607614.19,519288.47,18N
1. Aparatos electrodomésticos,1.1 Cocinas y hornos,SI,2024-08-22,11509,HORNOS ELECTRICOS,630.0,Centro de Acopio,Aprovechamiento,REP - 15 - 9316,Eco Industria SAS,Parque Industrial San Jorge,CARULLA PEPE SIERRA,800087297-6,LUZ STELLA CELIS,co.recepcionfacturase@la.spectrumbrands.com,AK 15 114A 33,"BOGOTA, D. C.","BOGOTA, D. C.",4.695972,-74.043375,606098.36,519130.17,18N
2. Electrónica y Equipos de Telecomunicación,"2.10 Periféricos, partes y tarjetas para computadores e impresoras",SI,2024-05-14,9319,TONER DE IMPRESORA Y CARTUCHOS USADOS,10.0,Centro de Acopio,Aprovechamiento,REP - 29 - 9315,Eco Industria SAS,Parque Industrial San Jorge,CARULLA QUINTA CAMACHO,860518583-7,MARIA PAULA,ambiental@ccmetropolis.com.co,KR 10A 70 37,"BOGOTA, D. C.","BOGOTA, D. C.",4.655032,-74.059397,604327.27,514601.76,18N
2. Electrónica y Equipos de Telecomunicación,2.8 Equipos de telecomunicaciones,SI,2024-10-07,10886,TERMINALES DE FAX,5.0,Centro de Acopio,Aprovechamiento,REP - 15 - 9316,Eco Industria SAS,Parque Industrial San Jorge,CARULLA RINCÓN COLINA,860518583-7,MARIA PAULA,ambiental@ccmetropolis.com.co,AK 72 152B 60,"BOGOTA, D. C.","BOGOTA, D. C.",4.740652,-74.065218,603668.92,524066.37,18N
1. Aparatos electrodomésticos,1.6 Enseres menores del hogar,SI,2024-10-07,10555,ASPIRADORAS,410.0,Centro de Acopio,Aprovechamiento,REP - 14 - 9308,Eco Industria SAS,Parque Industrial San Jorge,CARULLA SMART MARKET,800149695-1,JENNY PRIETO,gestionambiental@cruzverde.com.co,KR 11 91 16,"BOGOTA, D. C.","BOGOTA, D. C.",4.672872,-74.048254,605560.65,516575.67,18N
2. Electrónica y Equipos de Telecomunicación,"2.10 Periféricos, partes y tarjetas para computadores e impresoras",SI,2024-05-25,10950,Tonner De Impresora / Aprovechamiento,11.2,Gestionado por Reconecta,Aprovechamiento,REP - 15 - 9316,Eco Industria SAS,Parque Industrial San Jorge,CARULLA SOLEDAD,860518583-7,MARIA PAULA,ambiental@ccmetropolis.com.co,AV 24 41 33,"BOGOTA, D. C.","BOGOTA, D. C.",4.63185,-74.07534,602562.14,512036.61,18N
2. Electrónica y Equipos de Telecomunicación,2.7 Equipos de instrumentación y control,SI,2024-07-14,10983,OTROS INSTRUMENTOS DE VIGILANCIA Y CONTROL UTILIZADOS EN INSTALACIONES INDUSTRIALES,5.0,Centro de Acopio,Aprovechamiento,REP - 30 - 9339,Eco Industria SAS,Parque Industrial San Jorge,CARVAJAL,830143447-3,Ana Maria Suarez,test@portal80.com.co,AC 26 90 10,"BOGOTA, D. C.","BOGOTA, D. C.",4.680516,-74.120192,597580.11,517410.33,18N
2. Electrónica y Equipos de Telecomunicación,2.8 Equipos de telecomunicaciones,SI,2024-02-26,9362,ROUTER,4.0,Gestionado por Reconecta,Aprovechamiento,REP - 15 - 9316,Eco Industria SAS,Parque Industrial San Jorge,CASA DE LA CULTURA - ALCALDÍA LOCAL DE TUNJUELITO,860007386,ANA LUCIA GOMEZ,enlacesambientales@gmail.com,DG 52A S 27 11,"BOGOTA, D. C.","BOGOTA, D. C.",4.580448,-74.134804,595972.84,506345.82,18N
1. Aparatos electrodomésticos,1.6 Enseres menores del hogar,SI,2024-11-22,11996,VENTILADORES ELECTRICOS,15.02,Centro de Acopio,Aprovechamiento,REP - 14 - 9308,Eco Industria SAS,Parque Industrial San Jorge,CASA DE LA PARTICIPACIÓN - ALCALDÍA LOCAL DE BOSA,860007386,ANA LUCIA GOMEZ,enlacesambientales@gmail.com,KR 80K 61 28 S,"BOGOTA, D. C.","BOGOTA, D. C.",4.611133,-74.18544,590351.74,509731.41,18N
3. Maquinaria y Equipo Eléctrico,3.3 Equipos de control y proteción,SI,2024-06-04,9516,SWITCH,49.7,Gestionado por Reconecta,Aprovechamiento,REP - 29 - 9315,Eco Industria SAS,Parque Industrial San Jorge,CASA DE LA PARTICIPACIÓN - ALCALDÍA LOCAL DE TEUSAQUILLO,900836968-7,LEONARDO BENAVIDES,test@signify.com,CL 40 20 38,"BOGOTA, D. C.","BOGOTA, D. C.",4.630303,-74.07363,602752.05,511865.84,18N
2. Electrónica y Equipos de Telecomunicación,2.6 Equipos de electrónica de potencia,SI,2024-03-31,11576,BALASTOS,29.0,Centro de Acopio,Aprovechamiento,REP-86-9030,Eco Industria SAS,Parque Industrial San Jorge,CASALIMPIA S.A,900836968-7,LEONARDO BENAVIDES,test@signify.com,AC 26 100 Bis 70,"BOGOTA, D. C.","BOGOTA, D. C.",4.68897,-74.12939,596558.71,518343.65,18N
2. Electrónica y Equipos de Telecomunicación,2.8 Equipos de telecomunicaciones,SI,2024-07-26,10495,ROUTER,4.0,Gestionado por Reconecta,Aprovechamiento,REP - 14 - 9308,Eco Industria SAS,Parque Industrial San Jorge,CASA RINCON SEDE SALUD PUBLICA,800087297-6,LUZ STELLA CELIS,co.recepcionfacturase@la.spectrumbrands.com,CL 75 69H 05,"BOGOTA, D. C.","BOGOTA, D. C.",4.68528,-74.086503,601316.2,517941.77,18N
1. Aparatos electrodomésticos,1.2 Enseres de audio y video,SI,2024-01-19,9394,VIDEOCAMARAS,2.0,Centro de Acopio,Aprovechamiento,REP - 29 - 9315,Eco Industria SAS,Parque Industrial San Jorge,CEGAT CENTRO DE GESTION AERONAUTICA,800087297-6,LUZ STELLA CELIS,co.recepcionfacturase@la.spectrumbrands.com,CL 22F 112 09,"BOGOTA, D. C.","BOGOTA, D. C.",4.684672,-74.147548,594545.25,517866.03,18N
2. Electrónica y Equipos de Telecomunicación,"2.10 Periféricos, partes y tarjetas para computadores e impresoras",SI,2024-09-26,9760,Tonner De Impresora / Aprovechamiento,8.49,Gestionado por Reconecta,Aprovechamiento,REP - 29 - 9315,Eco Industria SAS,Parque Industrial San Jorge,CEMEX COLOMBIA,900836968-7,LEONARDO BENAVIDES,test@signify.com,CL 99 9A 54,"BOGOTA, D. C.","BOGOTA, D. C.",4.681245,-74.042585,606188.21,517502.18,18N
2. Electrónica y Equipos de Telecomunicación,2.7 Equipos de instrumentación y control,SI,2024-08-28,10955,OTROS INSTRUMENTOS DE VIGILANCIA Y CONTROL UTILIZADOS EN INSTALACIONES INDUSTRIALES,1.0,Centro de Acopio,Aprovechamiento,REP-86-9030,Eco Industria SAS,Parque Industrial San Jorge,CENCOSUD COLOMBIA,860007386,ANA LUCIA GOMEZ,enlacesambientales@gmail.com,CL 185 43 05,"BOGOTA, D. C.","BOGOTA, D. C.",4.76271,-74.04621,605773.77,526507.82,18N
1. Aparatos electrodomésticos,1.6 Enseres menores del hogar,SI,2024-07-22,9219,MAQUINAS DE COSER,119.2,Gestionado por Reconecta,Aprovechamiento,REP-86-9030,Eco Industria SAS,Parque Industrial San Jorge,CENCOSUD COLOMBIA,800087297-6,LUZ STELLA CELIS,co.recepcionfacturase@la.spectrumbrands.com,AK 58 127 59,"BOGOTA, D. C.","BOGOTA, D. C.",4.711715,-74.070666,603068.95,520866.52,18N
1. Aparatos electrodomésticos,1.4 Enseres menores de calentamiento,SI,2024-07-14,11108,APARATOS ELECTRODOMESTICOS,139.97,Centro de Acopio,Aprovechamiento,REP - 14 - 9308,Eco Industria SAS,Parque Industrial San Jorge,CENCOSUD COLOMBIA - METRO BANDERAS,860010451-1,DANIELA PEÑA,ambiental@casalimpia.com.co,CL 6A 78A 68,"BOGOTA, D. C.","BOGOTA, D. C.",4.632047,-74.146024,594721.33,512048.56,18N
1. Aparatos electrodomésticos,1.1 Cocinas y hornos,SI,2024-08-22,11046,HORNOS ELECTRICOS,109.89,Gestionado por Reconecta,Aprovechamiento,REP - 29 - 9315,Eco Industria SAS,Parque Industrial San Jorge,CENTRO ADMINISTRATIVO DISTRITAL - CAD,860007386,ANA LUCIA GOMEZ,enlacesambientales@gmail.com,AK 30 25 90,"BOGOTA, D. C.","BOGOTA, D. C.",4.625614,-74.081564,601872.62,511346.32,18N
1. Aparatos electrodomésticos,1.2 Enseres de audio y video,SI,2024-02-13,9005,VIDEOCAMARAS,57.91,Centro de Acopio,Aprovechamiento,REP - 30 - 9339,Eco Industria SAS,Parque Industrial San Jorge,CENTRO CLINICO VETERINARIO DINGO,830143447-3,Ana Maria Suarez,test@portal80.com.co,KR 18B 145 62,"BOGOTA, D. C.","BOGOTA, D. C.",4.727334,-74.045155,605896.17,522597.06,18N
2. Electrónica y Equipos de Telecomunicación,2.4 Computadores y equipos para tratamiento de datos,SI,2024-03-28,10538,ORDENADORES PERSONALES O PORTATILES,6.4,Centro de Acopio,Aprovechamiento,REP - 14 - 9308,Eco Industria SAS,Parque Industrial San Jorge,Centro Comercial Av Chile,800087297-6,LUZ STELLA CELIS,co.recepcionfacturase@la.spectrumbrands.com,CL 72 # 10 - 34,"BOGOTA, D. C.","BOGOTA, D. C.",4.656944,-74.0575,604537.41,514813.41,18N
2. Electrónica y Equipos de Telecomunicación,2.4 Computadores y equipos para tratamiento de datos,SI,2024-11-25,11799,COMPUTADORES TODO EN UNO,11.0,Gestionado por Reconecta,Aprovechamiento,REP-86-9030,Eco Industria SAS,Parque Industrial San Jorge,CENTRO COMERCIAL BABILONIA LTDA,830142201-4,LUZ DARY LEGUIZAMON,test@mts.com.co,CL 9 20 29,"BOGOTA, D. C.","BOGOTA, D. C.",4.604238,-74.08905,601045.22,508982.11,18N
2. Electrónica y Equipos de Telecomunicación,"2.10 Periféricos, partes y tarjetas para computadores e impresoras",SI,2024-05-08,9702,"OTROS PRODUCTOS Y APARATOS PARA LA RECOGIDA, ALMACENAMIENTO, PROCESAMIENTO, PRESENTACIÓN O COMUNICACIÓN DE LA INFORMACIÓN DE MANERA ELECTRÓNICA",2.0,Centro de Acopio,Aprovechamiento,REP - 29 - 9315,Eco Industria SAS,Parque Industrial San Jorge,CENTRO COMERCIAL BULEVAR,860010451-1,DANIELA PEÑA,ambiental@casalimpia.com.co,AK 58 127 59,"BOGOTA, D. C.","BOGOTA, D. C.",4.711715,-74.070666,603068.95,520866.52,18N
2. Electrónica y Equipos de Telecomunicación,2.4 Computadores y equipos para tratamiento de datos,SI,2024-07-05,11585,MONITORES,6.0,Centro de Acopio,Aprovechamiento,REP - 14 - 9308,Eco Industria SAS,Parque Industrial San Jorge,CENTRO COMERCIAL CEDRITOS 151 P.H,900836968-7,LEONARDO BENAVIDES,test@signify.com,CL 150 16 56,"BOGOTA, D. C.","BOGOTA, D. C.",4.731455,-74.041748,606273.43,523053.17,18N
1. Aparatos electrodomésticos,1.4 Enseres menores de calentamiento,SI,2024-11-14,11479,APARATOS ELECTRODOMESTICOS/HORNOS DE MICROONDAS,21.7,Centro de Acopio,Aprovechamiento,REP - 29 - 9315,Eco Industria SAS,Parque Industrial San Jorge,CENTRO COMERCIAL CEDRITOS PLAZA 140,860007386,ANA LUCIA GOMEZ,enlacesambientales@gmail.com,CL 140 12B 61,"BOGOTA, D. C.","BOGOTA, D. C.",4.720475,-74.039371,606538.75,521839.66,18N
1. Aparatos electrodomésticos,1.5 Enseres menores de cocina,SI,2024-04-04,9545,OTROS GRANDES APARATOS UTILIZADOS PARA COCINAR Y EN OTROS PROCESOS DE TRANSFORMACION DE LOS ALIMENTOS,811.43,Centro de Acopio,Aprovechamiento,REP - 29 - 9315,Eco Industria SAS,Parque Industrial San Jorge,CENTRO COMERCIAL CENTRO 93,830142201-4,LUZ DARY LEGUIZAMON,test@mts.com.co,CL 93 14 50,"BOGOTA, D. C.","BOGOTA, D. C.",4.676559,-74.051503,605199.71,516982.79,18N
2. Electrónica y Equipos de Telecomunicación,2.6 Equipos de electrónica de potencia,SI,2024-06-11,11588,UPS O FUENTES DE PODER,8.9,Gestionado por Reconecta,Aprovechamiento,REP - 14 - 9308,Eco Industria SAS,Parque Industrial San Jorge,CENTRO COMERCIAL CENTRO DE ALTA TECNOLOGÍA,860518583-7,MARIA PAULA,ambiental@ccmetropolis.com.co,KR 15 77 05,"BOGOTA, D. C.","BOGOTA, D. C.",4.664043,-74.058549,604420.0,515598.07,18N
2. Electrónica y Equipos de Telecomunicación,2.4 Computadores y equipos para tratamiento de datos,SI,2024-06-28,11499,MONITORES,6.0,Gestionado por Reconecta,Aprovechamiento,REP-86-9030,Eco Industria SAS,Parque Industrial San Jorge,CENTRO COMERCIAL CENTRO MAYOR,830142201-4,LUZ DARY LEGUIZAMON,test@mts.com.co,CL 38 A SUR 34 D 51,"BOGOTA, D. C.","BOGOTA, D. C.",4.59212,-74.12386,597185.33,507637.63,18N
2. Electrónica y Equipos de Telecomunicación,2.8 Equipos de telecomunicaciones,SI,2024-10-18,9891,"TELÉFONOS; PÚBLICOS, INALÁMBRICOS Y MÓVILES",0.8,Gestionado por Reconecta,Aprovechamiento,REP-86-9030,Eco Industria SAS,Parque Industrial San Jorge,CENTRO COMERCIAL CENTRO SUBA,830142201-4,LUZ DARY LEGUIZAMON,test@mts.com.co,CL 145 91 - 19,"BOGOTA, D. C.","BOGOTA, D. C.",4.73746,-74.08597,601367.76,523710.42,18N
1. Aparatos electrodomésticos,1.1 Cocinas y hornos,SI,2024-09-02,9303,HORNOS ELECTRICOS,23.0,Centro de Acopio,Aprovechamiento,REP - 29 - 9315,Eco Industria SAS,Parque Industrial San Jorge,Centro Comercial Ciprés Plaza,900836968-7,LEONARDO BENAVIDES,test@signify.com,KR 5 # 22 - 41,"BOGOTA, D. C.","BOGOTA, D. C.",4.636111,-74.100557,599764.27,512504.07,18N
2. Electrónica y Equipos de Telecomunicación,"2.10 Periféricos, partes y tarjetas para computadores e impresoras",SI,2024-06-08,11857,TONNER EN DESUSO,7.0,Centro de Acopio,Aprovechamiento,REP-86-9030,Eco Industria SAS,Parque Industrial San Jorge,CENTRO COMERCIAL CIUDAD TUNAL,900836968-7,LEONARDO BENAVIDES,test@signify.com,CL 47B SUR 24B 33,"BOGOTA, D. C.","BOGOTA, D. C.",4.57771,-74.12947,596564.94,506043.85,18N
1. Aparatos electrodomésticos,1.7 Enseres menores personales,SI,2024-05-02,9228,"APARATOS PARA CORTAR EL PELO, PARA SECAR EL PELO, PARA CEPILLARSE LOS DIENTES, MAQUINAS PARA AFEITAR, APARATOS DE MASAJE Y OTROS CUIDADOS CORPORALES",334.85,Gestionado por Reconecta,Aprovechamiento,REP - 14 - 9308,Eco Industria SAS,Parque Industrial San Jorge,Centro Comercial Dorado Plaza,900836968-7,LEONARDO BENAVIDES,test@signify.com,AC 26 # 85D - 55,"BOGOTA, D. C.","BOGOTA, D. C.",4.675833,-74.119444,597663.72,516892.72,18N
2. Electrónica y Equipos de Telecomunicación,2.4 Computadores y equipos para tratamiento de datos,SI,2024-09-19,11125,COMPUTADORES TODO EN UNO,1319.5,Gestionado por Reconecta,Aprovechamiento,REP - 30 - 9339,Eco Industria SAS,Parque Industrial San Jorge,Centro Comercial El Gran San Victorino,860007386,ANA LUCIA GOMEZ,enlacesambientales@gmail.com,KR 10 9 37,"BOGOTA, D. C.","BOGOTA, D. C.",4.59873,-74.07946,602109.85,508374.56,18N
2. Electrónica y Equipos de Telecomunicación,2.6 Equipos de electrónica de potencia,SI,2024-07-06,11311,UPS O FUENTES DE PODER,0.8,Centro de Acopio,Aprovechamiento,REP - 14 - 9308,Eco Industria SAS,Parque Industrial San Jorge,CENTRO COMERCIAL  EL TUNAL,800149695-1,JENNY PRIETO,gestionambiental@cruzverde.com.co,KR 24C # 48 - 94 Sur,"BOGOTA, D. C.","BOGOTA, D. C.",4.5807,-74.1252,597038.23,506374.97,18N
3. Maquinaria y Equipo Eléctrico,3.9 Otros aparatos y sistemas,SI,2024-10-17,10366,MAQUINA EXPENDEDORA AUTOMATICAS DE DINERO,37.0,Centro de Acopio,Aprovechamiento,REP-86-9030,Eco Industria SAS,Parque Industrial San Jorge,CENTRO COMERCIAL GALERÍAS,860518583-7,MARIA PAULA,ambiental@ccmetropolis.com.co,CL 53B 25 21,"BOGOTA, D. C.","BOGOTA, D. C.",4.64308,-74.07501,602597.13,513278.16,18N
1. Aparatos electrodomésticos,1.5 Enseres menores de cocina,SI,2024-03-20,9084,OTROS GRANDES APARATOS UTILIZADOS PARA COCINAR Y EN OTROS PROCESOS DE TRANSFORMACION DE LOS ALIMENTOS. APARATOS DE CALEFACCION ELECTRICOS,565.0,Centro de Acopio,Aprovechamiento,REP-86-9030,Eco Industria SAS,Parque Industrial San Jorge,CENTRO COMERCIAL GRAN PLAZA BOSA,830143447-3,Ana Maria Suarez,test@portal80.com.co,CL 65 S 78H 51,"BOGOTA, D. C.","BOGOTA, D. C.",4.60494,-74.183,590623.19,509047.1,18N
2. Electrónica y Equipos de Telecomunicación,"2.10 Periféricos, partes y tarjetas para computadores e impresoras",SI,2024-07-26,9794,TONER DE IMPRESORA SUELTO,65.69,Gestionado por Reconecta,Aprovechamiento,REP - 14 - 9308,Eco Industria SAS,Parque Industrial San Jorge,CENTRO COMERCIAL GRAN PLAZA EL ENSUEÑO,830142201-4,LUZ DARY LEGUIZAMON,test@mts.com.co,CL 59 C Sur 81 21,"BOGOTA, D. C.","BOGOTA, D. C.",4.58212,-74.15672,593541.39,506527.76,18N
1. Aparatos electrodomésticos,1.2 Enseres de audio y video,SI,2024-07-14,9259,TELEVISORES,97.0,Gestionado por Reconecta,Aprovechamiento,REP-86-9030,Eco Industria SAS,Parque Industrial San Jorge,CENTRO COMERCIAL INTERCENTRO,830143447-3,Ana Maria Suarez,test@portal80.com.co,KR 10 23 66,"BOGOTA, D. C.","BOGOTA, D. C.",4.61035,-74.07129,603014.5,509660.34,18N
1. Aparatos electrodomésticos,1.4 Enseres menores de calentamiento,SI,2024-09-23,9680,PLANCHAS Y OTROS APARATOS UTILIZADOS PARA PLANCHAR Y PARA DAR OTRO TIPO DE CUIDADOR A LA ROPA,6.0,Centro de Acopio,Aprovechamiento,REP - 30 - 9339,Eco Industria SAS,Parque Industrial San Jorge,CENTRO COMERCIAL ISERRA 100,860518583-7,MARIA PAULA,ambiental@ccmetropolis.com.co,TV 55 98A 66,"BOGOTA, D. C.","BOGOTA, D. C.",4.68805,-74.06428,603780.77,518251.25,18N
2. Electrónica y Equipos de Telecomunicación,"2.10 Periféricos, partes y tarjetas para computadores e impresoras",SI,2024-11-27,9712,ups,25.8,Centro de Acopio,Aprovechamiento,REP-86-9030,Eco Industria SAS,Parque Industrial San Jorge,Centro Comercial Mall Plaza,860010451-1,DANIELA PEÑA,ambiental@casalimpia.com.co,CL 19 28 80,"BOGOTA, D. C.","BOGOTA, D. C.",4.61718,-74.086589,601316.39,510413.21,18N
1. Aparatos electrodomésticos,1.4 Enseres menores de calentamiento,SI,2024-07-08,10152,APARATOS ELECTRODOMESTICOS,10.0,Centro de Acopio,Aprovechamiento,REP - 30 - 9339,Eco Industria SAS,Parque Industrial San Jorge,CENTRO COMERCIAL MAZUREN,830142201-4,LUZ DARY LEGUIZAMON,test@mts.com.co,KR 46 152 46,"BOGOTA, D. C.","BOGOTA, D. C.",4.73521,-74.05002,605355.38,523467.04,18N
1. Aparatos electrodomésticos,1.8 Equipos de acondicionamiento de aire,SI,2024-11-27,10157,APARATOS DE AIRE ACONDICIONADO,264.35,Centro de Acopio,Aprovechamiento,REP - 30 - 9339,Eco Industria SAS,Parque Industrial San Jorge,CENTRO COMERCIAL METRO RECREO,800087297-6,LUZ STELLA CELIS,co.recepcionfacturase@la.spectrumbrands.com,KR 97 C 69 A - 08 SUR,"BOGOTA, D. C.","BOGOTA, D. C.",4.6327,-74.20086,588638.54,512113.66,18N
3. Maquinaria y Equipo Eléctrico,3.4 Equipos de iluminación,SI,2024-11-21,9256,APARATOS DE ALUMBRADO,3.0,Gestionado por Reconecta,Aprovechamiento,REP - 30 - 9339,Eco Industria SAS,Parque Industrial San Jorge,CENTRO COMERCIAL MI CENTRO EL PORVENIR P.H,900836968-7,LEONARDO BENAVIDES,test@signify.com,CL 54F SUR 94 18,"BOGOTA, D. C.","BOGOTA, D. C.",4.63622,-74.18897,589956.99,512504.29,18N
2. Electrónica y Equipos de Telecomunicación,2.4 Computadores y equipos para tratamiento de datos,SI,2024-09-18,11298,CPU,47.0,Gestionado por Reconecta,Aprovechamiento,REP - 29 - 9315,Eco Industria SAS,Parque Industrial San Jorge,CENTRO COMERCIAL MULTIPLAZA,860010451-1,DANIELA PEÑA,ambiental@casalimpia.com.co,AV Boyaca 17A 23,"BOGOTA, D. C.","BOGOTA, D. C.",4.65142,-74.12631,596905.49,514192.91,18N
1. Aparatos electrodomésticos,1.2 Enseres de audio y video,SI,2024-08-08,9460,"OTROS PRODUCTOS O APARATOS DE TRANSMISION DE SONIDO, IMAGENES U OTRA INFORMACION POR TELECOMUNICACION",27.0,Gestionado por Reconecta,Aprovechamiento,REP-86-9030,Eco Industria SAS,Parque Industrial San Jorge,CENTRO COMERCIAL NIZA,800087297-6,LUZ STELLA CELIS,co.recepcionfacturase@la.spectrumbrands.com,KR 70 D 127 48,"BOGOTA, D. C.","BOGOTA, D. C.",4.71146,-74.07324,602783.49,520837.94,18N
2. Electrónica y Equipos de Telecomunicación,2.7 Equipos de instrumentación y control,SI,2024-12-22,11755,BASCULA,2.1,Gestionado por Reconecta,Aprovechamiento,REP - 14 - 9308,Eco Industria SAS,Parque Industrial San Jorge,CENTRO COMERCIAL NUESTRO BOGOTÁ,800149695-1,JENNY PRIETO,gestionambiental@cruzverde.com.co,AK 86 # 55A - 75,"BOGOTA, D. C.","BOGOTA, D. C.",4.68335,-74.11653,597985.9,517724.14,18N
2. Electrónica y Equipos de Telecomunicación,2.4 Computadores y equipos para tratamiento de datos,SI,2024-03-08,9548,EQUIPOS DE COMPUTO DE MESA,46.0,Centro de Acopio,Aprovechamiento,REP - 30 - 9339,Eco Industria SAS,Parque Industrial San Jorge,CENTRO COMERCIAL NUEVA ROMA,860007386,ANA LUCIA GOMEZ,enlacesambientales@gmail.com,CL 57A SUR 77K 91,"BOGOTA, D. C.","BOGOTA, D. C.",4.60754,-74.17191,591853.06,509335.94,18N
1. Aparatos electrodomésticos,1.2 Enseres de audio y video,SI,2024-12-18,11055,TELEVISORES,50.0,Gestionado por Reconecta,Aprovechamiento,REP - 14 - 9308,Eco Industria SAS,Parque Industrial San Jorge,CENTRO COMERCIAL OUTLET DE LAS AMÉRICAS,860518583-7,MARIA PAULA,ambiental@ccmetropolis.com.co,AV. AMERICAS 62 84,"BOGOTA, D. C.","BOGOTA, D. C.",4.62941,-74.11638,598010.0,511761.07,18N
1. Aparatos electrodomésticos,1.4 Enseres menores de calentamiento,SI,2024-11-19,11759,APARATOS ELECTRODOMESTICOS/HORNOS DE MICROONDAS,21.7,Centro de Acopio,Aprovechamiento,REP - 14 - 9308,Eco Industria SAS,Parque Industrial San Jorge,Centro Comercial Outlet Factory,900836968-7,LEONARDO BENAVIDES,test@signify.com,AC 9 # 62 - 84,"BOGOTA, D. C.","BOGOTA, D. C.",4.62999,-74.11776,597856.84,511825.0,18N
1. Aparatos electrodomésticos,1.6 Enseres menores del hogar,SI,2024-04-30,9904,"HERRAMIENTAS PARA ROCIAR, ESPARCIR, PROPAGAR O APLICAR OTROS TRATAMIENTOS CON SUSTANCIAS LÍQUIDAS O GASEOSAS POR OTROS MEDIOS",674.08,Gestionado por Reconecta,Aprovechamiento,REP - 29 - 9315,Eco Industria SAS,Parque Industrial San Jorge,CENTRO COMERCIAL PALATINO,860518583-7,MARIA PAULA,ambiental@ccmetropolis.com.co,KR 7 138 33,"BOGOTA, D. C.","BOGOTA, D. C.",4.7156,-74.02928,607658.75,521302.27,18N
1. Aparatos electrodomésticos,1.5 Enseres menores de cocina,SI,2024-03-31,10744,"MOLINOS, CAFETERAS Y APARATOS PARA ABRIR O PRECINTAR ENVASES O PAQUETES",5.0,Gestionado por Reconecta,Aprovechamiento,REP - 14 - 9308,Eco Industria SAS,Parque Industrial San Jorge,CENTRO COMERCIAL PANAMÁ,830143447-3,Ana Maria Suarez,test@portal80.com.co,DG 182 20 91,"BOGOTA, D. C.","BOGOTA, D. C.",4.75776,-74.04447,605967.51,525960.85,18N
2. Electrónica y Equipos de Telecomunicación,2.8 Equipos de telecomunicaciones,SI,2024-09-24,10669,CELULARES,2.2,Centro de Acopio,Aprovechamiento,REP - 15 - 9316,Eco Industria SAS,Parque Industrial San Jorge,Centro Comercial Parque La Colina,860007386,ANA LUCIA GOMEZ,enlacesambientales@gmail.com,KR 58D 145 51 ,"BOGOTA, D. C.","BOGOTA, D. C.",4.73042,-74.06725,603445.07,522934.9,18N
2. Electrónica y Equipos de Telecomunicación,2.7 Equipos de instrumentación y control,SI,2024-12-18,9800,BASCULA,3.5,Gestionado por Reconecta,Aprovechamiento,REP - 29 - 9315,Eco Industria SAS,Parque Industrial San Jorge,CENTRO COMERCIAL PASEO SAN RAFAEL,860518583-7,MARIA PAULA,ambiental@ccmetropolis.com.co,AC 134 55 32,"BOGOTA, D. C.","BOGOTA, D. C.",4.722889,-74.062523,603970.48,522103.03,18N
3. Maquinaria y Equipo Eléctrico,3.11 Pilas y acumuladores,SI,2024-09-05,9545,PILAS,19.89,Centro de Acopio,Aprovechamiento,REP - 29 - 9315,Eco Industria SAS,Parque Industrial San Jorge,CENTRO COMERCIAL PASEO VILLA DEL RIO,900836968-7,LEONARDO BENAVIDES,test@signify.com,DG 57C Sur 62 60,"BOGOTA, D. C.","BOGOTA, D. C.",4.59807,-74.15312,593938.67,508291.49,18N
3. Maquinaria y Equipo Eléctrico,3.3 Equipos de control y proteción,SI,2024-07-05,11167,SWITCH,20.0,Centro de Acopio,Aprovechamiento,REP - 30 - 9339,Eco Industria SAS,Parque Industrial San Jorge,CENTRO COMERCIAL PLAZA CENTRAL,830142201-4,LUZ DARY LEGUIZAMON,test@mts.com.co,KR 65 11 50,"BOGOTA, D. C.","BOGOTA, D. C.",4.632402,-74.116274,598021.35,512091.85,18N
1. Aparatos electrodomésticos,1.9 Herramientas para el hogar,SI,2024-04-13,10257,TALADRADORAS,2.0,Centro de Acopio,Aprovechamiento,REP - 15 - 9316,Eco Industria SAS,Parque Industrial San Jorge,CENTRO COMERCIAL PLAZA DE LAS AMÉRICAS,860010451-1,DANIELA PEÑA,ambiental@casalimpia.com.co,TV 71D 6 94 S,"BOGOTA, D. C.","BOGOTA, D. C.",4.618443,-74.137202,595701.75,510545.83,18N
1. Aparatos electrodomésticos,1.6 Enseres menores del hogar,SI,2024-01-26,10863,OTROS APARATOS DE LIMPIEZA QUE NO SEAN ASPIRADORAS O LIMPIA MOQUETAS,7.95,Centro de Acopio,Aprovechamiento,REP - 15 - 9316,Eco Industria SAS,Parque Industrial San Jorge,CENTRO COMERCIAL PLAZA IMPERIAL,860518583-7,MARIA PAULA,ambiental@ccmetropolis.com.co,KR 103C 150C 07,"BOGOTA, D. C.","BOGOTA, D. C.",4.749673,-74.09333,600549.69,525059.51,18N
1. Aparatos electrodomésticos,1.4 Enseres menores de calentamiento,SI,2024-09-20,9420,HORNOS DE MICROONDAS/ APARATOS ELECTRODOMESTICOS,67.0,Gestionado por Reconecta,Aprovechamiento,REP-86-9030,Eco Industria SAS,Parque Industrial San Jorge,CENTRO COMERCIAL PORTAL DE LA 80,860010451-1,DANIELA PEÑA,ambiental@casalimpia.com.co,TV 100A 80A 75,"BOGOTA, D. C.","BOGOTA, D. C.",4.71078,-74.11181,598505.59,520757.2,18N
3. Maquinaria y Equipo Eléctrico,3.4 Equipos de iluminación,SI,2024-05-20,11317,TUBOS FLUORESCENTES - SIGNIFY,1.8,Centro de Acopio,Aprovechamiento,REP - 15 - 9316,Eco Industria SAS,Parque Industrial San Jorge,CENTRO COMERCIAL PORTOALEGRE,800149695-1,JENNY PRIETO,gestionambiental@cruzverde.com.co,AK 58 137B 01,"BOGOTA, D. C.","BOGOTA, D. C.",4.72772,-74.064813,603715.77,522636.77,18N
1. Aparatos electrodomésticos,1.6 Enseres menores del hogar,SI,2024-07-04,9028,VENTILADORES ELECTRICOS,1.0,Centro de Acopio,Aprovechamiento,REP - 15 - 9316,Eco Industria SAS,Parque Industrial San Jorge,CENTRO COMERCIAL SALITRE PLAZA,900836968-7,LEONARDO BENAVIDES,test@signify.com,KR 68B 24 39,"BOGOTA, D. C.","BOGOTA, D. C.",4.652715,-74.109176,598805.88,514338.45,18N
2. Electrónica y Equipos de Telecomunicación,2.8 Equipos de telecomunicaciones,SI,2024-05-08,10931,CELULARES,1.5,Centro de Acopio,Aprovechamiento,REP-86-9030,Eco Industria SAS,Parque Industrial San Jorge,CENTRO COMERCIAL SANTA BARBARA DRIVE P.H.,860007386,ANA LUCIA GOMEZ,enlacesambientales@gmail.com,AK 19 122 49,"BOGOTA, D. C.","BOGOTA, D. C.",4.70242,-74.049456,605422.89,519842.1,18N
2. Electrónica y Equipos de Telecomunicación,2.7 Equipos de instrumentación y control,SI,2024-09-02,10557,BASCULA,4.19,Centro de Acopio,Aprovechamiento,REP - 30 - 9339,Eco Industria SAS,Parque Industrial San Jorge,CENTRO COMERCIAL SANTAFÉ,860007386,ANA LUCIA GOMEZ,enlacesambientales@gmail.com,CL 185 45 03,"BOGOTA, D. C.","BOGOTA, D. C.",4.76322,-74.045452,605857.76,526564.32,18N
2. Electrónica y Equipos de Telecomunicación,2.8 Equipos de telecomunicaciones,SI,2024-03-09,9770,"TELÉFONOS; PÚBLICOS, INALÁMBRICOS Y MÓVILES",0.8,Gestionado por Reconecta,Aprovechamiento,REP - 29 - 9315,Eco Industria SAS,Parque Industrial San Jorge,CENTRO COMERCIAL SUBAZAR,830143447-3,Ana Maria Suarez,test@portal80.com.co,Calle 145 #91-34,"BOGOTA, D. C.","BOGOTA, D. C.",4.73861,-74.08513,601460.76,523837.68,18N
2. Electrónica y Equipos de Telecomunicación,2.4 Computadores y equipos para tratamiento de datos,SI,2024-01-09,11444,DM - IMPRESORAS Y SCANNER,30.3,Centro de Acopio,Aprovechamiento,REP-86-9030,Eco Industria SAS,Parque Industrial San Jorge,CENTRO COMERCIAL TINTAL PLAZA,860518583-7,MARIA PAULA,ambiental@ccmetropolis.com.co,AK 86 6 37,"BOGOTA, D. C.","BOGOTA, D. C.",4.641769,-74.155408,593679.12,513122.08,18N
2. Electrónica y Equipos de Telecomunicación,2.4 Computadores y equipos para tratamiento de datos,SI,2024-07-29,11741,ORDENADORES PERSONALES O PORTATILES,3.0,Centro de Acopio,Aprovechamiento,REP - 15 - 9316,Eco Industria SAS,Parque Industrial San Jorge,CENTRO COMERCIAL TREBOLIS EL PORVENIR,800149695-1,JENNY PRIETO,gestionambiental@cruzverde.com.co,KR 95A 49C 80 S,"BOGOTA, D. C.","BOGOTA, D. C.",4.639496,-74.18413,590493.45,512867.06,18N
2. Electrónica y Equipos de Telecomunicación,2.8 Equipos de telecomunicaciones,SI,2024-11-25,10941,ROUTER,4.0,Centro de Acopio,Aprovechamiento,REP-86-9030,Eco Industria SAS,Parque Industrial San Jorge,CENTRO COMERCIAL UNICENTRO BOGOTÁ,800149695-1,JENNY PRIETO,gestionambiental@cruzverde.com.co,AK 15 124 30,"BOGOTA, D. C.","BOGOTA, D. C.",4.702752,-74.042681,606174.31,519879.83,18N
1. Aparatos electrodomésticos,1.4 Enseres menores de calentamiento,SI,2024-01-17,9546,APARATOS DE CALEFACCIÓN ELÉCTRICOS,46.0,Gestionado por Reconecta,Aprovechamiento,REP - 15 - 9316,Eco Industria SAS,Parque Industrial San Jorge,CENTRO COMERCIAL UNICENTRO DE OCCIDENTE,830142201-4,LUZ DARY LEGUIZAMON,test@mts.com.co,KR 111C 86 05,"BOGOTA, D. C.","BOGOTA, D. C.",4.722981,-74.113536,598312.43,522105.79,18N
2. Electrónica y Equipos de Telecomunicación,2.4 Computadores y equipos para tratamiento de datos,SI,2024-09-26,11433,COMPUTADORES TODO EN UNO,264.0,Centro de Acopio,Aprovechamiento,REP - 14 - 9308,Eco Industria SAS,Parque Industrial San Jorge,CENTRO COMERCIAL UNILAGO,830143447-3,Ana Maria Suarez,test@portal80.com.co,KR 15 78 33,"BOGOTA, D. C.","BOGOTA, D. C.",4.664899,-74.058077,604472.23,515692.77,18N
2. Electrónica y Equipos de Telecomunicación,"2.10 Periféricos, partes y tarjetas para computadores e impresoras",SI,2024-08-29,9295,TONNER EN DESUSO,7.0,Gestionado por Reconecta,Aprovechamiento,REP - 30 - 9339,Eco Industria SAS,Parque Industrial San Jorge,Centro Comercial y de Negocios Andino,830143447-3,Ana Maria Suarez,test@portal80.com.co,KR 11 # 82 - 71,"BOGOTA, D. C.","BOGOTA, D. C.",4.666667,-74.053333,604998.19,515888.93,18N
2. Electrónica y Equipos de Telecomunicación,"2.10 Periféricos, partes y tarjetas para computadores e impresoras",SI,2024-05-11,10020,TONER DE IMPRESORA/APROVECHAMIENTO,58.41,Centro de Acopio,Aprovechamiento,REP-86-9030,Eco Industria SAS,Parque Industrial San Jorge,CENTRO COMERCIAL Y DE NEGOCIOS TORRE CENTRAL,830142201-4,LUZ DARY LEGUIZAMON,test@mts.com.co,CL 26 68C 61,"BOGOTA, D. C.","BOGOTA, D. C.",4.656531,-74.106139,599142.23,514760.74,18N
2. Electrónica y Equipos de Telecomunicación,"2.10 Periféricos, partes y tarjetas para computadores e impresoras",SI,2024-09-04,10092,TONNER EN DESUSO,7.0,Centro de Acopio,Aprovechamiento,REP - 29 - 9315,Eco Industria SAS,Parque Industrial San Jorge,CENTRO COMERCIO INTERNACIONAL,800149695-1,JENNY PRIETO,gestionambiental@cruzverde.com.co,CL 28 13A 00,"BOGOTA, D. C.","BOGOTA, D. C.",4.61618,-74.070904,603056.48,510304.91,18N
1. Aparatos electrodomésticos,1.4 Enseres menores de calentamiento,SI,2024-07-19,11466,APARATOS ELECTRODOMESTICOS,185.0,Centro de Acopio,Aprovechamiento,REP - 30 - 9339,Eco Industria SAS,Parque Industrial San Jorge,CENTRO DE DESARROLLO COMUNITARIO,860007386,ANA LUCIA GOMEZ,enlacesambientales@gmail.com,KR 32A 1H 06,"BOGOTA, D. C.","BOGOTA, D. C.",4.603484,-74.10566,599202.75,508896.42,18N
2. Electrónica y Equipos de Telecomunicación,2.4 Computadores y equipos para tratamiento de datos,SI,2024-05-14,11521,TABLETAS,2.6,Gestionado por Reconecta,Aprovechamiento,REP - 15 - 9316,Eco Industria SAS,Parque Industrial San Jorge,CENTRO DE DESARROLLO COMUNITARIO,830143447-3,Ana Maria Suarez,test@portal80.com.co,KR 80 43 43 S,"BOGOTA, D. C.","BOGOTA, D. C.",4.620868,-74.166507,592450.69,510810.04,18N
2. Electrónica y Equipos de Telecomunicación,2.8 Equipos de telecomunicaciones,SI,2024-06-28,10534,"TELÉFONOS; PÚBLICOS, INALÁMBRICOS Y MÓVILES",4.0,Gestionado por Reconecta,Aprovechamiento,REP-86-9030,Eco Industria SAS,Parque Industrial San Jorge,CENTRO DE DESARROLLO COMUNITARIO BELLAVISTA,860007386,ANA LUCIA GOMEZ,enlacesambientales@gmail.com,CL 38 S 94C 01,"BOGOTA, D. C.","BOGOTA, D. C.",4.645607,-74.171176,591929.57,513544.3,18N
1. Aparatos electrodomésticos,1.4 Enseres menores de calentamiento,SI,2024-12-26,11516,APARATOS ELECTRODOMESTICOS/HORNOS ELECTRICOS,45.0,Centro de Acopio,Aprovechamiento,REP - 29 - 9315,Eco Industria SAS,Parque Industrial San Jorge,CENTRO DE DESARROLLO COMUNITARIO JOSÉ ANTONIO GALAN,830143447-3,Ana Maria Suarez,test@portal80.com.co,KR 4ABIS E 57 51,"BOGOTA, D. C.","BOGOTA, D. C.",4.640067,-74.053637,604968.41,512948.2,18N
2. Electrónica y Equipos de Telecomunicación,"2.10 Periféricos, partes y tarjetas para computadores e impresoras",SI,2024-01-02,11439,Tonner De Impresora / Aprovechamiento,1.0,Centro de Acopio,Aprovechamiento,REP - 14 - 9308,Eco Industria SAS,Parque Industrial San Jorge,CENTRO DE DESARROLLO COMUNITARIO TIMIZA,860518583-7,MARIA PAULA,ambiental@ccmetropolis.com.co,KR 74 42G 52 S,"BOGOTA, D. C.","BOGOTA, D. C.",4.609959,-74.158509,593339.31,509605.1,18N
2. Electrónica y Equipos de Telecomunicación,"2.10 Periféricos, partes y tarjetas para computadores e impresoras",SI,2024-04-28,10584,TONER DE IMPRESORA Y CARTUCHOS USADOS,10.0,Gestionado por Reconecta,Aprovechamiento,REP - 29 - 9315,Eco Industria SAS,Parque Industrial San Jorge,CENTRO DE FORMACIÓN DE TALENTO HUMANO EN SALUD SENA,800087297-6,LUZ STELLA CELIS,co.recepcionfacturase@la.spectrumbrands.com,KR 6 45 09,"BOGOTA, D. C.","BOGOTA, D. C.",4.631373,-74.063463,603879.71,511985.61,18N
2. Electrónica y Equipos de Telecomunicación,2.8 Equipos de telecomunicaciones,SI,2024-04-07,9569,TERMINALES DE FAX,4.43,Centro de Acopio,Aprovechamiento,REP-86-9030,Eco Industria SAS,Parque Industrial San Jorge,CENTRO DE INVESTIGACIONES ONCOLOGICAS CLINICA SAN DIEGO,860010451-1,DANIELA PEÑA,ambiental@casalimpia.com.co,AK 32 79,"BOGOTA, D. C.","BOGOTA, D. C.",4.62143,-74.07025,603128.27,510885.4,18N
2. Electrónica y Equipos de Telecomunicación,2.6 Equipos de electrónica de potencia,SI,2024-05-20,10446,BALASTOS,475.0,Gestionado por Reconecta,Aprovechamiento,REP - 30 - 9339,Eco Industria SAS,Parque Industrial San Jorge,CENTRO DE PROFESIONALES EDIFICIO CALLE 80 PH,800087297-6,LUZ STELLA CELIS,co.recepcionfacturase@la.spectrumbrands.com,CL 80 10 43,"BOGOTA, D. C.","BOGOTA, D. C.",4.663869,-74.053444,604986.3,515579.59,18N
2. Electrónica y Equipos de Telecomunicación,2.4 Computadores y equipos para tratamiento de datos,SI,2024-08-02,11514,ORDENADORES PERSONALES O PORTATILES,39.95,Gestionado por Reconecta,Aprovechamiento,REP - 29 - 9315,Eco Industria SAS,Parque Industrial San Jorge,CENTRO DE SALVAMENTO Y ADIESTRAMIENTO CANI,800149695-1,JENNY PRIETO,gestionambiental@cruzverde.com.co,AK 60 63 81,"BOGOTA, D. C.","BOGOTA, D. C.",4.665725,-74.086041,601370.26,515780.0,18N
3. Maquinaria y Equipo Eléctrico,3.11 Pilas y acumuladores,SI,2024-05-07,11895,BATERIAS DE LITIO,1280.28,Gestionado por Reconecta,Aprovechamiento,REP - 15 - 9316,Eco Industria SAS,Parque Industrial San Jorge,CENTRO DE SERVICIOS Y DESARROLLO EMPRESARIAL CSDE,830143447-3,Ana Maria Suarez,test@portal80.com.co,AV 68 49A 47,"BOGOTA, D. C.","BOGOTA, D. C.",4.65981,-74.09882,599953.61,515124.27,18N
2. Electrónica y Equipos de Telecomunicación,"2.10 Periféricos, partes y tarjetas para computadores e impresoras",SI,2024-06-10,9571,TONER DE IMPRESORA SUELTOS,3.7,Gestionado por Reconecta,Aprovechamiento,REP - 30 - 9339,Eco Industria SAS,Parque Industrial San Jorge,CENTRO DÍA ANDARES,800149695-1,JENNY PRIETO,gestionambiental@cruzverde.com.co,KR 71G 6D 22,"BOGOTA, D. C.","BOGOTA, D. C.",4.632335,-74.136755,595749.47,512081.65,18N
2. Electrónica y Equipos de Telecomunicación,"2.10 Periféricos, partes y tarjetas para computadores e impresoras",SI,2024-07-16,11619,Tonner De Impresora / Aprovechamiento,13.4,Centro de Acopio,Aprovechamiento,REP - 30 - 9339,Eco Industria SAS,Parque Industrial San Jorge,CENTRO EMPRESARIAL CAPITAL CENTER II,800087297-6,LUZ STELLA CELIS,co.recepcionfacturase@la.spectrumbrands.com,CL 26 69C 03,"BOGOTA, D. C.","BOGOTA, D. C.",4.660021,-74.108361,598895.27,515146.25,18N
2. Electrónica y Equipos de Telecomunicación,2.6 Equipos de electrónica de potencia,SI,2024-12-04,9864,UPS O FUENTES DE PODER,107.59,Centro de Acopio,Aprovechamiento,REP - 29 - 9315,Eco Industria SAS,Parque Industrial San Jorge,CENTRO EMPRESARIAL COLPATRIA P.H,860007386,ANA LUCIA GOMEZ,enlacesambientales@gmail.com,CL 127A 53A 45,"BOGOTA, D. C.","BOGOTA, D. C.",4.709816,-74.062002,604030.21,520657.86,18N
2. Electrónica y Equipos de Telecomunicación,"2.10 Periféricos, partes y tarjetas para computadores e impresoras",SI,2024-01-25,10947,REPUESTOS O PARTES DE PC/PORTATILES,5.0,Gestionado por Reconecta,Aprovechamiento,REP-86-9030,Eco Industria SAS,Parque Industrial San Jorge,CENTRO EMPRESARIAL EL CUBO,830143447-3,Ana Maria Suarez,test@portal80.com.co,CL 33 S 52A 77,"BOGOTA, D. C.","BOGOTA, D. C.",4.60469,-74.129235,596587.38,509026.51,18N
2. Electrónica y Equipos de Telecomunicación,"2.10 Periféricos, partes y tarjetas para computadores e impresoras",SI,2024-04-17,11593,MODEM,2.8,Centro de Acopio,Aprovechamiento,REP - 30 - 9339,Eco Industria SAS,Parque Industrial San Jorge,CENTRO INTERACTIVO MALOKA,830143447-3,Ana Maria Suarez,test@portal80.com.co,KR 68D 24A 51,"BOGOTA, D. C.","BOGOTA, D. C.",4.655042,-74.10945,598775.17,514595.66,18N
1. Aparatos electrodomésticos,1.6 Enseres menores del hogar,SI,2024-10-04,11844,VENTILADORES ELECTRICOS,20.0,Gestionado por Reconecta,Aprovechamiento,REP - 15 - 9316,Eco Industria SAS,Parque Industrial San Jorge,CENTRO MEDICINA NAVAL,830143447-3,Ana Maria Suarez,test@portal80.com.co,KR 27 43 39,"BOGOTA, D. C.","BOGOTA, D. C.",4.633758,-74.077363,602337.46,512247.25,18N
2. Electrónica y Equipos de Telecomunicación,2.3 Componentes electrónicos,SI,2024-06-25,9217,PANELES FOTOVOLTAICOS,17.28,Gestionado por Reconecta,Aprovechamiento,REP - 14 - 9308,Eco Industria SAS,Parque Industrial San Jorge,CENTRO MEDICINA NAVAL NORTE,860010451-1,DANIELA PEÑA,ambiental@casalimpia.com.co,KR 18 143 39,"BOGOTA, D. C.","BOGOTA, D. C.",4.725169,-74.044587,605959.5,522357.8,18N
1. Aparatos electrodomésticos,1.8 Equipos de acondicionamiento de aire,SI,2024-05-08,10996,APARATOS DE AIRE ACONDICIONADO,21.2,Centro de Acopio,Aprovechamiento,REP - 15 - 9316,Eco Industria SAS,Parque Industrial San Jorge,CENTRO MÉDICO CASA EDITORIAL EL TIEMPO,800149695-1,JENNY PRIETO,gestionambiental@cruzverde.com.co,AC 26 68B 01,"BOGOTA, D. C.","BOGOTA, D. C.",4.655504,-74.105293,599236.21,514647.32,18N
2. Electrónica y Equipos de Telecomunicación,2.8 Equipos de telecomunicaciones,SI,2024-01-23,11194,TELEFONOS INALAMBRICOS,6.0,Centro de Acopio,Aprovechamiento,REP - 29 - 9315,Eco Industria SAS,Parque Industrial San Jorge,CENTRO MÉDICO CHICÓ,800087297-6,LUZ STELLA CELIS,co.recepcionfacturase@la.spectrumbrands.com,KR 14 94 49,"BOGOTA, D. C.","BOGOTA, D. C.",4.679617,-74.04957,605413.66,517321.15,18N
1. Aparatos electrodomésticos,1.4 Enseres menores de calentamiento,SI,2024-09-27,9887,APARATOS ELECTRODOMESTICOS,744.68,Centro de Acopio,Aprovechamiento,REP - 14 - 9308,Eco Industria SAS,Parque Industrial San Jorge,CENTRO MÉDICO COLSUBSIDIO PORTAL NORTE,800149695-1,JENNY PRIETO,gestionambiental@cruzverde.com.co,KR 45 176 31,"BOGOTA, D. C.","BOGOTA, D. C.",4.757122,-74.046195,605776.29,525890.05,18N
1. Aparatos electrodomésticos,1.6 Enseres menores del hogar,SI,2024-02-29,10448,VENTILADORES ELECTRICOS,13.76,Centro de Acopio,Aprovechamiento,REP - 15 - 9316,Eco Industria SAS,Parque Industrial San Jorge,CENTRO MÉDICO DE LA SABANA P.H.,830142201-4,LUZ DARY LEGUIZAMON,test@mts.com.co,KR 7 119 14,"BOGOTA, D. C.","BOGOTA, D. C.",4.696016,-74.031719,607391.23,519136.82,18N
2. Electrónica y Equipos de Telecomunicación,2.6 Equipos de electrónica de potencia,SI,2024-01-12,11853,BALASTOS,211.37,Gestionado por Reconecta,Aprovechamiento,REP - 14 - 9308,Eco Industria SAS,Parque Industrial San Jorge,CENTRO MÉDICO PALERMO,800149695-1,JENNY PRIETO,gestionambiental@cruzverde.com.co,CL 45C 22 59,"BOGOTA, D. C.","BOGOTA, D. C.",4.635614,-74.074119,602697.04,512452.91,18N
1. Aparatos electrodomésticos,1.4 Enseres menores de calentamiento,SI,2024-08-31,10535,APARATOS ELECTRODOMESTICOS/HORNOS DE MICROONDAS,21.7,Centro de Acopio,Aprovechamiento,REP - 15 - 9316,Eco Industria SAS,Parque Industrial San Jorge,CENTRO MEDICO PRIMERA DE MAYO,860007386,ANA LUCIA GOMEZ,enlacesambientales@gmail.com,TV 78H 42C 10 S,"BOGOTA, D. C.","BOGOTA, D. C.",4.615352,-74.16132,593026.79,510200.92,18N
2. Electrónica y Equipos de Telecomunicación,"2.10 Periféricos, partes y tarjetas para computadores e impresoras",SI,2024-03-03,10176,REPUESTOS O PARTES DE PC/PORTATILES,5.0,Centro de Acopio,Aprovechamiento,REP - 14 - 9308,Eco Industria SAS,Parque Industrial San Jorge,CENTRO MÉDICO RESTREPO COLSUBSIDIO,800149695-1,JENNY PRIETO,gestionambiental@cruzverde.com.co,CL 30 S 21 32,"BOGOTA, D. C.","BOGOTA, D. C.",4.580983,-74.111318,598578.19,506408.15,18N
2. Electrónica y Equipos de Telecomunicación,2.4 Computadores y equipos para tratamiento de datos,SI,2024-12-02,9086,ORDENADORES PERSONALES O PORTATILES,61.52,Gestionado por Reconecta,Aprovechamiento,REP - 30 - 9339,Eco Industria SAS,Parque Industrial San Jorge,CENTRO NACIONAL DE AERONAVEGACION DE LA UNIDAD ADMINISTRATIVA ESPECIAL AERONAUTICA CIVIL,830143447-3,Ana Maria Suarez,test@portal80.com.co,CL 22F 112 09,"BOGOTA, D. C.","BOGOTA, D. C.",4.684672,-74.147548,594545.25,517866.03,18N
2. Electrónica y Equipos de Telecomunicación,2.4 Computadores y equipos para tratamiento de datos,SI,2024-05-07,9875,EQUIPOS DE COMPUTO DE MESA,105.0,Centro de Acopio,Aprovechamiento,REP - 14 - 9308,Eco Industria SAS,Parque Industrial San Jorge,CENTRO ODONTOLÓGICO DE LA FUERZA AREA,830143447-3,Ana Maria Suarez,test@portal80.com.co,KR 27A 52 14,"BOGOTA, D. C.","BOGOTA, D. C.",4.641289,-74.076521,602429.77,513079.94,18N
1. Aparatos electrodomésticos,1.4 Enseres menores de calentamiento,SI,2024-05-17,9281,HORNOS DE MICROONDAS/ APARATOS ELECTRODOMESTICOS,67.0,Gestionado por Reconecta,Aprovechamiento,REP - 29 - 9315,Eco Industria SAS,Parque Industrial San Jorge,CENTRO ONCOLÓGICO,860007386,ANA LUCIA GOMEZ,enlacesambientales@gmail.com,KR 47 94 06,"BOGOTA, D. C.","BOGOTA, D. C.",4.682307,-74.059964,604260.35,517616.98,18N
1. Aparatos electrodomésticos,1.1 Cocinas y hornos,SI,2024-09-29,9705,HORNOS DE MICROONDAS,31.79,Centro de Acopio,Aprovechamiento,REP - 15 - 9316,Eco Industria SAS,Parque Industrial San Jorge,CENTRO POLICLÍNICO DEL OLAYA S.A.,830143447-3,Ana Maria Suarez,test@portal80.com.co,KR 21 22 64 S,"BOGOTA, D. C.","BOGOTA, D. C.",4.58377,-74.105585,599213.79,506717.04,18N
1. Aparatos electrodomésticos,1.1 Cocinas y hornos,SI,2024-05-15,10243,HORNOS ELECTRICOS,845.0,Gestionado por Reconecta,Aprovechamiento,REP-86-9030,Eco Industria SAS,Parque Industrial San Jorge,CENTRO SOCIAL DE AGENTES Y PATRULLEROS,830143447-3,Ana Maria Suarez,test@portal80.com.co,CL 44A S 68B 30,"BOGOTA, D. C.","BOGOTA, D. C.",4.595982,-74.143414,595015.64,508061.94,18N
1. Aparatos electrodomésticos,1.5 Enseres menores de cocina,SI,2024-06-13,11357,"MOLINOS, CAFETERAS Y APARATOS PARA ABRIR O PRECINTAR ENVASES O PAQUETES",587.29,Centro de Acopio,Aprovechamiento,REP - 29 - 9315,Eco Industria SAS,Parque Industrial San Jorge,CENTRO SOCIAL DE AGENTES Y PATRULLEROS (CESAP),830142201-4,LUZ DARY LEGUIZAMON,test@mts.com.co,AC 26 59 00,"BOGOTA, D. C.","BOGOTA, D. C.",4.645669,-74.098984,599937.42,513560.94,18N
1. Aparatos electrodomésticos,1.6 Enseres menores del hogar,SI,2024-01-10,11074,ASPIRADORAS,41.26,Centro de Acopio,Aprovechamiento,REP - 29 - 9315,Eco Industria SAS,Parque Industrial San Jorge,CENTRO SOCIAL DE OFICIALES (CESOF),900836968-7,LEONARDO BENAVIDES,test@signify.com,AV Boyacá 142 A 55,"BOGOTA, D. C.","BOGOTA, D. C.",4.73582,-74.06761,603404.34,523531.83,18N
1. Aparatos electrodomésticos,1.6 Enseres menores del hogar,SI,2024-11-16,11963,VENTILADORES ELECTRICOS,1.0,Centro de Acopio,Aprovechamiento,REP - 30 - 9339,Eco Industria SAS,Parque Industrial San Jorge,CENTRO SOCIAL DE SUBOFICIALES Y NIVEL EJECUTIVO (CESNE),830143447-3,Ana Maria Suarez,test@portal80.com.co,CL 63 77 73,"BOGOTA, D. C.","BOGOTA, D. C.",4.678788,-74.108834,598840.17,517220.89,18N
2. Electrónica y Equipos de Telecomunicación,"2.10 Periféricos, partes y tarjetas para computadores e impresoras",SI,2024-01-24,9577,TONNER EN DESUSO,7.0,Gestionado por Reconecta,Aprovechamiento,REP - 14 - 9308,Eco Industria SAS,Parque Industrial San Jorge,CENTROSUBA AUDIFARMA,860010451-1,DANIELA PEÑA,ambiental@casalimpia.com.co,CL 139 94 55,"BOGOTA, D. C.","BOGOTA, D. C.",4.737824,-74.087285,601221.86,523750.47,18N
2. Electrónica y Equipos de Telecomunicación,2.3 Componentes electrónicos,SI,2024-08-12,10249,PANELES FOTOVOLTAICOS,3.0,Gestionado por Reconecta,Aprovechamiento,REP - 30 - 9339,Eco Industria SAS,Parque Industrial San Jorge,CENTRO URBA DE RECREACIÓN CUR,860518583-7,MARIA PAULA,ambiental@ccmetropolis.com.co,CL 59B S 49B 23,"BOGOTA, D. C.","BOGOTA, D. C.",4.579819,-74.154444,593794.18,506273.68,18N
1. Aparatos electrodomésticos,1.2 Enseres de audio y video,SI,2024-05-02,9406,VIDEOCAMARAS,4.0,Gestionado por Reconecta,Aprovechamiento,REP-86-9030,Eco Industria SAS,Parque Industrial San Jorge,CENTURY LINK,800087297-6,LUZ STELLA CELIS,co.recepcionfacturase@la.spectrumbrands.com,DG 127 87 51,"BOGOTA, D. C.","BOGOTA, D. C.",4.713864,-74.087784,601169.99,521101.58,18N
2. Electrónica y Equipos de Telecomunicación,"2.10 Periféricos, partes y tarjetas para computadores e impresoras",SI,2024-10-26,9772,"PERIFERICOS (MOUSE, TECLADO, AUDIFONOS, CAMARAS Y OTROS)",113.46,Centro de Acopio,Aprovechamiento,REP - 15 - 9316,Eco Industria SAS,Parque Industrial San Jorge,Cindy Moya,830142201-4,LUZ DARY LEGUIZAMON,test@mts.com.co,KR 3 12B 86,"BOGOTA, D. C.","BOGOTA, D. C.",4.598220312,-74.070124149,603145.58,508319.55,18N
2. Electrónica y Equipos de Telecomunicación,"2.10 Periféricos, partes y tarjetas para computadores e impresoras",SI,2024-06-04,9577,CD,19.0,Centro de Acopio,Aprovechamiento,REP - 29 - 9315,Eco Industria SAS,Parque Industrial San Jorge,C.I. SIGRA S.A.,830142201-4,LUZ DARY LEGUIZAMON,test@mts.com.co,CL 46 13 04,"BOGOTA, D. C.","BOGOTA, D. C.",4.63329,-74.066408,603552.74,512197.11,18N
1. Aparatos electrodomésticos,1.4 Enseres menores de calentamiento,SI,2024-08-13,9467,HORNOS DE MICROONDAS/ APARATOS ELECTRODOMESTICOS,67.0,Centro de Acopio,Aprovechamiento,REP - 14 - 9308,Eco Industria SAS,Parque Industrial San Jorge,CIUDAD TINTAL CENTRO COMERCIAL,830143447-3,Ana Maria Suarez,test@portal80.com.co,KR 94 6C 30,"BOGOTA, D. C.","BOGOTA, D. C.",4.652628,-74.160136,593153.24,514321.91,18N
1. Aparatos electrodomésticos,1.9 Herramientas para el hogar,SI,2024-11-19,10540,TALADRADORAS,2.0,Centro de Acopio,Aprovechamiento,REP - 14 - 9308,Eco Industria SAS,Parque Industrial San Jorge,Claudia liliana niño,830142201-4,LUZ DARY LEGUIZAMON,test@mts.com.co,CL 132 123A 12,"BOGOTA, D. C.","BOGOTA, D. C.",4.738439442,-74.106103491,599134.6,523815.79,18N
1. Aparatos electrodomésticos,1.6 Enseres menores del hogar,SI,2024-02-11,10347,OTROS APARATOS DE LIMPIEZA QUE NO SEAN ASPIRADORAS O LIMPIA MOQUETAS,10.0,Gestionado por Reconecta,Aprovechamiento,REP - 29 - 9315,Eco Industria SAS,Parque Industrial San Jorge,Claudia Rocio yepez,800087297-6,LUZ STELLA CELIS,co.recepcionfacturase@la.spectrumbrands.com,CL 54C Sur 98B 6,"BOGOTA, D. C.","BOGOTA, D. C.",4.64078602,-74.19058149,589777.66,513008.85,18N
2. Electrónica y Equipos de Telecomunicación,2.4 Computadores y equipos para tratamiento de datos,SI,2024-10-21,11688,DISCO DURO,348.74,Gestionado por Reconecta,Aprovechamiento,REP - 14 - 9308,Eco Industria SAS,Parque Industrial San Jorge,CLÍNICA DE NUESTRA SEÑORA DE LA PAZ,830142201-4,LUZ DARY LEGUIZAMON,test@mts.com.co,AC 13 68F 25,"BOGOTA, D. C.","BOGOTA, D. C.",4.640618,-74.123788,597186.72,512999.1,18N
1. Aparatos electrodomésticos,1.9 Herramientas para el hogar,SI,2024-12-14,10315,TALADRADORAS,2.0,Centro de Acopio,Aprovechamiento,REP-86-9030,Eco Industria SAS,Parque Industrial San Jorge,CLINICA DE OCCIDENTE,860518583-7,MARIA PAULA,ambiental@ccmetropolis.com.co,AC 6 71C 29,"BOGOTA, D. C.","BOGOTA, D. C.",4.629583,-74.135748,595861.54,511777.55,18N
1. Aparatos electrodomésticos,1.5 Enseres menores de cocina,SI,2024-12-19,10708,OTROS GRANDES APARATOS UTILIZADOS PARA COCINAR Y EN OTROS PROCESOS DE TRANSFORMACION DE LOS ALIMENTOS. APARATOS DE CALEFACCION ELECTRICOS,145.0,Gestionado por Reconecta,Aprovechamiento,REP - 29 - 9315,Eco Industria SAS,Parque Industrial San Jorge,CLÍNICA PALERMO,830142201-4,LUZ DARY LEGUIZAMON,test@mts.com.co,CL 45C 22 02,"BOGOTA, D. C.","BOGOTA, D. C.",4.635641,-74.073663,602747.62,512455.96,18N
2. Electrónica y Equipos de Telecomunicación,"2.10 Periféricos, partes y tarjetas para computadores e impresoras",SI,2024-07-31,11278,CD,8.0,Gestionado por Reconecta,Aprovechamiento,REP - 29 - 9315,Eco Industria SAS,Parque Industrial San Jorge,CLINICA VETERINARIA DOVER,860007386,ANA LUCIA GOMEZ,enlacesambientales@gmail.com,CL 126A 7 48,"BOGOTA, D. C.","BOGOTA, D. C.",4.70154,-74.02924,607665.35,519747.89,18N
2. Electrónica y Equipos de Telecomunicación,2.4 Computadores y equipos para tratamiento de datos,SI,2024-02-29,9814,CPU,7.0,Gestionado por Reconecta,Aprovechamiento,REP - 30 - 9339,Eco Industria SAS,Parque Industrial San Jorge,CLINICA VETERINARIA MEDICALVET,860010451-1,DANIELA PEÑA,ambiental@casalimpia.com.co,KR 7A 151 80,"BOGOTA, D. C.","BOGOTA, D. C.",4.726488,-74.025547,608071.12,522506.55,18N
1. Aparatos electrodomésticos,1.4 Enseres menores de calentamiento,SI,2024-10-28,10485,APARATOS ELECTRODOMESTICOS/HORNOS ELECTRICOS,45.0,Centro de Acopio,Aprovechamiento,REP - 30 - 9339,Eco Industria SAS,Parque Industrial San Jorge,CLINICA VETERINARIA SAN MARTIN,860518583-7,MARIA PAULA,ambiental@ccmetropolis.com.co,AUTOPISTA NORTE 86 47,"BOGOTA, D. C.","BOGOTA, D. C.",4.67407,-74.05985,604274.21,516706.38,18N
2. Electrónica y Equipos de Telecomunicación,"2.10 Periféricos, partes y tarjetas para computadores e impresoras",SI,2024-12-13,10484,TONER DE IMPRESORA Y CARTUCHOS USADOS,10.0,Centro de Acopio,Aprovechamiento,REP - 30 - 9339,Eco Industria SAS,Parque Industrial San Jorge,CLINICA VETERINARIA TEUSAVET,860010451-1,DANIELA PEÑA,ambiental@casalimpia.com.co,DG 42A 20 11,"BOGOTA, D. C.","BOGOTA, D. C.",4.631682,-74.073105,602810.09,512018.36,18N
1. Aparatos electrodomésticos,1.4 Enseres menores de calentamiento,SI,2024-12-31,10236,PLANCHAS Y OTROS APARATOS UTILIZADOS PARA PLANCHAR Y PARA DAR OTRO TIPO DE CUIDADOR A LA ROPA,266.0,Centro de Acopio,Aprovechamiento,REP-86-9030,Eco Industria SAS,Parque Industrial San Jorge,CLINICA VETERINARIA UDCA,900836968-7,LEONARDO BENAVIDES,test@signify.com,AC 222 55 09,"BOGOTA, D. C.","BOGOTA, D. C.",4.800343,-74.048834,605476.99,530667.85,18N
2. Electrónica y Equipos de Telecomunicación,2.7 Equipos de instrumentación y control,SI,2024-08-16,11016,BASCULA,2.18,Centro de Acopio,Aprovechamiento,REP - 29 - 9315,Eco Industria SAS,Parque Industrial San Jorge,CLINICA VETETINARIA SAFARI,830143447-3,Ana Maria Suarez,test@portal80.com.co,CL 150C 103F 37,"BOGOTA, D. C.","BOGOTA, D. C.",4.749922,-74.094158,600457.82,525086.92,18N
2. Electrónica y Equipos de Telecomunicación,2.8 Equipos de telecomunicaciones,SI,2024-12-18,9468,TERMINALES DE FAX,4.4,Centro de Acopio,Aprovechamiento,REP - 29 - 9315,Eco Industria SAS,Parque Industrial San Jorge,CLINIVET,800087297-6,LUZ STELLA CELIS,co.recepcionfacturase@la.spectrumbrands.com,AC 80 83 40,"BOGOTA, D. C.","BOGOTA, D. C.",4.701999,-74.099241,599900.93,519788.24,18N
2. Electrónica y Equipos de Telecomunicación,"2.10 Periféricos, partes y tarjetas para computadores e impresoras",SI,2024-05-31,10910,"PERIFERICOS (MOUSE, TECLADO, AUDIFONOS, CAMARAS Y OTROS)",85.2,Centro de Acopio,Aprovechamiento,REP - 29 - 9315,Eco Industria SAS,Parque Industrial San Jorge,CLOROX DE COLOMBIA S.A,830143447-3,Ana Maria Suarez,test@portal80.com.co,KR 68 B 12 A 20,"BOGOTA, D. C.","BOGOTA, D. C.",4.51838,-74.11634,598029.54,499486.69,18N
2. Electrónica y Equipos de Telecomunicación,2.8 Equipos de telecomunicaciones,SI,2024-06-02,9181,TERMINALES DE TELEX,16.0,Gestionado por Reconecta,Aprovechamiento,REP - 15 - 9316,Eco Industria SAS,Parque Industrial San Jorge,CLUB BELLAVISTA,860007386,ANA LUCIA GOMEZ,enlacesambientales@gmail.com,KR 45 246 A 45,"BOGOTA, D. C.","BOGOTA, D. C.",4.82311,-74.03535,606968.85,533186.92,18N
3. Maquinaria y Equipo Eléctrico,3.3 Equipos de control y proteción,SI,2024-03-13,10317,SWITCH,45.68,Centro de Acopio,Aprovechamiento,REP - 30 - 9339,Eco Industria SAS,Parque Industrial San Jorge,CLUB EL GAL,830143447-3,Ana Maria Suarez,test@portal80.com.co,KR 7 78 96,"BOGOTA, D. C.","BOGOTA, D. C.",4.660468,-74.050973,605260.9,515203.97,18N
1. Aparatos electrodomésticos,1.5 Enseres menores de cocina,SI,2024-02-20,10639,OTROS GRANDES APARATOS UTILIZADOS PARA COCINAR Y EN OTROS PROCESOS DE TRANSFORMACION DE LOS ALIMENTOS,61.2,Gestionado por Reconecta,Aprovechamiento,REP-86-9030,Eco Industria SAS,Parque Industrial San Jorge,CMD SIPLAS,830143447-3,Ana Maria Suarez,test@portal80.com.co,CL 94 15 45,"BOGOTA, D. C.","BOGOTA, D. C.",4.679544,-74.051091,605244.96,517312.85,18N
1. Aparatos electrodomésticos,1.2 Enseres de audio y video,SI,2024-07-20,10968,"OTROS PRODUCTOS O APARATOS UTILIZADOS PARA REGISTRAR O REPRODUCIR SONIDO O IMAGENES, INCLUIDAS LAS SEÑALES Y TECNOLOGIAS DE DISTRIBUCION DEL SONIDO E IMAGEN DE LA COMUNICACION",147.55,Gestionado por Reconecta,Aprovechamiento,REP - 14 - 9308,Eco Industria SAS,Parque Industrial San Jorge,CNA CGAC CENTRO NACIONAL DE AERONEVEGACION,860518583-7,MARIA PAULA,ambiental@ccmetropolis.com.co,CL 22F 112 09,"BOGOTA, D. C.","BOGOTA, D. C.",4.684672,-74.147548,594545.25,517866.03,18N
2. Electrónica y Equipos de Telecomunicación,2.8 Equipos de telecomunicaciones,SI,2024-05-02,9672,TELÉFONOS CONVENCIONALES,13.03,Gestionado por Reconecta,Aprovechamiento,REP - 15 - 9316,Eco Industria SAS,Parque Industrial San Jorge,COASPHARMA SAS,800149695-1,JENNY PRIETO,gestionambiental@cruzverde.com.co,CL 18A 28A 43,"BOGOTA, D. C.","BOGOTA, D. C.",4.616733,-74.088402,601115.34,510363.54,18N
2. Electrónica y Equipos de Telecomunicación,"2.10 Periféricos, partes y tarjetas para computadores e impresoras",SI,2024-01-16,9792,"PERIFERICOS (MOUSE, TECLADO, AUDIFONOS, CAMARAS Y OTROS)",22.0,Gestionado por Reconecta,Aprovechamiento,REP - 30 - 9339,Eco Industria SAS,Parque Industrial San Jorge,Coéxito S.A.S.,860010451-1,DANIELA PEÑA,ambiental@casalimpia.com.co,KR 15 106 73,"BOGOTA, D. C.","BOGOTA, D. C.",4.691607,-74.045436,605870.41,518647.3,18N
1. Aparatos electrodomésticos,1.8 Equipos de acondicionamiento de aire,SI,2024-01-28,10327,APARATOS DE AIRE ACONDICIONADO,292.0,Centro de Acopio,Aprovechamiento,REP - 30 - 9339,Eco Industria SAS,Parque Industrial San Jorge,Coéxito S.A.S.,800149695-1,JENNY PRIETO,gestionambiental@cruzverde.com.co,AC 28 19B 11,"BOGOTA, D. C.","BOGOTA, D. C.",4.620358,-74.07506,602594.85,510766.2,18N
2. Electrónica y Equipos de Telecomunicación,"2.10 Periféricos, partes y tarjetas para computadores e impresoras",SI,2024-03-08,9614,TONNER,1.0,Gestionado por Reconecta,Aprovechamiento,REP - 29 - 9315,Eco Industria SAS,Parque Industrial San Jorge,Coéxito S.A.S.,800149695-1,JENNY PRIETO,gestionambiental@cruzverde.com.co,AC 72 28A 28,"BOGOTA, D. C.","BOGOTA, D. C.",4.665887,-74.070713,603070.46,515800.14,18N
3. Maquinaria y Equipo Eléctrico,3.4 Equipos de iluminación,SI,2024-10-21,11297,BOMBILLOS COMPACTOS - SIGNIFY,0.2,Centro de Acopio,Aprovechamiento,REP - 14 - 9308,Eco Industria SAS,Parque Industrial San Jorge,Coéxito S.A.S.,860010451-1,DANIELA PEÑA,ambiental@casalimpia.com.co,Av. de las Amércias 51-39,"BOGOTA, D. C.","BOGOTA, D. C.",4.62691,-74.10872,598860.06,511485.76,18N
2. Electrónica y Equipos de Telecomunicación,2.8 Equipos de telecomunicaciones,SI,2024-04-10,10513,CELULARES,8.81,Centro de Acopio,Aprovechamiento,REP - 29 - 9315,Eco Industria SAS,Parque Industrial San Jorge,Coéxito S.A.S.,830142201-4,LUZ DARY LEGUIZAMON,test@mts.com.co,AC 116 60 19,"BOGOTA, D. C.","BOGOTA, D. C.",4.699739,-74.070612,603076.71,519542.55,18N
2. Electrónica y Equipos de Telecomunicación,2.4 Computadores y equipos para tratamiento de datos,SI,2024-11-27,11497,ORDENADORES PERSONALES O PORTATILES,33.67,Centro de Acopio,Aprovechamiento,REP - 30 - 9339,Eco Industria SAS,Parque Industrial San Jorge,Coéxito S.A.S.,860010451-1,DANIELA PEÑA,ambiental@casalimpia.com.co,AK 30 15 82,"BOGOTA, D. C.","BOGOTA, D. C.",4.61558,-74.090294,600905.62,510235.8,18N
2. Electrónica y Equipos de Telecomunicación,"2.10 Periféricos, partes y tarjetas para computadores e impresoras",SI,2024-06-22,9405,TONER DE IMPRESORA Y CARTUCHOS USADOS,10.0,Gestionado por Reconecta,Aprovechamiento,REP-86-9030,Eco Industria SAS,Parque Industrial San Jorge,Coéxito S.A.S.,800087297-6,LUZ STELLA CELIS,co.recepcionfacturase@la.spectrumbrands.com,Avenida Boyacá # 48 A 76,"BOGOTA, D. C.","BOGOTA, D. C.",4.66777,-74.10998,598714.6,516002.68,18N
1. Aparatos electrodomésticos,1.5 Enseres menores de cocina,SI,2024-08-17,9011,TOSTADORA,2.9,Centro de Acopio,Aprovechamiento,REP - 15 - 9316,Eco Industria SAS,Parque Industrial San Jorge,Coéxito S.A.S.,900836968-7,LEONARDO BENAVIDES,test@signify.com,CL 63F 26 41,"BOGOTA, D. C.","BOGOTA, D. C.",4.655678,-74.073195,602796.63,514671.15,18N
2. Electrónica y Equipos de Telecomunicación,"2.10 Periféricos, partes y tarjetas para computadores e impresoras",SI,2024-01-14,9632,"PERIFERICOS (MOUSE, TECLADO, AUDIFONOS, CAMARAS Y OTROS)",3.0,Centro de Acopio,Aprovechamiento,REP - 15 - 9316,Eco Industria SAS,Parque Industrial San Jorge,COLEGIO ATANASIO GIRARDOT (IED),830142201-4,LUZ DARY LEGUIZAMON,test@mts.com.co,CL 14 S 28 16,"BOGOTA, D. C.","BOGOTA, D. C.",4.59435,-74.104589,599322.82,507886.8,18N
1. Aparatos electrodomésticos,1.2 Enseres de audio y video,SI,2024-02-28,10002,"OTROS PRODUCTOS O APARATOS DE TRANSMISION DE SONIDO, IMAGENES U OTRA INFORMACION POR TELECOMUNICACION",4.28,Centro de Acopio,Aprovechamiento,REP - 15 - 9316,Eco Industria SAS,Parque Industrial San Jorge,COLEGIO CIUDADELA EL PORVENIR,800149695-1,JENNY PRIETO,gestionambiental@cruzverde.com.co,CL 52 S 97C 35,"BOGOTA, D. C.","BOGOTA, D. C.",4.640854,-74.187166,590156.51,513016.8,18N
1. Aparatos electrodomésticos,1.4 Enseres menores de calentamiento,SI,2024-03-13,9587,APARATOS ELECTRODOMESTICOS,24.0,Gestionado por Reconecta,Aprovechamiento,REP-86-9030,Eco Industria SAS,Parque Industrial San Jorge,COLEGIO COLOMBO GALES,860010451-1,DANIELA PEÑA,ambiental@casalimpia.com.co,Av. Guaymaral,"BOGOTA, D. C.","BOGOTA, D. C.",4.80797,-74.06929,603207.23,531507.92,18N
1. Aparatos electrodomésticos,1.6 Enseres menores del hogar,SI,2024-08-04,11838,VENTILADORES ELECTRICOS,20.0,Centro de Acopio,Aprovechamiento,REP - 30 - 9339,Eco Industria SAS,Parque Industrial San Jorge,COLEGIO DE LA ENSEÑANZA,830142201-4,LUZ DARY LEGUIZAMON,test@mts.com.co,AC 201 67 12,"BOGOTA, D. C.","BOGOTA, D. C.",4.780105,-74.053395,604974.25,528429.79,18N
2. Electrónica y Equipos de Telecomunicación,"2.10 Periféricos, partes y tarjetas para computadores e impresoras",SI,2024-05-03,10489,TONER DE IMPRESORA SUELTO,1.2,Gestionado por Reconecta,Aprovechamiento,REP - 29 - 9315,Eco Industria SAS,Parque Industrial San Jorge,COLEGIO GIMNASIO DE LA MONTAÑA,830142201-4,LUZ DARY LEGUIZAMON,test@mts.com.co,KR 68 D 80 77,"BOGOTA, D. C.","BOGOTA, D. C.",4.686094,-74.079367,602107.61,518032.79,18N
2. Electrónica y Equipos de Telecomunicación,"2.10 Periféricos, partes y tarjetas para computadores e impresoras",SI,2024-04-17,10358,Tonner De Impresora / Aprovechamiento,13.5,Gestionado por Reconecta,Aprovechamiento,REP - 30 - 9339,Eco Industria SAS,Parque Industrial San Jorge,COLEGIO GIMNASIO FEMENINO,900836968-7,LEONARDO BENAVIDES,test@signify.com,KR 7 128 40 Barrio Bella Suiza,"BOGOTA, D. C.","BOGOTA, D. C.",4.65107,-74.148798,594411.09,514151.18,18N
1. Aparatos electrodomésticos,1.4 Enseres menores de calentamiento,SI,2024-04-22,11371,HORNOS DE MICROONDAS/ APARATOS ELECTRODOMESTICOS,67.0,Centro de Acopio,Aprovechamiento,REP - 15 - 9316,Eco Industria SAS,Parque Industrial San Jorge,COLEGIO LOS NOGALES,830143447-3,Ana Maria Suarez,test@portal80.com.co,CL 202 56 50,"BOGOTA, D. C.","BOGOTA, D. C.",4.781218,-74.054303,604873.38,528552.69,18N
3. Maquinaria y Equipo Eléctrico,3.4 Equipos de iluminación,SI,2024-05-16,11477,TUBOS FLUORESCENTES - SIGNIFY,1.8,Gestionado por Reconecta,Aprovechamiento,REP - 15 - 9316,Eco Industria SAS,Parque Industrial San Jorge,COLEGIO MAYOR DE NUESTRA SEÑORA DEL ROSARIO,900836968-7,LEONARDO BENAVIDES,test@signify.com,AK 45 198 40,"BOGOTA, D. C.","BOGOTA, D. C.",4.777841,-74.041612,606281.4,528181.3,18N
2. Electrónica y Equipos de Telecomunicación,2.4 Computadores y equipos para tratamiento de datos,SI,2024-12-17,11805,SERVIDORES,3.0,Gestionado por Reconecta,Aprovechamiento,REP - 14 - 9308,Eco Industria SAS,Parque Industrial San Jorge,COLEGIO MAYOR DE NUESTRA SEÑORA DEL ROSARIO,860007386,ANA LUCIA GOMEZ,enlacesambientales@gmail.com,KR 12 6 25,"BOGOTA, D. C.","BOGOTA, D. C.",4.59611,-74.083048,601712.19,508084.4,18N
1. Aparatos electrodomésticos,1.6 Enseres menores del hogar,SI,2024-12-27,9960,MAQUINAS DE COSER,119.2,Centro de Acopio,Aprovechamiento,REP - 14 - 9308,Eco Industria SAS,Parque Industrial San Jorge,COLEGIO MAYOR DE NUESTRA SEÑORA DEL ROSARIO,830143447-3,Ana Maria Suarez,test@portal80.com.co,KR 24 63C 69,"BOGOTA, D. C.","BOGOTA, D. C.",4.654087,-74.072054,602923.43,514495.43,18N
1. Aparatos electrodomésticos,1.4 Enseres menores de calentamiento,SI,2024-09-23,9121,APARATOS ELECTRODOMESTICOS,1470.0,Gestionado por Reconecta,Aprovechamiento,REP - 29 - 9315,Eco Industria SAS,Parque Industrial San Jorge,COLEGIO MINUTO DE DIOS,860518583-7,MARIA PAULA,ambiental@ccmetropolis.com.co,TV 74 81C 05,"BOGOTA, D. C.","BOGOTA, D. C.",4.698954,-74.090392,600882.87,519452.88,18N
2. Electrónica y Equipos de Telecomunicación,2.8 Equipos de telecomunicaciones,SI,2024-05-07,11128,"TELÉFONOS; PÚBLICOS, INALÁMBRICOS Y MÓVILES",3.0,Centro de Acopio,Aprovechamiento,REP - 30 - 9339,Eco Industria SAS,Parque Industrial San Jorge,COLEGIO NACIONAL DE QUÍMICOS,860007386,ANA LUCIA GOMEZ,enlacesambientales@gmail.com,KR 16 31A 30,"BOGOTA, D. C.","BOGOTA, D. C.",4.620117,-74.071783,602958.41,510740.03,18N
2. Electrónica y Equipos de Telecomunicación,"2.10 Periféricos, partes y tarjetas para computadores e impresoras",SI,2024-11-27,10079,TONNER EN DESUSO,7.0,Gestionado por Reconecta,Aprovechamiento,REP - 14 - 9308,Eco Industria SAS,Parque Industrial San Jorge,COLEGIO PARAISO DE MANUELA BELTRAN,830143447-3,Ana Maria Suarez,test@portal80.com.co,KR 46 73A 48,"BOGOTA, D. C.","BOGOTA, D. C.",4.57126,-74.164365,592694.7,505326.21,18N
2. Electrónica y Equipos de Telecomunicación,2.6 Equipos de electrónica de potencia,SI,2024-04-18,9534,BALASTOS,29.0,Centro de Acopio,Aprovechamiento,REP - 30 - 9339,Eco Industria SAS,Parque Industrial San Jorge,COLEGIO RURAL EL DESTI (IED),860007386,ANA LUCIA GOMEZ,enlacesambientales@gmail.com,k.m. 7 Vía San Juan de Sumapaz,"BOGOTA, D. C.","BOGOTA, D. C.",4.40812,-74.13824,595614.13,487294.62,18N
1. Aparatos electrodomésticos,1.4 Enseres menores de calentamiento,SI,2024-04-30,11849,APARATOS ELECTRODOMESTICOS/HORNOS ELECTRICOS,45.0,Gestionado por Reconecta,Aprovechamiento,REP - 14 - 9308,Eco Industria SAS,Parque Industrial San Jorge,COLLIERS INTERNATIONAL COLOMBIA S.A. FLORMORADO PLAZA,860010451-1,DANIELA PEÑA,ambiental@casalimpia.com.co,KR 7 116 50,"BOGOTA, D. C.","BOGOTA, D. C.",4.694313,-74.032727,607279.68,518948.39,18N
2. Electrónica y Equipos de Telecomunicación,"2.10 Periféricos, partes y tarjetas para computadores e impresoras",SI,2024-07-12,11032,ups,25.8,Centro de Acopio,Aprovechamiento,REP - 30 - 9339,Eco Industria SAS,Parque Industrial San Jorge,COLOMBIA FARMA,800149695-1,JENNY PRIETO,gestionambiental@cruzverde.com.co,KR 28 8 96,"BOGOTA, D. C.","BOGOTA, D. C.",4.608041,-74.093983,600497.46,509401.84,18N
2. Electrónica y Equipos de Telecomunicación,2.4 Computadores y equipos para tratamiento de datos,SI,2024-11-10,11828,SERVIDORES,9.63,Gestionado por Reconecta,Aprovechamiento,REP - 15 - 9316,Eco Industria SAS,Parque Industrial San Jorge,COLOMBIANA DE COMERCIO S.A,860007386,ANA LUCIA GOMEZ,enlacesambientales@gmail.com,CL 134 bis 19 05,"BOGOTA, D. C.","BOGOTA, D. C.",4.718392,-74.047235,605666.83,521608.18,18N
1. Aparatos electrodomésticos,1.1 Cocinas y hornos,SI,2024-01-10,11273,HORNOS DE MICROONDAS,28.0,Gestionado por Reconecta,Aprovechamiento,REP-86-9030,Eco Industria SAS,Parque Industrial San Jorge,COLOMBIANA DE COMERCIO S.A,830143447-3,Ana Maria Suarez,test@portal80.com.co,CL 72 25  14,"BOGOTA, D. C.","BOGOTA, D. C.",4.663607,-74.067708,603404.12,515548.52,18N
2. Electrónica y Equipos de Telecomunicación,"2.10 Periféricos, partes y tarjetas para computadores e impresoras",SI,2024-04-04,10975,TONNER EN DESUSO,7.0,Gestionado por Reconecta,Aprovechamiento,REP-86-9030,Eco Industria SAS,Parque Industrial San Jorge,COLOMBIANA DE COMERCIO S.A,860518583-7,MARIA PAULA,ambiental@ccmetropolis.com.co,AK 72 73 A 31,"BOGOTA, D. C.","BOGOTA, D. C.",4.689305,-74.093919,600493.05,518385.67,18N
2. Electrónica y Equipos de Telecomunicación,"2.10 Periféricos, partes y tarjetas para computadores e impresoras",SI,2024-07-27,10350,ups,25.8,Gestionado por Reconecta,Aprovechamiento,REP - 30 - 9339,Eco Industria SAS,Parque Industrial San Jorge,COLOMBIANA DE COMERCIO S.A,860010451-1,DANIELA PEÑA,ambiental@casalimpia.com.co,KR 30 8 74,"BOGOTA, D. C.","BOGOTA, D. C.",4.609011,-74.095705,600306.3,509508.83,18N
1. Aparatos electrodomésticos,1.1 Cocinas y hornos,SI,2024-03-29,9207,HORNOS DE MICROONDAS,10.0,Gestionado por Reconecta,Aprovechamiento,REP - 30 - 9339,Eco Industria SAS,Parque Industrial San Jorge,COLPILAS S.A.S,860007386,ANA LUCIA GOMEZ,enlacesambientales@gmail.com,KR 56 4B 84,"BOGOTA, D. C.","BOGOTA, D. C.",4.622135,-74.117427,597894.86,510956.67,18N
2. Electrónica y Equipos de Telecomunicación,2.8 Equipos de telecomunicaciones,SI,2024-01-28,11391,TERMINALES DE TELEX,16.0,Centro de Acopio,Aprovechamiento,REP - 29 - 9315,Eco Industria SAS,Parque Industrial San Jorge,COLSUBSIDIO,830143447-3,Ana Maria Suarez,test@portal80.com.co,CL 33 S 52A 77,"BOGOTA, D. C.","BOGOTA, D. C.",4.60469,-74.129235,596587.38,509026.51,18N
2. Electrónica y Equipos de Telecomunicación,"2.10 Periféricos, partes y tarjetas para computadores e impresoras",SI,2024-01-06,11871,Tonner De Impresora / Aprovechamiento,1.0,Centro de Acopio,Aprovechamiento,REP - 14 - 9308,Eco Industria SAS,Parque Industrial San Jorge,COLSUBSIDIO,830142201-4,LUZ DARY LEGUIZAMON,test@mts.com.co,AC 80 111C 98,"BOGOTA, D. C.","BOGOTA, D. C.",4.719544,-74.119144,597690.91,521725.04,18N
2. Electrónica y Equipos de Telecomunicación,2.8 Equipos de telecomunicaciones,SI,2024-01-14,10928,TELEFONOS INALAMBRICOS,5.29,Gestionado por Reconecta,Aprovechamiento,REP - 29 - 9315,Eco Industria SAS,Parque Industrial San Jorge,COLSUBSIDIO,800087297-6,LUZ STELLA CELIS,co.recepcionfacturase@la.spectrumbrands.com,CL 167 48 55,"BOGOTA, D. C.","BOGOTA, D. C.",4.748239,-74.049186,605445.91,524907.55,18N
2. Electrónica y Equipos de Telecomunicación,"2.10 Periféricos, partes y tarjetas para computadores e impresoras",SI,2024-12-31,10882,ups,25.8,Centro de Acopio,Aprovechamiento,REP - 15 - 9316,Eco Industria SAS,Parque Industrial San Jorge,COLSUBSIDIO,860518583-7,MARIA PAULA,ambiental@ccmetropolis.com.co,KR 111C 86 05,"BOGOTA, D. C.","BOGOTA, D. C.",4.722981,-74.113536,598312.43,522105.79,18N
1. Aparatos electrodomésticos,1.5 Enseres menores de cocina,SI,2024-10-28,10693,OTROS GRANDES APARATOS UTILIZADOS PARA COCINAR Y EN OTROS PROCESOS DE TRANSFORMACION DE LOS ALIMENTOS. APARATOS DE CALEFACCION ELECTRICOS,130.0,Gestionado por Reconecta,Aprovechamiento,REP - 29 - 9315,Eco Industria SAS,Parque Industrial San Jorge,COLSUBSIDIO,860010451-1,DANIELA PEÑA,ambiental@casalimpia.com.co,AK 45 176 31,"BOGOTA, D. C.","BOGOTA, D. C.",4.757122,-74.046195,605776.29,525890.05,18N
1. Aparatos electrodomésticos,1.2 Enseres de audio y video,SI,2024-10-03,10543,APARATOS DE GRABACION DE VIDEO,3.0,Gestionado por Reconecta,Aprovechamiento,REP - 15 - 9316,Eco Industria SAS,Parque Industrial San Jorge,COLSUBSIDIO,900836968-7,LEONARDO BENAVIDES,test@signify.com,CL 63 24 45,"BOGOTA, D. C.","BOGOTA, D. C.",4.651018,-74.073198,602796.98,514155.98,18N
2. Electrónica y Equipos de Telecomunicación,2.8 Equipos de telecomunicaciones,SI,2024-07-04,10350,TELÉFONOS CONVENCIONALES,20.0,Gestionado por Reconecta,Aprovechamiento,REP - 29 - 9315,Eco Industria SAS,Parque Industrial San Jorge,COLSUBSIDIO,900836968-7,LEONARDO BENAVIDES,test@signify.com,CL 24A 24 34,"BOGOTA, D. C.","BOGOTA, D. C.",4.620168,-74.078678,602193.54,510744.67,18N
2. Electrónica y Equipos de Telecomunicación,2.4 Computadores y equipos para tratamiento de datos,SI,2024-04-22,10187,DM - IMPRESORAS Y SCANNER,30.3,Gestionado por Reconecta,Aprovechamiento,REP - 15 - 9316,Eco Industria SAS,Parque Industrial San Jorge,COLSUBSIDIO,800149695-1,JENNY PRIETO,gestionambiental@cruzverde.com.co,AC 26 25 07,"BOGOTA, D. C.","BOGOTA, D. C.",4.621737,-74.077531,602320.55,510918.29,18N
3. Maquinaria y Equipo Eléctrico,3.12 Refrigeración y equipos de acondicionamiento de aire industriales,SI,2024-02-21,9445,MÁQUINAS DISPENSADORAS DE BEBIDAS CALIENTES,14.2,Centro de Acopio,Aprovechamiento,REP - 30 - 9339,Eco Industria SAS,Parque Industrial San Jorge,COLSUBSIDIO AV. 15,830143447-3,Ana Maria Suarez,test@portal80.com.co,KR 15 74 22,"BOGOTA, D. C.","BOGOTA, D. C.",4.661195,-74.060117,604246.49,515282.98,18N
1. Aparatos electrodomésticos,1.1 Cocinas y hornos,SI,2024-05-12,9841,HORNOS ELECTRICOS,243.44,Gestionado por Reconecta,Aprovechamiento,REP-86-9030,Eco Industria SAS,Parque Industrial San Jorge,COLSUBSIDIO AVENIDA CARRERA 14,800149695-1,JENNY PRIETO,gestionambiental@cruzverde.com.co,CL 60 13A 19,"BOGOTA, D. C.","BOGOTA, D. C.",4.64696,-74.064723,603737.66,513708.6,18N
1. Aparatos electrodomésticos,1.4 Enseres menores de calentamiento,SI,2024-05-01,9883,HORNOS DE MICROONDAS/ APARATOS ELECTRODOMESTICOS,67.0,Gestionado por Reconecta,Aprovechamiento,REP - 30 - 9339,Eco Industria SAS,Parque Industrial San Jorge,COLSUBSIDIO CALLE 26 SEGUNDO CONTENEDOR,830142201-4,LUZ DARY LEGUIZAMON,test@mts.com.co,CL 26 24 34,"BOGOTA, D. C.","BOGOTA, D. C.",4.622683,-74.077734,602297.89,511022.84,18N
2. Electrónica y Equipos de Telecomunicación,2.4 Computadores y equipos para tratamiento de datos,SI,2024-01-11,10904,TABLETAS,1.2,Centro de Acopio,Aprovechamiento,REP - 14 - 9308,Eco Industria SAS,Parque Industrial San Jorge,COLSUBSIDIO CALLE 67,830143447-3,Ana Maria Suarez,test@portal80.com.co,CL 67 10A 02,"BOGOTA, D. C.","BOGOTA, D. C.",4.652503,-74.060901,604160.81,514321.95,18N
2. Electrónica y Equipos de Telecomunicación,2.8 Equipos de telecomunicaciones,SI,2024-06-01,9230,TELEFONOS INALAMBRICOS,5.0,Centro de Acopio,Aprovechamiento,REP - 14 - 9308,Eco Industria SAS,Parque Industrial San Jorge,COLSUBSIDIO CALLE 97,800087297-6,LUZ STELLA CELIS,co.recepcionfacturase@la.spectrumbrands.com,KR 45 97 80,"BOGOTA, D. C.","BOGOTA, D. C.",4.685745,-74.056947,604594.48,517997.51,18N
1. Aparatos electrodomésticos,1.5 Enseres menores de cocina,SI,2024-02-20,11866,TOSTADORA,2.9,Gestionado por Reconecta,Aprovechamiento,REP - 14 - 9308,Eco Industria SAS,Parque Industrial San Jorge,COLSUBSIDIO CENTRO LAS NIEVES,860518583-7,MARIA PAULA,ambiental@ccmetropolis.com.co,KR 7 21 52,"BOGOTA, D. C.","BOGOTA, D. C.",4.607414,-74.070838,603065.07,509335.83,18N
3. Maquinaria y Equipo Eléctrico,3.4 Equipos de iluminación,SI,2024-07-18,11890,BOMBILLOS COMPACTOS - SIGNIFY,0.2,Centro de Acopio,Aprovechamiento,REP - 29 - 9315,Eco Industria SAS,Parque Industrial San Jorge,COLSUBSIDIO CIUDAD ROMA,830143447-3,Ana Maria Suarez,test@portal80.com.co,KR 80 53 20 S,"BOGOTA, D. C.","BOGOTA, D. C.",4.615551,-74.172881,591744.32,510221.42,18N
3. Maquinaria y Equipo Eléctrico,3.9 Otros aparatos y sistemas,SI,2024-02-22,11543,MAQUINA EXPENDEDORA AUTOMATICAS DE DINERO,37.0,Centro de Acopio,Aprovechamiento,REP - 29 - 9315,Eco Industria SAS,Parque Industrial San Jorge,COLSUBSIDIO COLINA CAMPESTRE,860518583-7,MARIA PAULA,ambiental@ccmetropolis.com.co,AC 138 58 74,"BOGOTA, D. C.","BOGOTA, D. C.",4.728946,-74.066082,603574.84,522772.12,18N
3. Maquinaria y Equipo Eléctrico,3.11 Pilas y acumuladores,SI,2024-04-11,11444,PILAS,2.27,Gestionado por Reconecta,Aprovechamiento,REP - 29 - 9315,Eco Industria SAS,Parque Industrial San Jorge,COLSUBSIDIO COLINA CLUB,830143447-3,Ana Maria Suarez,test@portal80.com.co,TV 76 131 90,"BOGOTA, D. C.","BOGOTA, D. C.",4.725238,-74.074612,602629.29,522360.93,18N
1. Aparatos electrodomésticos,1.6 Enseres menores del hogar,SI,2024-08-11,9691,"RELOJES Y APARATOS DESTINADOS A MEDIR, INDICAR O REGISTRAR EL TIEMPO",45.0,Centro de Acopio,Aprovechamiento,REP - 14 - 9308,Eco Industria SAS,Parque Industrial San Jorge,COLSUBSIDIO DISPENSARIO BARRIOS UNIDOS,860010451-1,DANIELA PEÑA,ambiental@casalimpia.com.co,KR 52 67A 30,"BOGOTA, D. C.","BOGOTA, D. C.",4.664949,-74.078096,602251.65,515695.36,18N
2. Electrónica y Equipos de Telecomunicación,"2.10 Periféricos, partes y tarjetas para computadores e impresoras",SI,2024-09-24,9890,Tonner De Impresora / Aprovechamiento,10.16,Centro de Acopio,Aprovechamiento,REP - 30 - 9339,Eco Industria SAS,Parque Industrial San Jorge,COLSUBSIDIO DROGUERÍA CALLE 100,860010451-1,DANIELA PEÑA,ambiental@casalimpia.com.co,CL 100 19A 13,"BOGOTA, D. C.","BOGOTA, D. C.",4.685826,-74.053207,605009.32,518007.03,18N
1. Aparatos electrodomésticos,1.4 Enseres menores de calentamiento,SI,2024-04-18,10714,FREIDORAS,896.7,Gestionado por Reconecta,Aprovechamiento,REP - 30 - 9339,Eco Industria SAS,Parque Industrial San Jorge,COLSUBSIDIO DROGUERIA CALLE 63,800149695-1,JENNY PRIETO,gestionambiental@cruzverde.com.co,CL 63 24 45,"BOGOTA, D. C.","BOGOTA, D. C.",4.651018,-74.073198,602796.98,514155.98,18N
1. Aparatos electrodomésticos,1.4 Enseres menores de calentamiento,SI,2024-03-11,10122,APARATOS ELECTRODOMESTICOS/HORNOS DE MICROONDAS,21.7,Centro de Acopio,Aprovechamiento,REP - 15 - 9316,Eco Industria SAS,Parque Industrial San Jorge,COLSUBSIDIO DROGUERÍA DOMICILIOS,800149695-1,JENNY PRIETO,gestionambiental@cruzverde.com.co,CL 4 S 68A 03,"BOGOTA, D. C.","BOGOTA, D. C.",4.618902,-74.126952,596838.71,510597.96,18N
3. Maquinaria y Equipo Eléctrico,3.12 Refrigeración y equipos de acondicionamiento de aire industriales,SI,2024-04-28,9121,MÁQUINAS DISPENSADORAS DE BEBIDAS CALIENTES,14.2,Gestionado por Reconecta,Aprovechamiento,REP - 29 - 9315,Eco Industria SAS,Parque Industrial San Jorge,COLSUBSIDIO DROGUERÍA KENNEDY,860007386,ANA LUCIA GOMEZ,enlacesambientales@gmail.com,CL 37 S 78J 21,"BOGOTA, D. C.","BOGOTA, D. C.",4.623795,-74.153191,593927.41,511135.36,18N
2. Electrónica y Equipos de Telecomunicación,"2.10 Periféricos, partes y tarjetas para computadores e impresoras",SI,2024-08-29,11360,TONNER Y CARTUCHOS EN DESUSO,4.0,Gestionado por Reconecta,Aprovechamiento,REP-86-9030,Eco Industria SAS,Parque Industrial San Jorge,COLSUBSIDIO DROGUERÍA SANTA LIBRADA,860518583-7,MARIA PAULA,ambiental@ccmetropolis.com.co,AV KR 1A # 76 A 04 SUR,"BOGOTA, D. C.","BOGOTA, D. C.",4.51224,-74.115274,598148.63,498808.06,18N
1. Aparatos electrodomésticos,1.5 Enseres menores de cocina,SI,2024-01-19,9880,OTROS GRANDES APARATOS UTILIZADOS PARA COCINAR Y EN OTROS PROCESOS DE TRANSFORMACION DE LOS ALIMENTOS. APARATOS DE CALEFACCION ELECTRICOS,102.48,Gestionado por Reconecta,Aprovechamiento,REP - 29 - 9315,Eco Industria SAS,Parque Industrial San Jorge,COLSUBSIDIO DROGUERÍA SUBAZAR,830142201-4,LUZ DARY LEGUIZAMON,test@mts.com.co,CL 145B 91 35,"BOGOTA, D. C.","BOGOTA, D. C.",4.739196,-74.084977,601477.64,523902.48,18N
1. Aparatos electrodomésticos,1.2 Enseres de audio y video,SI,2024-01-24,11425,"OTROS PRODUCTOS O APARATOS DE TRANSMISION DE SONIDO, IMAGENES U OTRA INFORMACION POR TELECOMUNICACION",29.63,Centro de Acopio,Aprovechamiento,REP - 14 - 9308,Eco Industria SAS,Parque Industrial San Jorge,COLSUBSIDIO EL BOSQUE,860518583-7,MARIA PAULA,ambiental@ccmetropolis.com.co,AC 134 7B 83,"BOGOTA, D. C.","BOGOTA, D. C.",4.712187,-74.032083,607348.37,520924.52,18N
2. Electrónica y Equipos de Telecomunicación,2.4 Computadores y equipos para tratamiento de datos,SI,2024-03-27,9436,TABLETAS,1.2,Centro de Acopio,Aprovechamiento,REP - 14 - 9308,Eco Industria SAS,Parque Industrial San Jorge,COLSUBSIDIO EL LAGO,860007386,ANA LUCIA GOMEZ,enlacesambientales@gmail.com,KR 15 78 02,"BOGOTA, D. C.","BOGOTA, D. C.",4.664689,-74.057967,604484.47,515669.57,18N
2. Electrónica y Equipos de Telecomunicación,2.4 Computadores y equipos para tratamiento de datos,SI,2024-07-15,9419,EQUIPOS DE COMPUTO DE MESA,105.0,Centro de Acopio,Aprovechamiento,REP-86-9030,Eco Industria SAS,Parque Industrial San Jorge,COLSUBSIDIO FERIAS,800087297-6,LUZ STELLA CELIS,co.recepcionfacturase@la.spectrumbrands.com,AC 72 69K 06,"BOGOTA, D. C.","BOGOTA, D. C.",4.683134,-74.090595,600862.62,517703.93,18N
1. Aparatos electrodomésticos,1.6 Enseres menores del hogar,SI,2024-12-31,11006,"RELOJES Y APARATOS DESTINADOS A MEDIR, INDICAR O REGISTRAR EL TIEMPO",0.5,Gestionado por Reconecta,Aprovechamiento,REP - 29 - 9315,Eco Industria SAS,Parque Industrial San Jorge,COLSUBSIDIO FONTIBÓN VILLA NUEVA,830143447-3,Ana Maria Suarez,test@portal80.com.co,CL 19A 114 12,"BOGOTA, D. C.","BOGOTA, D. C.",4.684062,-74.151368,594121.63,517798.08,18N
1. Aparatos electrodomésticos,1.8 Equipos de acondicionamiento de aire,SI,2024-01-13,9615,APARATOS DE AIRE ACONDICIONADO,35.0,Gestionado por Reconecta,Aprovechamiento,REP-86-9030,Eco Industria SAS,Parque Industrial San Jorge,COLSUBSIDIO GALERIAS,830142201-4,LUZ DARY LEGUIZAMON,test@mts.com.co,TV 24 53 22,"BOGOTA, D. C.","BOGOTA, D. C.",4.642114,-74.073816,602729.71,513171.54,18N
2. Electrónica y Equipos de Telecomunicación,2.4 Computadores y equipos para tratamiento de datos,SI,2024-01-10,9316,EQUIPOS DE COMPUTO DE MESA,46.0,Centro de Acopio,Aprovechamiento,REP - 30 - 9339,Eco Industria SAS,Parque Industrial San Jorge,COLSUBSIDIO INDEPENDIENTE CHICO,860007386,ANA LUCIA GOMEZ,enlacesambientales@gmail.com,CL 90 15 51,"BOGOTA, D. C.","BOGOTA, D. C.",4.674616,-74.053579,604969.72,516767.68,18N
2. Electrónica y Equipos de Telecomunicación,2.7 Equipos de instrumentación y control,SI,2024-07-31,11078,BASCULA,2.1,Gestionado por Reconecta,Aprovechamiento,REP-86-9030,Eco Industria SAS,Parque Industrial San Jorge,COLSUBSIDIO IPANEMA,860007386,ANA LUCIA GOMEZ,enlacesambientales@gmail.com,CL 26 S 93D 12,"BOGOTA, D. C.","BOGOTA, D. C.",4.64845,-74.168131,592266.96,513858.98,18N
1. Aparatos electrodomésticos,1.9 Herramientas para el hogar,SI,2024-06-02,10082,TALADRADORAS,2.0,Centro de Acopio,Aprovechamiento,REP - 15 - 9316,Eco Industria SAS,Parque Industrial San Jorge,COLSUBSIDIO LA CAPILLA,800149695-1,JENNY PRIETO,gestionambiental@cruzverde.com.co,KR 13 49 55,"BOGOTA, D. C.","BOGOTA, D. C.",4.6368,-74.065778,603622.12,512585.24,18N
1. Aparatos electrodomésticos,1.5 Enseres menores de cocina,SI,2024-02-05,11372,TOSTADORA,2.9,Gestionado por Reconecta,Aprovechamiento,REP - 30 - 9339,Eco Industria SAS,Parque Industrial San Jorge,COLSUBSIDIO LA SOLEDAD,900836968-7,LEONARDO BENAVIDES,test@signify.com,KR 24 39B 23,"BOGOTA, D. C.","BOGOTA, D. C.",4.629974,-74.075378,602558.2,511829.21,18N
2. Electrónica y Equipos de Telecomunicación,2.4 Computadores y equipos para tratamiento de datos,SI,2024-06-04,9162,COMPUTADORES TODO EN UNO,12.4,Centro de Acopio,Aprovechamiento,REP - 29 - 9315,Eco Industria SAS,Parque Industrial San Jorge,COLSUBSIDIO PUENTE ARANDA,860518583-7,MARIA PAULA,ambiental@ccmetropolis.com.co,AC 13 62 96,"BOGOTA, D. C.","BOGOTA, D. C.",4.63469,-74.114532,598214.27,512345.03,18N
1. Aparatos electrodomésticos,1.6 Enseres menores del hogar,SI,2024-08-04,9219,"RELOJES Y APARATOS DESTINADOS A MEDIR, INDICAR O REGISTRAR EL TIEMPO",0.2,Gestionado por Reconecta,Aprovechamiento,REP - 15 - 9316,Eco Industria SAS,Parque Industrial San Jorge,COLSUBSIDIO QUINTA CAMACHO,830143447-3,Ana Maria Suarez,test@portal80.com.co,CL 67 7 35,"BOGOTA, D. C.","BOGOTA, D. C.",4.650936,-74.058731,604401.75,514149.03,18N
2. Electrónica y Equipos de Telecomunicación,2.4 Computadores y equipos para tratamiento de datos,SI,2024-07-26,9978,EQUIPOS DE COMPUTO DE MESA,46.0,Centro de Acopio,Aprovechamiento,REP - 15 - 9316,Eco Industria SAS,Parque Industrial San Jorge,COLSUBSIDIO QUIRIGUÁ,860518583-7,MARIA PAULA,ambiental@ccmetropolis.com.co,KR 94K 80B 09,"BOGOTA, D. C.","BOGOTA, D. C.",4.70779,-74.107631,598969.52,520427.25,18N
2. Electrónica y Equipos de Telecomunicación,2.4 Computadores y equipos para tratamiento de datos,SI,2024-12-10,10219,TABLETAS,1.12,Centro de Acopio,Aprovechamiento,REP - 30 - 9339,Eco Industria SAS,Parque Industrial San Jorge,COLSUBSIDIO SAN PATRICIO,800149695-1,JENNY PRIETO,gestionambiental@cruzverde.com.co,KR 15 108 09,"BOGOTA, D. C.","BOGOTA, D. C.",4.692129,-74.045156,605901.39,518705.05,18N
1. Aparatos electrodomésticos,1.8 Equipos de acondicionamiento de aire,SI,2024-03-16,9177,APARATOS DE AIRE ACONDICIONADO,100.31,Centro de Acopio,Aprovechamiento,REP - 29 - 9315,Eco Industria SAS,Parque Industrial San Jorge,COLSUBSIDIO SF CALLE 26,830142201-4,LUZ DARY LEGUIZAMON,test@mts.com.co,KR 27 26 31,"BOGOTA, D. C.","BOGOTA, D. C.",4.623561,-74.078051,602262.6,511119.86,18N
2. Electrónica y Equipos de Telecomunicación,"2.10 Periféricos, partes y tarjetas para computadores e impresoras",SI,2024-09-21,10127,"OTROS PRODUCTOS Y APARATOS PARA LA RECOGIDA, ALMACENAMIENTO, PROCESAMIENTO, PRESENTACIÓN O COMUNICACIÓN DE LA INFORMACIÓN DE MANERA ELECTRÓNICA",2.0,Gestionado por Reconecta,Aprovechamiento,REP-86-9030,Eco Industria SAS,Parque Industrial San Jorge,COLSUBSIDIO SF SURA SUR,800087297-6,LUZ STELLA CELIS,co.recepcionfacturase@la.spectrumbrands.com,KR 13 2 56 S,"BOGOTA, D. C.","BOGOTA, D. C.",4.589252,-74.090171,600922.98,507325.23,18N
1. Aparatos electrodomésticos,1.4 Enseres menores de calentamiento,SI,2024-08-13,9254,FREIDORAS,168.0,Gestionado por Reconecta,Aprovechamiento,REP - 29 - 9315,Eco Industria SAS,Parque Industrial San Jorge,COLSUBSIDIO SF UNIVERSIDAD NACIONAL,860010451-1,DANIELA PEÑA,ambiental@casalimpia.com.co,KR 45 26 85,"BOGOTA, D. C.","BOGOTA, D. C.",4.639421,-74.089816,600955.27,512871.52,18N
1. Aparatos electrodomésticos,1.6 Enseres menores del hogar,SI,2024-06-17,9685,ASPIRADORAS,511.12,Gestionado por Reconecta,Aprovechamiento,REP-86-9030,Eco Industria SAS,Parque Industrial San Jorge,COLSUBSIDIO SHOW PLACE,860518583-7,MARIA PAULA,ambiental@ccmetropolis.com.co,AC 147 7 70,"BOGOTA, D. C.","BOGOTA, D. C.",4.723301,-74.027313,607875.73,522153.94,18N
1. Aparatos electrodomésticos,1.2 Enseres de audio y video,SI,2024-05-12,11126,APARATOS DE GRABACION DE VIDEO,3.0,Gestionado por Reconecta,Aprovechamiento,REP - 15 - 9316,Eco Industria SAS,Parque Industrial San Jorge,COLSUBSIDIO TIBABUYES,800087297-6,LUZ STELLA CELIS,co.recepcionfacturase@la.spectrumbrands.com,KR 136 131B 05,"BOGOTA, D. C.","BOGOTA, D. C.",4.741788,-74.116018,598034.5,524184.57,18N
2. Electrónica y Equipos de Telecomunicación,"2.10 Periféricos, partes y tarjetas para computadores e impresoras",SI,2024-06-22,11695,TONER DE IMPRESORA/APROVECHAMIENTO,56.35,Centro de Acopio,Aprovechamiento,REP-86-9030,Eco Industria SAS,Parque Industrial San Jorge,COLSUBSIDIO VENECIA,830142201-4,LUZ DARY LEGUIZAMON,test@mts.com.co,KR 52C 47A 16 S,"BOGOTA, D. C.","BOGOTA, D. C.",4.591981,-74.137031,595724.26,507620.49,18N
1. Aparatos electrodomésticos,1.4 Enseres menores de calentamiento,SI,2024-03-07,11882,APARATOS ELECTRODOMESTICOS/HORNOS ELECTRICOS,45.0,Gestionado por Reconecta,Aprovechamiento,REP-86-9030,Eco Industria SAS,Parque Industrial San Jorge,Comercializadora Internacional de Llantas S.A.,830142201-4,LUZ DARY LEGUIZAMON,test@mts.com.co,Autopista Sur Calle 38 A Sur 07,"BOGOTA, D. C.","BOGOTA, D. C.",4.59212,-74.12386,597185.33,507637.63,18N
3. Maquinaria y Equipo Eléctrico,3.2 Equipo industrial,SI,2024-04-22,11084,"HERRAMIENTAS PARA MOLDEAR, TORNEAR, PULIR, PUNZAR, PLEGAR, CORTAR Y SOLDAR",32.0,Gestionado por Reconecta,Aprovechamiento,REP-86-9030,Eco Industria SAS,Parque Industrial San Jorge,Comercializadora Internacional de Llantas S.A.,860007386,ANA LUCIA GOMEZ,enlacesambientales@gmail.com,CL 58BIS S 79 30,"BOGOTA, D. C.","BOGOTA, D. C.",4.609176,-74.176863,591303.42,509516.16,18N
3. Maquinaria y Equipo Eléctrico,3.11 Pilas y acumuladores,SI,2024-06-28,9715,BATERIAS DE LITIO,15.0,Gestionado por Reconecta,Aprovechamiento,REP-86-9030,Eco Industria SAS,Parque Industrial San Jorge,Comercializadora Internacional de Llantas S.A.,800149695-1,JENNY PRIETO,gestionambiental@cruzverde.com.co,CL 175 22 13,"BOGOTA, D. C.","BOGOTA, D. C.",4.755606,-74.044909,605919.15,525722.65,18N
1. Aparatos electrodomésticos,1.4 Enseres menores de calentamiento,SI,2024-11-24,10965,APARATOS DE CALEFACCIÓN ELÉCTRICOS,83.58,Gestionado por Reconecta,Aprovechamiento,REP - 14 - 9308,Eco Industria SAS,Parque Industrial San Jorge,COMESTIBLES ITALO S.A.,900836968-7,LEONARDO BENAVIDES,test@signify.com,KR 68D 15 26,"BOGOTA, D. C.","BOGOTA, D. C.",4.641419,-74.120748,597523.83,513088.07,18N
2. Electrónica y Equipos de Telecomunicación,"2.10 Periféricos, partes y tarjetas para computadores e impresoras",SI,2024-03-02,9855,TONNER Y CARTUCHOS EN DESUSO,4.0,Gestionado por Reconecta,Aprovechamiento,REP - 15 - 9316,Eco Industria SAS,Parque Industrial San Jorge,COMFACUNDI IPS CHAPINERO,800149695-1,JENNY PRIETO,gestionambiental@cruzverde.com.co,CL 53 10 39,"BOGOTA, D. C.","BOGOTA, D. C.",4.639974,-74.064663,603745.34,512936.29,18N
2. Electrónica y Equipos de Telecomunicación,2.8 Equipos de telecomunicaciones,SI,2024-02-02,9001,TELÉFONOS CONVENCIONALES,6.0,Centro de Acopio,Aprovechamiento,REP-86-9030,Eco Industria SAS,Parque Industrial San Jorge,COMFACUNDI SANTA LIBRADA,860518583-7,MARIA PAULA,ambiental@ccmetropolis.com.co,CL 90C S 0 03,"BOGOTA, D. C.","BOGOTA, D. C.",4.498811,-74.106484,599125.66,497324.67,18N
2. Electrónica y Equipos de Telecomunicación,"2.10 Periféricos, partes y tarjetas para computadores e impresoras",SI,2024-09-12,10435,CD,8.0,Centro de Acopio,Aprovechamiento,REP - 14 - 9308,Eco Industria SAS,Parque Industrial San Jorge,COMFACUNDI VERAGUAS,830143447-3,Ana Maria Suarez,test@portal80.com.co,CL 5B 31 52,"BOGOTA, D. C.","BOGOTA, D. C.",4.606512,-74.100055,599824.1,509231.95,18N
2. Electrónica y Equipos de Telecomunicación,2.4 Computadores y equipos para tratamiento de datos,SI,2024-09-03,11531,ORDENADORES PERSONALES O PORTATILES,5.7,Centro de Acopio,Aprovechamiento,REP - 29 - 9315,Eco Industria SAS,Parque Industrial San Jorge,COMPAÑÍA DE SEGUROS POSITIVA,860010451-1,DANIELA PEÑA,ambiental@casalimpia.com.co,Autopista NORTE 94-72,"BOGOTA, D. C.","BOGOTA, D. C.",4.68241,-74.05743,604541.41,517628.75,18N
1. Aparatos electrodomésticos,1.2 Enseres de audio y video,SI,2024-08-04,9513,TELEVISORES,97.0,Centro de Acopio,Aprovechamiento,REP - 29 - 9315,Eco Industria SAS,Parque Industrial San Jorge,COMPLEJO MILITAR CAN- MINISTERIO DEFENSA,830142201-4,LUZ DARY LEGUIZAMON,test@mts.com.co,KR 54 26 25,"BOGOTA, D. C.","BOGOTA, D. C.",4.643465,-74.095643,600308.33,513317.76,18N
1. Aparatos electrodomésticos,1.4 Enseres menores de calentamiento,SI,2024-11-29,11685,APARATOS ELECTRODOMESTICOS,32.0,Centro de Acopio,Aprovechamiento,REP - 30 - 9339,Eco Industria SAS,Parque Industrial San Jorge,Concejo de Bogotá,860007386,ANA LUCIA GOMEZ,enlacesambientales@gmail.com,CL 36 # 28A - 41,"BOGOTA, D. C.","BOGOTA, D. C.",4.625,-74.0778,602290.24,511278.98,18N
2. Electrónica y Equipos de Telecomunicación,2.6 Equipos de electrónica de potencia,SI,2024-07-25,11688,UPS O FUENTES DE PODER,23.0,Gestionado por Reconecta,Aprovechamiento,REP - 29 - 9315,Eco Industria SAS,Parque Industrial San Jorge,CONJUNTO COMERCIAL CAPITAL TOWERS P.H.,900836968-7,LEONARDO BENAVIDES,test@signify.com,AC 24 51 40,"BOGOTA, D. C.","BOGOTA, D. C.",4.639066,-74.098259,600018.77,512831.08,18N
2. Electrónica y Equipos de Telecomunicación,2.8 Equipos de telecomunicaciones,SI,2024-08-09,10756,TERMINALES DE TELEX,16.0,Gestionado por Reconecta,Aprovechamiento,REP - 14 - 9308,Eco Industria SAS,Parque Industrial San Jorge,CONJUNTO MEDITERRÁNEO,830142201-4,LUZ DARY LEGUIZAMON,test@mts.com.co,CL 159 54 42,"BOGOTA, D. C.","BOGOTA, D. C.",4.74075,-74.055018,604800.21,524078.74,18N
3. Maquinaria y Equipo Eléctrico,3.2 Equipo industrial,SI,2024-07-17,9534,"HERRAMIENTAS PARA MOLDEAR, TORNEAR, PULIR, PUNZAR, PLEGAR, CORTAR Y SOLDAR",32.0,Gestionado por Reconecta,Aprovechamiento,REP - 30 - 9339,Eco Industria SAS,Parque Industrial San Jorge,CONJUNTO PARQUES DE PONTEVEDRA,860518583-7,MARIA PAULA,ambiental@ccmetropolis.com.co,KR 70C 80 48,"BOGOTA, D. C.","BOGOTA, D. C.",4.693799,-74.085551,601420.57,518883.69,18N
1. Aparatos electrodomésticos,1.2 Enseres de audio y video,SI,2024-12-22,10765,APARATOS DE GRABACION DE VIDEO,3.0,Gestionado por Reconecta,Aprovechamiento,REP - 15 - 9316,Eco Industria SAS,Parque Industrial San Jorge,CONJUNTO RESIDENCIAL ARBOLEDA DE SOTILEZA,800149695-1,JENNY PRIETO,gestionambiental@cruzverde.com.co,CL 128B 60 57,"BOGOTA, D. C.","BOGOTA, D. C.",4.718327,-74.074709,602619.55,521596.89,18N
2. Electrónica y Equipos de Telecomunicación,2.8 Equipos de telecomunicaciones,SI,2024-04-30,11520,CELULARES,1.5,Gestionado por Reconecta,Aprovechamiento,REP - 15 - 9316,Eco Industria SAS,Parque Industrial San Jorge,CONJUNTO RESIDENCIAL PORVENIR RESERVADO 4,830143447-3,Ana Maria Suarez,test@portal80.com.co,CL 52 SUR # 97 - 68,"BOGOTA, D. C.","BOGOTA, D. C.",4.64046,-74.18676,590201.6,512973.3,18N
2. Electrónica y Equipos de Telecomunicación,2.4 Computadores y equipos para tratamiento de datos,SI,2024-11-25,11033,IMPRESORAS Y SCANNER,195.0,Gestionado por Reconecta,Aprovechamiento,REP - 15 - 9316,Eco Industria SAS,Parque Industrial San Jorge,CONJUNTO RESIDENCIAL SIERRAS DEL ESTE,800087297-6,LUZ STELLA CELIS,co.recepcionfacturase@la.spectrumbrands.com,KR 2 E 61 05,"BOGOTA, D. C.","BOGOTA, D. C.",4.643271,-74.054279,604896.72,513302.31,18N
2. Electrónica y Equipos de Telecomunicación,2.4 Computadores y equipos para tratamiento de datos,SI,2024-11-11,10559,SERVIDORES,32.0,Centro de Acopio,Aprovechamiento,REP - 14 - 9308,Eco Industria SAS,Parque Industrial San Jorge,CONJUNTO RESIDENCIA MADELENA URBANO I,860007386,ANA LUCIA GOMEZ,enlacesambientales@gmail.com,CL 60 S 68B 23,"BOGOTA, D. C.","BOGOTA, D. C.",4.592772,-74.159567,593224.18,507704.96,18N
1. Aparatos electrodomésticos,1.4 Enseres menores de calentamiento,SI,2024-02-10,11741,APARATOS DE CALEFACCIÓN ELÉCTRICOS,66.0,Gestionado por Reconecta,Aprovechamiento,REP - 15 - 9316,Eco Industria SAS,Parque Industrial San Jorge,CONSTRUCTORA BOLIVAR,830143447-3,Ana Maria Suarez,test@portal80.com.co,CL 134 72 31,"BOGOTA, D. C.","BOGOTA, D. C.",4.726306,-74.072179,602898.99,522479.36,18N
3. Maquinaria y Equipo Eléctrico,3.3 Equipos de control y proteción,SI,2024-03-29,9679,SWITCH,10.0,Centro de Acopio,Aprovechamiento,REP - 30 - 9339,Eco Industria SAS,Parque Industrial San Jorge,CONTRALORIA DE BOGOTA,860007386,ANA LUCIA GOMEZ,enlacesambientales@gmail.com,KR 32A 26A 10,"BOGOTA, D. C.","BOGOTA, D. C.",4.629355,-74.08218,601803.75,511759.8,18N
2. Electrónica y Equipos de Telecomunicación,2.4 Computadores y equipos para tratamiento de datos,SI,2024-07-10,10661,TABLETAS,1.2,Gestionado por Reconecta,Aprovechamiento,REP - 14 - 9308,Eco Industria SAS,Parque Industrial San Jorge,CONTROLES EMPRESARIALES SAS,800149695-1,JENNY PRIETO,gestionambiental@cruzverde.com.co,KR 16A 75 29,"BOGOTA, D. C.","BOGOTA, D. C.",4.66299,-74.060549,604198.31,515481.36,18N
2. Electrónica y Equipos de Telecomunicación,2.5 Electrónica de consumo,SI,2024-06-03,11839,AMPLIFICADOR DE SONIDO,1.0,Gestionado por Reconecta,Aprovechamiento,REP - 30 - 9339,Eco Industria SAS,Parque Industrial San Jorge,COPIDROGAS IMPERIAL DE DROGAS,830142201-4,LUZ DARY LEGUIZAMON,test@mts.com.co,KR 69B 35 06 S,"BOGOTA, D. C.","BOGOTA, D. C.",4.61272,-74.137863,595629.19,509913.06,18N
2. Electrónica y Equipos de Telecomunicación,"2.10 Periféricos, partes y tarjetas para computadores e impresoras",SI,2024-01-08,10242,MODEM,2.8,Gestionado por Reconecta,Aprovechamiento,REP - 30 - 9339,Eco Industria SAS,Parque Industrial San Jorge,COPSERVIR LTDA. LA REBAJA DROGUERÍA,800149695-1,JENNY PRIETO,gestionambiental@cruzverde.com.co,KR 19 143A 38,"BOGOTA, D. C.","BOGOTA, D. C.",4.725747,-74.04578,605827.09,522421.52,18N
1. Aparatos electrodomésticos,1.6 Enseres menores del hogar,SI,2024-09-16,11984,MAQUINAS DE COSER,100.25,Centro de Acopio,Aprovechamiento,REP-86-9030,Eco Industria SAS,Parque Industrial San Jorge,CORABASTOS S.A.,860518583-7,MARIA PAULA,ambiental@ccmetropolis.com.co,AK 80 2 51,"BOGOTA, D. C.","BOGOTA, D. C.",4.632628,-74.154123,593822.87,512111.72,18N
1. Aparatos electrodomésticos,1.4 Enseres menores de calentamiento,SI,2024-07-18,10803,APARATOS ELECTRODOMESTICOS/HORNOS DE MICROONDAS,21.7,Centro de Acopio,Aprovechamiento,REP-86-9030,Eco Industria SAS,Parque Industrial San Jorge,CORPARQUES,830142201-4,LUZ DARY LEGUIZAMON,test@mts.com.co,KR 71D 1 14 S,"BOGOTA, D. C.","BOGOTA, D. C.",4.622079,-74.136852,595740.09,510947.84,18N
2. Electrónica y Equipos de Telecomunicación,"2.10 Periféricos, partes y tarjetas para computadores e impresoras",SI,2024-04-18,10623,TONNER Y CARTUCHOS EN DESUSO,4.0,Gestionado por Reconecta,Aprovechamiento,REP - 15 - 9316,Eco Industria SAS,Parque Industrial San Jorge,CORPOCHICO,830142201-4,LUZ DARY LEGUIZAMON,test@mts.com.co,KR 11A 90 16,"BOGOTA, D. C.","BOGOTA, D. C.",4.672718,-74.049381,605435.66,516558.48,18N
2. Electrónica y Equipos de Telecomunicación,"2.10 Periféricos, partes y tarjetas para computadores e impresoras",SI,2024-12-30,10545,TONER DE IMPRESORA/APROVECHAMIENTO,80.0,Centro de Acopio,Aprovechamiento,REP - 29 - 9315,Eco Industria SAS,Parque Industrial San Jorge,CORPORACION CLUB CAMPESTRE GUAYMARAL,830143447-3,Ana Maria Suarez,test@portal80.com.co,AK 45 245 01,"BOGOTA, D. C.","BOGOTA, D. C.",4.820784,-74.035572,606944.59,532929.73,18N
2. Electrónica y Equipos de Telecomunicación,"2.10 Periféricos, partes y tarjetas para computadores e impresoras",SI,2024-03-02,9910,REPUESTOS O PARTES DE PC/PORTATILES,5.0,Centro de Acopio,Aprovechamiento,REP - 15 - 9316,Eco Industria SAS,Parque Industrial San Jorge,Corporación de Taxis de Colombia S.A,860010451-1,DANIELA PEÑA,ambiental@casalimpia.com.co,AC 9 50 15,"BOGOTA, D. C.","BOGOTA, D. C.",4.626789,-74.107851,598956.47,511472.5,18N
2. Electrónica y Equipos de Telecomunicación,2.3 Componentes electrónicos,SI,2024-04-13,9522,PANELES FOTOVOLTAICOS,28.0,Centro de Acopio,Aprovechamiento,REP-86-9030,Eco Industria SAS,Parque Industrial San Jorge,CORPORACIÓN EDUCACIÓN TECNOLÓGICA COLSUBSIDIO,800149695-1,JENNY PRIETO,gestionambiental@cruzverde.com.co,CL 128 A 51 52,"BOGOTA, D. C.","BOGOTA, D. C.",4.71367,-74.058428,604426.05,521084.47,18N
3. Maquinaria y Equipo Eléctrico,3.2 Equipo industrial,SI,2024-03-28,10264,"HERRAMIENTAS PARA MOLDEAR, TORNEAR, PULIR, PUNZAR, PLEGAR, CORTAR Y SOLDAR",32.0,Centro de Acopio,Aprovechamiento,REP - 14 - 9308,Eco Industria SAS,Parque Industrial San Jorge,CORPORACIÓN EDUCACIÓN TECNOLÓGICA COLSUBSIDIO,860007386,ANA LUCIA GOMEZ,enlacesambientales@gmail.com,KR 14 A 71 29,"BOGOTA, D. C.","BOGOTA, D. C.",4.65883,-74.062838,603945.02,515021.13,18N
2. Electrónica y Equipos de Telecomunicación,2.4 Computadores y equipos para tratamiento de datos,SI,2024-03-31,11400,MONITORES,10.0,Gestionado por Reconecta,Aprovechamiento,REP-86-9030,Eco Industria SAS,Parque Industrial San Jorge,CORPORACION EMPRESARIAL CL SA,860007386,ANA LUCIA GOMEZ,enlacesambientales@gmail.com,AC 9 50 15,"BOGOTA, D. C.","BOGOTA, D. C.",4.626789,-74.107851,598956.47,511472.5,18N
3. Maquinaria y Equipo Eléctrico,3.12 Refrigeración y equipos de acondicionamiento de aire industriales,SI,2024-08-23,11849,MÁQUINAS DISPENSADORAS DE BEBIDAS CALIENTES,14.2,Gestionado por Reconecta,Aprovechamiento,REP - 15 - 9316,Eco Industria SAS,Parque Industrial San Jorge,Corporación Minuto de Dios,860007386,ANA LUCIA GOMEZ,enlacesambientales@gmail.com,TV 53 70 40 Sur,"BOGOTA, D. C.","BOGOTA, D. C.",4.576342,-74.16432,592699.04,505888.02,18N
1. Aparatos electrodomésticos,1.6 Enseres menores del hogar,SI,2024-07-07,10772,OTROS APARATOS DE LIMPIEZA QUE NO SEAN ASPIRADORAS O LIMPIA MOQUETAS,0.6,Centro de Acopio,Aprovechamiento,REP - 15 - 9316,Eco Industria SAS,Parque Industrial San Jorge,Corporación Minuto de Dios,860007386,ANA LUCIA GOMEZ,enlacesambientales@gmail.com,AC 80 81 73,"BOGOTA, D. C.","BOGOTA, D. C.",4.700446,-74.097862,600054.11,519616.75,18N
3. Maquinaria y Equipo Eléctrico,3.4 Equipos de iluminación,SI,2024-09-05,9788,BOMBILLOS COMPACTOS - SIGNIFY,1.4,Gestionado por Reconecta,Aprovechamiento,REP - 29 - 9315,Eco Industria SAS,Parque Industrial San Jorge,Corporación Minuto de Dios,860010451-1,DANIELA PEÑA,ambiental@casalimpia.com.co,TV 73A 82 61,"BOGOTA, D. C.","BOGOTA, D. C.",4.702139,-74.09011,600913.69,519805.03,18N
1. Aparatos electrodomésticos,1.2 Enseres de audio y video,SI,2024-12-21,10398,VIDEOCAMARAS,2.86,Gestionado por Reconecta,Aprovechamiento,REP - 15 - 9316,Eco Industria SAS,Parque Industrial San Jorge,CORPORACIÓN PUNTO AZUL,860007386,ANA LUCIA GOMEZ,enlacesambientales@gmail.com,CL 86 19A 21,"BOGOTA, D. C.","BOGOTA, D. C.",4.672601,-74.05776,604506.26,516544.29,18N
3. Maquinaria y Equipo Eléctrico,3.12 Refrigeración y equipos de acondicionamiento de aire industriales,SI,2024-10-31,9949,MÁQUINAS DISPENSADORAS DE BEBIDAS CALIENTES,14.2,Gestionado por Reconecta,Aprovechamiento,REP - 15 - 9316,Eco Industria SAS,Parque Industrial San Jorge,Creaciones Isabella Betancur,830142201-4,LUZ DARY LEGUIZAMON,test@mts.com.co,KR 17 14 18 Sur,"BOGOTA, D. C.","BOGOTA, D. C.",4.58635901,-74.09870805,599976.33,507004.21,18N
1. Aparatos electrodomésticos,1.8 Equipos de acondicionamiento de aire,SI,2024-03-10,10847,APARATOS DE AIRE ACONDICIONADO,96.0,Gestionado por Reconecta,Aprovechamiento,REP - 14 - 9308,Eco Industria SAS,Parque Industrial San Jorge,CRUZ VERDE CAE,800087297-6,LUZ STELLA CELIS,co.recepcionfacturase@la.spectrumbrands.com,AUTOPISTA NORTE # 108 A- 50,"BOGOTA, D. C.","BOGOTA, D. C.",4.696094,-74.05532,604773.41,519141.86,18N
2. Electrónica y Equipos de Telecomunicación,2.7 Equipos de instrumentación y control,SI,2024-07-15,10856,BASCULA,2.1,Centro de Acopio,Aprovechamiento,REP - 29 - 9315,Eco Industria SAS,Parque Industrial San Jorge,CRUZ VERDE EDIFICIO AVIANCA,860010451-1,DANIELA PEÑA,ambiental@casalimpia.com.co,CL 16 6 66,"BOGOTA, D. C.","BOGOTA, D. C.",4.602432,-74.072486,602882.97,508784.82,18N
1. Aparatos electrodomésticos,1.6 Enseres menores del hogar,SI,2024-05-12,9014,OTROS APARATOS DE LIMPIEZA QUE NO SEAN ASPIRADORAS O LIMPIA MOQUETAS,30.4,Centro de Acopio,Aprovechamiento,REP-86-9030,Eco Industria SAS,Parque Industrial San Jorge,CST AKT LA 1RA BOGOTÁ,860007386,ANA LUCIA GOMEZ,enlacesambientales@gmail.com,CL 22 S 28 70,"BOGOTA, D. C.","BOGOTA, D. C.",4.590715,-74.109826,598742.36,507484.23,18N
1. Aparatos electrodomésticos,1.2 Enseres de audio y video,SI,2024-05-13,11887,"OTROS PRODUCTOS O APARATOS UTILIZADOS PARA REGISTRAR O REPRODUCIR SONIDO O IMAGENES, INCLUIDAS LAS SEÑALES Y TECNOLOGIAS DE DISTRIBUCION DEL SONIDO E IMAGEN DE LA COMUNICACION",1.9,Gestionado por Reconecta,Aprovechamiento,REP-86-9030,Eco Industria SAS,Parque Industrial San Jorge,CST La 72,860007386,ANA LUCIA GOMEZ,enlacesambientales@gmail.com,AC 72 25 28,"BOGOTA, D. C.","BOGOTA, D. C.",4.663667,-74.067787,603395.35,515555.14,18N
1. Aparatos electrodomésticos,1.7 Enseres menores personales,SI,2024-03-01,11458,"APARATOS PARA CORTAR EL PELO, PARA SECAR EL PELO, PARA CEPILLARSE LOS DIENTES, MAQUINAS PARA AFEITAR, APARATOS DE MASAJE Y OTROS CUIDADOS CORPORALES",29.4,Centro de Acopio,Aprovechamiento,REP - 15 - 9316,Eco Industria SAS,Parque Industrial San Jorge,CUN SEDE CENTRO,830143447-3,Ana Maria Suarez,test@portal80.com.co,KR 11 4 79,"BOGOTA, D. C.","BOGOTA, D. C.",4.594491,-74.082769,601743.37,507905.46,18N
2. Electrónica y Equipos de Telecomunicación,2.8 Equipos de telecomunicaciones,SI,2024-08-07,11270,CELULARES,3.0,Gestionado por Reconecta,Aprovechamiento,REP-86-9030,Eco Industria SAS,Parque Industrial San Jorge,D1 MATATIGRES,830142201-4,LUZ DARY LEGUIZAMON,test@mts.com.co,CL 32 SUR 26 F 27,"BOGOTA, D. C.","BOGOTA, D. C.",4.588232,-74.11716,597929.12,507208.72,18N
1. Aparatos electrodomésticos,1.2 Enseres de audio y video,SI,2024-06-20,11626,TELEVISORES,97.0,Centro de Acopio,Aprovechamiento,REP - 30 - 9339,Eco Industria SAS,Parque Industrial San Jorge,Daniela Ferrucho,800087297-6,LUZ STELLA CELIS,co.recepcionfacturase@la.spectrumbrands.com,CL 91 59 43,"BOGOTA, D. C.","BOGOTA, D. C.",4.680141003,-74.066809771,603501.33,517376.52,18N
2. Electrónica y Equipos de Telecomunicación,2.4 Computadores y equipos para tratamiento de datos,SI,2024-02-12,9692,IMPRESORAS Y SCANNER,8.0,Gestionado por Reconecta,Aprovechamiento,REP - 29 - 9315,Eco Industria SAS,Parque Industrial San Jorge,Daniel Guevara,860010451-1,DANIELA PEÑA,ambiental@casalimpia.com.co,CL 36 Sur 51 90,"BOGOTA, D. C.","BOGOTA, D. C.",4.600627927,-74.126913023,596845.51,508577.77,18N
1. Aparatos electrodomésticos,1.5 Enseres menores de cocina,SI,2024-05-20,11547,"MOLINOS, CAFETERAS Y APARATOS PARA ABRIR O PRECINTAR ENVASES O PAQUETES",1350.0,Gestionado por Reconecta,Aprovechamiento,REP - 30 - 9339,Eco Industria SAS,Parque Industrial San Jorge,DATA PHARMACEUTICAL SERVICES SAS,860518583-7,MARIA PAULA,ambiental@ccmetropolis.com.co,CL 151 7B 02,"BOGOTA, D. C.","BOGOTA, D. C.",4.725994,-74.026444,607971.7,522451.8,18N
1. Aparatos electrodomésticos,1.5 Enseres menores de cocina,SI,2024-10-01,11300,OTROS GRANDES APARATOS UTILIZADOS PARA COCINAR Y EN OTROS PROCESOS DE TRANSFORMACION DE LOS ALIMENTOS. APARATOS DE CALEFACCION ELECTRICOS,89.0,Centro de Acopio,Aprovechamiento,REP - 29 - 9315,Eco Industria SAS,Parque Industrial San Jorge,DEFENSORÍA DEL PUEBLO CALLE 55,800087297-6,LUZ STELLA CELIS,co.recepcionfacturase@la.spectrumbrands.com,CL 55 10 03,"BOGOTA, D. C.","BOGOTA, D. C.",4.641779,-74.063796,603841.25,513135.96,18N
1. Aparatos electrodomésticos,1.1 Cocinas y hornos,SI,2024-11-28,10419,HORNOS DE MICROONDAS,45.0,Gestionado por Reconecta,Aprovechamiento,REP-86-9030,Eco Industria SAS,Parque Industrial San Jorge,DEFENSORÍA DEL PUEBLO CARRERA 9,860010451-1,DANIELA PEÑA,ambiental@casalimpia.com.co,KR 9 16 21,"BOGOTA, D. C.","BOGOTA, D. C.",4.603932,-74.074534,602655.56,508950.35,18N
2. Electrónica y Equipos de Telecomunicación,2.6 Equipos de electrónica de potencia,SI,2024-10-21,10415,UPS O FUENTES DE PODER,265.0,Gestionado por Reconecta,Aprovechamiento,REP - 14 - 9308,Eco Industria SAS,Parque Industrial San Jorge,DEP. ADMINISTRATIVO DEL SERVICIO CIVIL,800149695-1,JENNY PRIETO,gestionambiental@cruzverde.com.co,AK 30 25 90,"BOGOTA, D. C.","BOGOTA, D. C.",4.625614,-74.081564,601872.62,511346.32,18N
1. Aparatos electrodomésticos,1.2 Enseres de audio y video,SI,2024-04-24,10974,"OTROS PRODUCTOS O APARATOS DE TRANSMISION DE SONIDO, IMAGENES U OTRA INFORMACION POR TELECOMUNICACION",39.62,Gestionado por Reconecta,Aprovechamiento,REP - 15 - 9316,Eco Industria SAS,Parque Industrial San Jorge,DESARROLLO QUIMICO FARMACEUTICO DQSA,830143447-3,Ana Maria Suarez,test@portal80.com.co,AK 129 22B 57,"BOGOTA, D. C.","BOGOTA, D. C.",4.695534,-74.158355,593345.12,519065.37,18N
1. Aparatos electrodomésticos,1.4 Enseres menores de calentamiento,SI,2024-06-04,11436,FREIDORAS,20.0,Gestionado por Reconecta,Aprovechamiento,REP - 15 - 9316,Eco Industria SAS,Parque Industrial San Jorge,DHL GLOBAL FORWARDING,800149695-1,JENNY PRIETO,gestionambiental@cruzverde.com.co,CL 26 102 20,"BOGOTA, D. C.","BOGOTA, D. C.",4.689495,-74.130208,596467.91,518401.57,18N
1. Aparatos electrodomésticos,1.2 Enseres de audio y video,SI,2024-10-11,9470,VIDEOCAMARAS,41.06,Gestionado por Reconecta,Aprovechamiento,REP - 15 - 9316,Eco Industria SAS,Parque Industrial San Jorge,Diana Acosta,800149695-1,JENNY PRIETO,gestionambiental@cruzverde.com.co,KR 75A 62D 30 Sur,"BOGOTA, D. C.","BOGOTA, D. C.",4.589303231,-74.175205954,591489.77,507319.47,18N
1. Aparatos electrodomésticos,1.6 Enseres menores del hogar,SI,2024-07-11,10213,MAQUINAS DE COSER,108.8,Centro de Acopio,Aprovechamiento,REP - 30 - 9339,Eco Industria SAS,Parque Industrial San Jorge,Diana Carolina Vargas Parrado,900836968-7,LEONARDO BENAVIDES,test@signify.com,KR 114D 145 24,"BOGOTA, D. C.","BOGOTA, D. C.",4.75063684,-74.10361135,599409.25,525164.58,18N
1. Aparatos electrodomésticos,1.2 Enseres de audio y video,SI,2024-03-07,10206,APARATOS DE GRABACION DE VIDEO,3.0,Gestionado por Reconecta,Aprovechamiento,REP - 29 - 9315,Eco Industria SAS,Parque Industrial San Jorge,Diana Marcela Osorio Valderrama,860007386,ANA LUCIA GOMEZ,enlacesambientales@gmail.com,CL 42 Sur 24B 25,"BOGOTA, D. C.","BOGOTA, D. C.",4.580817281,-74.124428729,597123.77,506388.04,18N
2. Electrónica y Equipos de Telecomunicación,2.8 Equipos de telecomunicaciones,SI,2024-11-30,11068,TELÉFONOS CONVENCIONALES,17.89,Gestionado por Reconecta,Aprovechamiento,REP - 14 - 9308,Eco Industria SAS,Parque Industrial San Jorge,Diana Sofia Hernández,860518583-7,MARIA PAULA,ambiental@ccmetropolis.com.co,CL 152 54 39,"BOGOTA, D. C.","BOGOTA, D. C.",4.735325887,-74.056484958,604638.32,523478.87,18N
1. Aparatos electrodomésticos,1.8 Equipos de acondicionamiento de aire,SI,2024-05-17,11354,APARATOS DE AIRE ACONDICIONADO,292.0,Gestionado por Reconecta,Aprovechamiento,REP-86-9030,Eco Industria SAS,Parque Industrial San Jorge,DIAN - NIVEL CENTRAL,860007386,ANA LUCIA GOMEZ,enlacesambientales@gmail.com,KR 7 6C 54,"BOGOTA, D. C.","BOGOTA, D. C.",4.594135,-74.077628,602313.74,507866.84,18N
2. Electrónica y Equipos de Telecomunicación,2.6 Equipos de electrónica de potencia,SI,2024-01-16,10333,UPS O FUENTES DE PODER,86.07,Centro de Acopio,Aprovechamiento,REP - 30 - 9339,Eco Industria SAS,Parque Industrial San Jorge,DIAN - SEDE MINISTERIO DE HACIENDA,830143447-3,Ana Maria Suarez,test@portal80.com.co,KR 6 15 32,"BOGOTA, D. C.","BOGOTA, D. C.",4.601679,-74.072246,602909.7,508701.61,18N
2. Electrónica y Equipos de Telecomunicación,2.4 Computadores y equipos para tratamiento de datos,SI,2024-09-29,10819,COMPUTADORES TODO EN UNO,15.48,Gestionado por Reconecta,Aprovechamiento,REP - 14 - 9308,Eco Industria SAS,Parque Industrial San Jorge,DIDACOL (HI ) AMÉRICAS,830142201-4,LUZ DARY LEGUIZAMON,test@mts.com.co,AV Américas 39A 11,"BOGOTA, D. C.","BOGOTA, D. C.",4.62676,-74.09484,600399.76,511471.12,18N
1. Aparatos electrodomésticos,1.2 Enseres de audio y video,SI,2024-02-21,10081,"OTROS PRODUCTOS O APARATOS DE TRANSMISION DE SONIDO, IMAGENES U OTRA INFORMACION POR TELECOMUNICACION",13.31,Centro de Acopio,Aprovechamiento,REP - 15 - 9316,Eco Industria SAS,Parque Industrial San Jorge,DIDACOL (HI ) FONTIBÓN,830142201-4,LUZ DARY LEGUIZAMON,test@mts.com.co,DG 16 96I 78,"BOGOTA, D. C.","BOGOTA, D. C.",4.664829,-74.149391,594343.48,515672.15,18N
3. Maquinaria y Equipo Eléctrico,3.11 Pilas y acumuladores,SI,2024-06-17,9478,PILAS,1.0,Centro de Acopio,Aprovechamiento,REP - 29 - 9315,Eco Industria SAS,Parque Industrial San Jorge,DILE TUNJUELITO,830143447-3,Ana Maria Suarez,test@portal80.com.co,CL 48B S 27 05,"BOGOTA, D. C.","BOGOTA, D. C.",4.581804,-74.131828,596302.8,506496.12,18N
1. Aparatos electrodomésticos,1.4 Enseres menores de calentamiento,SI,2024-12-02,10574,HORNOS DE MICROONDAS/ APARATOS ELECTRODOMESTICOS,67.0,Gestionado por Reconecta,Aprovechamiento,REP - 15 - 9316,Eco Industria SAS,Parque Industrial San Jorge,DIPRO,830142201-4,LUZ DARY LEGUIZAMON,test@mts.com.co,CL 14 65 08,"BOGOTA, D. C.","BOGOTA, D. C.",4.635439,-74.114368,598232.36,512427.86,18N
1. Aparatos electrodomésticos,1.4 Enseres menores de calentamiento,SI,2024-10-03,9762,APARATOS DE CALEFACCIÓN ELÉCTRICOS,46.0,Centro de Acopio,Aprovechamiento,REP-86-9030,Eco Industria SAS,Parque Industrial San Jorge,DIRECCIÓN DE SANIDAD,800087297-6,LUZ STELLA CELIS,co.recepcionfacturase@la.spectrumbrands.com,CL 44 50 51,"BOGOTA, D. C.","BOGOTA, D. C.",4.642533,-74.090956,600828.37,513215.39,18N
1. Aparatos electrodomésticos,1.4 Enseres menores de calentamiento,SI,2024-08-07,9036,APARATOS ELECTRODOMESTICOS,457.01,Gestionado por Reconecta,Aprovechamiento,REP - 14 - 9308,Eco Industria SAS,Parque Industrial San Jorge,DIRECCIÓN DE SANIDAD DEL EJERCITO,830142201-4,LUZ DARY LEGUIZAMON,test@mts.com.co,KR 7 52 48,"BOGOTA, D. C.","BOGOTA, D. C.",4.638798,-74.062941,603936.53,512806.53,18N
2. Electrónica y Equipos de Telecomunicación,2.7 Equipos de instrumentación y control,SI,2024-08-28,10658,OTROS INSTRUMENTOS DE VIGILANCIA Y CONTROL UTILIZADOS EN INSTALACIONES INDUSTRIALES,252.0,Centro de Acopio,Aprovechamiento,REP - 14 - 9308,Eco Industria SAS,Parque Industrial San Jorge,DIRECCIÓN DE SANIDAD FUERZA AÉREA,800087297-6,LUZ STELLA CELIS,co.recepcionfacturase@la.spectrumbrands.com,KR 14 66 24,"BOGOTA, D. C.","BOGOTA, D. C.",4.653379,-74.0636,603861.29,514418.4,18N
3. Maquinaria y Equipo Eléctrico,3.4 Equipos de iluminación,SI,2024-04-29,11212,BOMBILLOS COMPACTOS - SIGNIFY,1.4,Gestionado por Reconecta,Aprovechamiento,REP - 30 - 9339,Eco Industria SAS,Parque Industrial San Jorge,DIRECCIÓN DE SERVICIOS GENERALES BN6,830143447-3,Ana Maria Suarez,test@portal80.com.co,CL 70 51 31,"BOGOTA, D. C.","BOGOTA, D. C.",4.66618,-74.076995,602373.6,515831.61,18N
2. Electrónica y Equipos de Telecomunicación,2.6 Equipos de electrónica de potencia,SI,2024-01-10,11455,BALASTOS,349.0,Centro de Acopio,Aprovechamiento,REP-86-9030,Eco Industria SAS,Parque Industrial San Jorge,DIRECCIÓN GENERAL SANIDAD MILITAR,830143447-3,Ana Maria Suarez,test@portal80.com.co,AK 27 13 50,"BOGOTA, D. C.","BOGOTA, D. C.",4.612449,-74.088724,601080.23,509889.89,18N
1. Aparatos electrodomésticos,1.4 Enseres menores de calentamiento,SI,2024-10-31,10636,HORNOS DE MICROONDAS/ APARATOS ELECTRODOMESTICOS,67.0,Gestionado por Reconecta,Aprovechamiento,REP-86-9030,Eco Industria SAS,Parque Industrial San Jorge,DIRECCIÓN SANIDAD EJÉRCITO,800149695-1,JENNY PRIETO,gestionambiental@cruzverde.com.co,KR 7 52 48,"BOGOTA, D. C.","BOGOTA, D. C.",4.638798,-74.062941,603936.53,512806.53,18N
1. Aparatos electrodomésticos,1.4 Enseres menores de calentamiento,SI,2024-04-23,10236,FREIDORAS,520.0,Centro de Acopio,Aprovechamiento,REP-86-9030,Eco Industria SAS,Parque Industrial San Jorge,DIRECCIÓN SANIDAD NAVAL,860007386,ANA LUCIA GOMEZ,enlacesambientales@gmail.com,CL 12B 26 50,"BOGOTA, D. C.","BOGOTA, D. C.",4.610925,-74.089668,600975.72,509721.28,18N
2. Electrónica y Equipos de Telecomunicación,2.4 Computadores y equipos para tratamiento de datos,SI,2024-04-01,10770,DM - IMPRESORAS Y SCANNER,30.3,Gestionado por Reconecta,Aprovechamiento,REP - 29 - 9315,Eco Industria SAS,Parque Industrial San Jorge,DISALUD,900836968-7,LEONARDO BENAVIDES,test@signify.com,CL 68 105F 16,"BOGOTA, D. C.","BOGOTA, D. C.",4.701328,-74.124242,597128.01,519710.54,18N
2. Electrónica y Equipos de Telecomunicación,2.4 Computadores y equipos para tratamiento de datos,SI,2024-10-03,10380,EQUIPOS DE COMPUTO DE MESA,105.0,Centro de Acopio,Aprovechamiento,REP - 14 - 9308,Eco Industria SAS,Parque Industrial San Jorge,DISAN ARC,830142201-4,LUZ DARY LEGUIZAMON,test@mts.com.co,CL 12B 26 50,"BOGOTA, D. C.","BOGOTA, D. C.",4.610925,-74.089668,600975.72,509721.28,18N
2. Electrónica y Equipos de Telecomunicación,"2.10 Periféricos, partes y tarjetas para computadores e impresoras",SI,2024-05-05,11803,CD,7.65,Gestionado por Reconecta,Aprovechamiento,REP-86-9030,Eco Industria SAS,Parque Industrial San Jorge,DISPENSARIO CANTON NORTE,900836968-7,LEONARDO BENAVIDES,test@signify.com,CL 106 # 8A - 19,"BOGOTA, D. C.","BOGOTA, D. C.",4.6873,-74.0398,606496.21,518172.0,18N
2. Electrónica y Equipos de Telecomunicación,2.4 Computadores y equipos para tratamiento de datos,SI,2024-01-03,9546,DISCO DURO,0.4,Centro de Acopio,Aprovechamiento,REP - 15 - 9316,Eco Industria SAS,Parque Industrial San Jorge,DISPENSARIO EVEDISA 01,800149695-1,JENNY PRIETO,gestionambiental@cruzverde.com.co,AC 100 61 48,"BOGOTA, D. C.","BOGOTA, D. C.",4.689739,-74.066947,603484.69,518437.57,18N
1. Aparatos electrodomésticos,1.6 Enseres menores del hogar,SI,2024-04-01,10815,"HERRAMIENTAS PARA ROCIAR, ESPARCIR, PROPAGAR O APLICAR OTROS TRATAMIENTOS CON SUSTANCIAS LÍQUIDAS O GASEOSAS POR OTROS MEDIOS",2.0,Centro de Acopio,Aprovechamiento,REP - 29 - 9315,Eco Industria SAS,Parque Industrial San Jorge,DISPENSARIO EVEDISA 03,860007386,ANA LUCIA GOMEZ,enlacesambientales@gmail.com,KR 19C 26A 15 S,"BOGOTA, D. C.","BOGOTA, D. C.",4.581322,-74.107428,599009.68,506446.16,18N
3. Maquinaria y Equipo Eléctrico,3.11 Pilas y acumuladores,SI,2024-04-11,10315,PILAS,2.0,Gestionado por Reconecta,Aprovechamiento,REP-86-9030,Eco Industria SAS,Parque Industrial San Jorge,DISPENSARIO EVEDISA 05,860007386,ANA LUCIA GOMEZ,enlacesambientales@gmail.com,CL 63 18 19,"BOGOTA, D. C.","BOGOTA, D. C.",4.650195,-74.068661,603300.36,514065.66,18N
1. Aparatos electrodomésticos,1.4 Enseres menores de calentamiento,SI,2024-10-27,11078,APARATOS DE CALEFACCIÓN ELÉCTRICOS,153.0,Gestionado por Reconecta,Aprovechamiento,REP - 15 - 9316,Eco Industria SAS,Parque Industrial San Jorge,DISPENSARIO EVEDISA 12,800149695-1,JENNY PRIETO,gestionambiental@cruzverde.com.co,DG 49 S 53 39,"BOGOTA, D. C.","BOGOTA, D. C.",4.591583,-74.13897,595509.21,507576.23,18N
2. Electrónica y Equipos de Telecomunicación,"2.10 Periféricos, partes y tarjetas para computadores e impresoras",SI,2024-01-17,10669,REPUESTOS O PARTES DE PC/PORTATILES,5.0,Centro de Acopio,Aprovechamiento,REP - 14 - 9308,Eco Industria SAS,Parque Industrial San Jorge,DISPENSARIO EVEDISA 2,860007386,ANA LUCIA GOMEZ,enlacesambientales@gmail.com,CL 65 S 78L 65,"BOGOTA, D. C.","BOGOTA, D. C.",4.605995,-74.184379,590470.08,509163.55,18N
2. Electrónica y Equipos de Telecomunicación,2.4 Computadores y equipos para tratamiento de datos,SI,2024-03-07,11171,IMPRESORAS Y SCANNER,55.0,Gestionado por Reconecta,Aprovechamiento,REP - 29 - 9315,Eco Industria SAS,Parque Industrial San Jorge,DISPENSARIO MÉDICO CANTON SUR USME,860007386,ANA LUCIA GOMEZ,enlacesambientales@gmail.com,5 d 32 Cl 51 Sur,"BOGOTA, D. C.","BOGOTA, D. C.",4.549986,-74.123042,597281.76,502979.83,18N
2. Electrónica y Equipos de Telecomunicación,"2.10 Periféricos, partes y tarjetas para computadores e impresoras",SI,2024-06-23,9876,TONER DE IMPRESORA SUELTOS,1.0,Gestionado por Reconecta,Aprovechamiento,REP - 15 - 9316,Eco Industria SAS,Parque Industrial San Jorge,DISPENSARIO MÉDICO GILBERTO ECHEVERRI MEJIA,800149695-1,JENNY PRIETO,gestionambiental@cruzverde.com.co,CL 121 6 37,"BOGOTA, D. C.","BOGOTA, D. C.",4.697339,-74.029862,607597.0,519283.36,18N
3. Maquinaria y Equipo Eléctrico,3.2 Equipo industrial,SI,2024-11-05,11865,"HERRAMIENTAS PARA MOLDEAR, TORNEAR, PULIR, PUNZAR, PLEGAR, CORTAR Y SOLDAR",32.0,Centro de Acopio,Aprovechamiento,REP-86-9030,Eco Industria SAS,Parque Industrial San Jorge,DISPENSARIO POLICIA BOSA,800087297-6,LUZ STELLA CELIS,co.recepcionfacturase@la.spectrumbrands.com,CL 65J S 77K 24,"BOGOTA, D. C.","BOGOTA, D. C.",4.599218,-74.186683,590215.35,508414.07,18N
2. Electrónica y Equipos de Telecomunicación,2.7 Equipos de instrumentación y control,SI,2024-10-16,9478,OTROS INSTRUMENTOS DE VIGILANCIA Y CONTROL UTILIZADOS EN INSTALACIONES INDUSTRIALES,1.0,Centro de Acopio,Aprovechamiento,REP - 29 - 9315,Eco Industria SAS,Parque Industrial San Jorge,DISPENSARIO POLICIA CHAPINERO,860010451-1,DANIELA PEÑA,ambiental@casalimpia.com.co,CL 67 14A 46,"BOGOTA, D. C.","BOGOTA, D. C.",4.654821,-74.064477,603763.8,514577.68,18N
2. Electrónica y Equipos de Telecomunicación,"2.10 Periféricos, partes y tarjetas para computadores e impresoras",SI,2024-05-02,9640,TONER DE IMPRESORA SUELTO,1.2,Gestionado por Reconecta,Aprovechamiento,REP - 15 - 9316,Eco Industria SAS,Parque Industrial San Jorge,DISPENSARIO POLICIA DORADO (CAPRECOM),860010451-1,DANIELA PEÑA,ambiental@casalimpia.com.co,KR 68 B BIS # 44 - 58,"BOGOTA, D. C.","BOGOTA, D. C.",4.656848,-74.103885,599392.2,514796.1,18N
2. Electrónica y Equipos de Telecomunicación,"2.10 Periféricos, partes y tarjetas para computadores e impresoras",SI,2024-08-17,10185,TONNER,1.0,Gestionado por Reconecta,Aprovechamiento,REP - 29 - 9315,Eco Industria SAS,Parque Industrial San Jorge,DISPENSARIO POLICIA NORTE,860007386,ANA LUCIA GOMEZ,enlacesambientales@gmail.com,AC 116 70D 78,"BOGOTA, D. C.","BOGOTA, D. C.",4.698951,-74.074682,602625.39,519454.84,18N
1. Aparatos electrodomésticos,1.6 Enseres menores del hogar,SI,2024-01-01,9614,MAQUINAS DE COSER,88.0,Centro de Acopio,Aprovechamiento,REP - 30 - 9339,Eco Industria SAS,Parque Industrial San Jorge,DISPENSARIO POLICIA VENECIA,860007386,ANA LUCIA GOMEZ,enlacesambientales@gmail.com,AUTOPISTA SUR # 51 D- 03,"BOGOTA, D. C.","BOGOTA, D. C.",4.594054,-74.134247,596032.82,507850.03,18N
2. Electrónica y Equipos de Telecomunicación,2.7 Equipos de instrumentación y control,SI,2024-02-12,9091,BASCULA,3.5,Centro de Acopio,Aprovechamiento,REP - 15 - 9316,Eco Industria SAS,Parque Industrial San Jorge,DISPENSARIO SOLEDAD,830142201-4,LUZ DARY LEGUIZAMON,test@mts.com.co,CL 48 14 90,"BOGOTA, D. C.","BOGOTA, D. C.",4.635678,-74.068093,603365.48,512460.86,18N
2. Electrónica y Equipos de Telecomunicación,2.4 Computadores y equipos para tratamiento de datos,SI,2024-06-23,10886,COMPUTADORES TODO EN UNO,488.8,Centro de Acopio,Aprovechamiento,REP-86-9030,Eco Industria SAS,Parque Industrial San Jorge,DISPENSARIO SUROCCIDENTE,860007386,ANA LUCIA GOMEZ,enlacesambientales@gmail.com,AV.CIUDAD DE CALI 53-80 SUR,"BOGOTA, D. C.","BOGOTA, D. C.",4.623076,-74.18016,590935.92,511052.37,18N
2. Electrónica y Equipos de Telecomunicación,"2.10 Periféricos, partes y tarjetas para computadores e impresoras",SI,2024-07-12,9310,TONER DE IMPRESORA SUELTOS,0.5,Gestionado por Reconecta,Aprovechamiento,REP - 15 - 9316,Eco Industria SAS,Parque Industrial San Jorge,DISTRIBUCIONES AXA,860518583-7,MARIA PAULA,ambiental@ccmetropolis.com.co,KR 34 6 57,"BOGOTA, D. C.","BOGOTA, D. C.",4.610595,-74.101441,599669.78,509683.14,18N
3. Maquinaria y Equipo Eléctrico,3.11 Pilas y acumuladores,SI,2024-09-22,11221,PILAS,0.5,Centro de Acopio,Aprovechamiento,REP - 14 - 9308,Eco Industria SAS,Parque Industrial San Jorge,DISTRIBUIDORA TOYOTA S.A,860007386,ANA LUCIA GOMEZ,enlacesambientales@gmail.com,AK 70 102 02,"BOGOTA, D. C.","BOGOTA, D. C.",4.6952,-74.073727,602731.86,519040.3,18N
1. Aparatos electrodomésticos,1.4 Enseres menores de calentamiento,SI,2024-09-24,11525,HORNOS DE MICROONDAS/ APARATOS ELECTRODOMESTICOS,67.0,Gestionado por Reconecta,Aprovechamiento,REP - 14 - 9308,Eco Industria SAS,Parque Industrial San Jorge,DIVER PLAZA CENTRO COMERCIAL,800087297-6,LUZ STELLA CELIS,co.recepcionfacturase@la.spectrumbrands.com,AK 96 70A 89,"BOGOTA, D. C.","BOGOTA, D. C.",4.700021,-74.114987,598154.72,519567.34,18N
1. Aparatos electrodomésticos,1.7 Enseres menores personales,SI,2024-05-20,10239,"APARATOS PARA CORTAR EL PELO, PARA SECAR EL PELO, PARA CEPILLARSE LOS DIENTES, MAQUINAS PARA AFEITAR, APARATOS DE MASAJE Y OTROS CUIDADOS CORPORALES",147.0,Centro de Acopio,Aprovechamiento,REP-86-9030,Eco Industria SAS,Parque Industrial San Jorge,Dorian Jenny Guevara Suárez,800087297-6,LUZ STELLA CELIS,co.recepcionfacturase@la.spectrumbrands.com,CL 70B 111 85,"BOGOTA, D. C.","BOGOTA, D. C.",4.707800127,-74.12949387,596544.6,520425.31,18N
1. Aparatos electrodomésticos,1.5 Enseres menores de cocina,SI,2024-10-24,9956,OTROS GRANDES APARATOS UTILIZADOS PARA COCINAR Y EN OTROS PROCESOS DE TRANSFORMACION DE LOS ALIMENTOS. APARATOS DE CALEFACCION ELECTRICOS,89.0,Centro de Acopio,Aprovechamiento,REP - 14 - 9308,Eco Industria SAS,Parque Industrial San Jorge,Doris esperanza Gómez,800149695-1,JENNY PRIETO,gestionambiental@cruzverde.com.co,KR 19 76A 5 Sur,"BOGOTA, D. C.","BOGOTA, D. C.",4.54082825,-74.15168345,594105.49,501963.65,18N
2. Electrónica y Equipos de Telecomunicación,"2.10 Periféricos, partes y tarjetas para computadores e impresoras",SI,2024-10-06,11115,MODEM,105.29,Gestionado por Reconecta,Aprovechamiento,REP - 14 - 9308,Eco Industria SAS,Parque Industrial San Jorge,DROGAS CANO,860518583-7,MARIA PAULA,ambiental@ccmetropolis.com.co,CL 188BIS 8C 15,"BOGOTA, D. C.","BOGOTA, D. C.",4.764927,-74.030042,607566.6,526755.42,18N
2. Electrónica y Equipos de Telecomunicación,"2.10 Periféricos, partes y tarjetas para computadores e impresoras",SI,2024-09-06,10819,TONNER EN DESUSO,7.0,Gestionado por Reconecta,Aprovechamiento,REP - 30 - 9339,Eco Industria SAS,Parque Industrial San Jorge,DROGAS PROVIPHARMA,800149695-1,JENNY PRIETO,gestionambiental@cruzverde.com.co,CL 37B S 68F 17,"BOGOTA, D. C.","BOGOTA, D. C.",4.605321,-74.136317,595801.68,509095.32,18N
1. Aparatos electrodomésticos,1.5 Enseres menores de cocina,SI,2024-05-22,10381,OTROS GRANDES APARATOS UTILIZADOS PARA COCINAR Y EN OTROS PROCESOS DE TRANSFORMACION DE LOS ALIMENTOS,566.64,Centro de Acopio,Aprovechamiento,REP - 15 - 9316,Eco Industria SAS,Parque Industrial San Jorge,DROGUERÍA 85 LTDA,860007386,ANA LUCIA GOMEZ,enlacesambientales@gmail.com,CL 85 16A 29,"BOGOTA, D. C.","BOGOTA, D. C.",4.670544,-74.056758,604617.71,516317.04,18N
2. Electrónica y Equipos de Telecomunicación,2.8 Equipos de telecomunicaciones,SI,2024-06-01,9356,"TELÉFONOS; PÚBLICOS, INALÁMBRICOS Y MÓVILES",4.0,Centro de Acopio,Aprovechamiento,REP-86-9030,Eco Industria SAS,Parque Industrial San Jorge,DROGUERÍA ALBANIA,830143447-3,Ana Maria Suarez,test@portal80.com.co,KR 4BISA 32 19,"BOGOTA, D. C.","BOGOTA, D. C.",4.617492,-74.064856,603727.2,510450.83,18N
1. Aparatos electrodomésticos,1.6 Enseres menores del hogar,SI,2024-03-12,10202,MAQUINAS DE COSER,120.2,Gestionado por Reconecta,Aprovechamiento,REP - 14 - 9308,Eco Industria SAS,Parque Industrial San Jorge,DROGUERÍA ANTIGUA SAN JORGE,800149695-1,JENNY PRIETO,gestionambiental@cruzverde.com.co,KR 7 1D 12,"BOGOTA, D. C.","BOGOTA, D. C.",4.588102,-74.081056,601934.31,507199.39,18N
1. Aparatos electrodomésticos,1.4 Enseres menores de calentamiento,SI,2024-08-11,10487,APARATOS DE CALEFACCIÓN ELÉCTRICOS,46.0,Gestionado por Reconecta,Aprovechamiento,REP - 30 - 9339,Eco Industria SAS,Parque Industrial San Jorge,DROGUERÍA BIOSER,800087297-6,LUZ STELLA CELIS,co.recepcionfacturase@la.spectrumbrands.com,CL 67 115A 30,"BOGOTA, D. C.","BOGOTA, D. C.",4.711447,-74.13628,595791.42,520827.53,18N
2. Electrónica y Equipos de Telecomunicación,"2.10 Periféricos, partes y tarjetas para computadores e impresoras",SI,2024-07-10,10645,"PERIFERICOS (MOUSE, TECLADO, AUDIFONOS, CAMARAS Y OTROS)",0.8,Centro de Acopio,Aprovechamiento,REP - 14 - 9308,Eco Industria SAS,Parque Industrial San Jorge,DROGUERÍA BOCHICA,830143447-3,Ana Maria Suarez,test@portal80.com.co,CL 1F 33 65,"BOGOTA, D. C.","BOGOTA, D. C.",4.603728,-74.10778,598967.54,508923.1,18N
1. Aparatos electrodomésticos,1.4 Enseres menores de calentamiento,SI,2024-06-29,9104,APARATOS ELECTRODOMESTICOS/HORNOS DE MICROONDAS,21.7,Centro de Acopio,Aprovechamiento,REP-86-9030,Eco Industria SAS,Parque Industrial San Jorge,DROGUERÍA CARMERI,800149695-1,JENNY PRIETO,gestionambiental@cruzverde.com.co,KR 76 89B 19,"BOGOTA, D. C.","BOGOTA, D. C.",4.707382,-74.092085,600693.88,520384.37,18N
3. Maquinaria y Equipo Eléctrico,3.4 Equipos de iluminación,SI,2024-10-09,11600,TUBOS FLUORESCENTES - SIGNIFY,1.8,Gestionado por Reconecta,Aprovechamiento,REP - 15 - 9316,Eco Industria SAS,Parque Industrial San Jorge,DROGUERÍA CENTRAL FARMA,860010451-1,DANIELA PEÑA,ambiental@casalimpia.com.co,CL 42A S 88F 12,"BOGOTA, D. C.","BOGOTA, D. C.",4.63624,-74.171095,591939.77,512508.8,18N
2. Electrónica y Equipos de Telecomunicación,2.8 Equipos de telecomunicaciones,SI,2024-03-24,11408,CELULARES,3.61,Gestionado por Reconecta,Aprovechamiento,REP - 30 - 9339,Eco Industria SAS,Parque Industrial San Jorge,DROGUERÍA CLINICA BARRAQUER,830142201-4,LUZ DARY LEGUIZAMON,test@mts.com.co,AC 100 18A 00,"BOGOTA, D. C.","BOGOTA, D. C.",4.68602,-74.051097,605243.33,518028.79,18N
1. Aparatos electrodomésticos,1.6 Enseres menores del hogar,SI,2024-10-11,10503,MAQUINAS DE COSER,119.2,Centro de Acopio,Aprovechamiento,REP - 14 - 9308,Eco Industria SAS,Parque Industrial San Jorge,DROGUERÍA COLSUBSIDIO ALPASO PLAZA,860007386,ANA LUCIA GOMEZ,enlacesambientales@gmail.com,AC 145 103B 69,"BOGOTA, D. C.","BOGOTA, D. C.",4.745674,-74.09572,600285.19,524617.07,18N
2. Electrónica y Equipos de Telecomunicación,2.8 Equipos de telecomunicaciones,SI,2024-04-27,11824,CELULARES,8.8,Centro de Acopio,Aprovechamiento,REP - 14 - 9308,Eco Industria SAS,Parque Industrial San Jorge,DROGUERÍA COLSUBSIDIO AVENIDA 15,860518583-7,MARIA PAULA,ambiental@ccmetropolis.com.co,KR 15 74 22,"BOGOTA, D. C.","BOGOTA, D. C.",4.661195,-74.060117,604246.49,515282.98,18N
1. Aparatos electrodomésticos,1.2 Enseres de audio y video,SI,2024-06-19,10169,"OTROS PRODUCTOS O APARATOS UTILIZADOS PARA REGISTRAR O REPRODUCIR SONIDO O IMAGENES, INCLUIDAS LAS SEÑALES Y TECNOLOGIAS DE DISTRIBUCION DEL SONIDO E IMAGEN DE LA COMUNICACION",487.43,Centro de Acopio,Aprovechamiento,REP - 30 - 9339,Eco Industria SAS,Parque Industrial San Jorge,DROGUERÍA COLSUBSIDIO BOYACÁ REAL,830142201-4,LUZ DARY LEGUIZAMON,test@mts.com.co,KR 73A 70 18,"BOGOTA, D. C.","BOGOTA, D. C.",4.6863,-74.098176,600021.29,518052.85,18N
1. Aparatos electrodomésticos,1.2 Enseres de audio y video,SI,2024-11-01,9373,"OTROS PRODUCTOS O APARATOS DE TRANSMISION DE SONIDO, IMAGENES U OTRA INFORMACION POR TELECOMUNICACION",53.11,Gestionado por Reconecta,Aprovechamiento,REP - 30 - 9339,Eco Industria SAS,Parque Industrial San Jorge,DROGUERÍA COLSUBSIDIO CALLE 122,830142201-4,LUZ DARY LEGUIZAMON,test@mts.com.co,CL 122 18C 56,"BOGOTA, D. C.","BOGOTA, D. C.",4.701871,-74.049145,605457.47,519781.45,18N
1. Aparatos electrodomésticos,1.4 Enseres menores de calentamiento,SI,2024-05-30,11496,HORNOS DE MICROONDAS/ APARATOS ELECTRODOMESTICOS,67.0,Gestionado por Reconecta,Aprovechamiento,REP - 29 - 9315,Eco Industria SAS,Parque Industrial San Jorge,DROGUERÍA COLSUBSIDIO CALLE 72,800087297-6,LUZ STELLA CELIS,co.recepcionfacturase@la.spectrumbrands.com,CL 72 9 25,"BOGOTA, D. C.","BOGOTA, D. C.",4.656035,-74.057406,604547.97,514712.94,18N
2. Electrónica y Equipos de Telecomunicación,2.8 Equipos de telecomunicaciones,SI,2024-12-07,10390,TERMINALES DE FAX,5.0,Centro de Acopio,Aprovechamiento,REP - 14 - 9308,Eco Industria SAS,Parque Industrial San Jorge,DROGUERÍA COLSUBSIDIO CEDRITOS,830143447-3,Ana Maria Suarez,test@portal80.com.co,CL 140 7C 50,"BOGOTA, D. C.","BOGOTA, D. C.",4.717397,-74.031592,607402.03,521500.57,18N
1. Aparatos electrodomésticos,1.2 Enseres de audio y video,SI,2024-10-08,11080,TELEVISORES,97.0,Gestionado por Reconecta,Aprovechamiento,REP-86-9030,Eco Industria SAS,Parque Industrial San Jorge,DROGUERÍA COLSUBSIDIO CEDRITOS CALLE 140,860010451-1,DANIELA PEÑA,ambiental@casalimpia.com.co,CL 140 10A 71,"BOGOTA, D. C.","BOGOTA, D. C.",4.718569,-74.034792,607046.92,521629.65,18N
2. Electrónica y Equipos de Telecomunicación,"2.10 Periféricos, partes y tarjetas para computadores e impresoras",SI,2024-01-27,10122,CD,7.81,Centro de Acopio,Aprovechamiento,REP-86-9030,Eco Industria SAS,Parque Industrial San Jorge,DROGUERÍA COLSUBSIDIO CENTRO COMERCIAL CENTRO MAYOR,830143447-3,Ana Maria Suarez,test@portal80.com.co,AVENIDA KR 27 38A-83 SUR,"BOGOTA, D. C.","BOGOTA, D. C.",4.5914,-74.12458,597105.56,507557.94,18N
2. Electrónica y Equipos de Telecomunicación,2.4 Computadores y equipos para tratamiento de datos,SI,2024-03-01,11707,CPU,20.16,Gestionado por Reconecta,Aprovechamiento,REP - 29 - 9315,Eco Industria SAS,Parque Industrial San Jorge,DROGUERÍA COLSUBSIDIO CHICALÁ,860007386,ANA LUCIA GOMEZ,enlacesambientales@gmail.com,KR 81H 53 21 S,"BOGOTA, D. C.","BOGOTA, D. C.",4.620603,-74.176612,591329.8,510779.43,18N
1. Aparatos electrodomésticos,1.4 Enseres menores de calentamiento,SI,2024-04-13,9389,APARATOS ELECTRODOMESTICOS,618.47,Centro de Acopio,Aprovechamiento,REP-86-9030,Eco Industria SAS,Parque Industrial San Jorge,DROGUERÍA COLSUBSIDIO ESPECTADOR,830142201-4,LUZ DARY LEGUIZAMON,test@mts.com.co,AV 68 # 16 - 55,"BOGOTA, D. C.","BOGOTA, D. C.",4.60541,-74.13103,596388.16,509105.87,18N
1. Aparatos electrodomésticos,1.4 Enseres menores de calentamiento,SI,2024-05-27,11560,APARATOS ELECTRODOMESTICOS/HORNOS DE MICROONDAS,21.7,Gestionado por Reconecta,Aprovechamiento,REP - 15 - 9316,Eco Industria SAS,Parque Industrial San Jorge,DROGUERÍA COLSUBSIDIO INDEPENDIENTE USAQUÉN 2,800087297-6,LUZ STELLA CELIS,co.recepcionfacturase@la.spectrumbrands.com,KR 7 118 38,"BOGOTA, D. C.","BOGOTA, D. C.",4.695625,-74.031961,607364.44,519093.55,18N
3. Maquinaria y Equipo Eléctrico,3.4 Equipos de iluminación,SI,2024-08-20,9297,APARATOS DE ALUMBRADO,8.7,Centro de Acopio,Aprovechamiento,REP - 30 - 9339,Eco Industria SAS,Parque Industrial San Jorge,DROGUERÍA COLSUBSIDIO RESTREPO POPULAR 2,860007386,ANA LUCIA GOMEZ,enlacesambientales@gmail.com,CL 18 S 18 20,"BOGOTA, D. C.","BOGOTA, D. C.",4.585032,-74.101462,599671.0,506857.13,18N
1. Aparatos electrodomésticos,1.6 Enseres menores del hogar,SI,2024-12-28,10700,VENTILADORES ELECTRICOS,1.0,Gestionado por Reconecta,Aprovechamiento,REP - 14 - 9308,Eco Industria SAS,Parque Industrial San Jorge,DROGUERÍA COLSUBSIDIO SANTA ANA,830142201-4,LUZ DARY LEGUIZAMON,test@mts.com.co,KR 7 112 32,"BOGOTA, D. C.","BOGOTA, D. C.",4.690994,-74.033689,607173.48,518581.32,18N
1. Aparatos electrodomésticos,1.5 Enseres menores de cocina,SI,2024-09-18,10016,OTROS GRANDES APARATOS UTILIZADOS PARA COCINAR Y EN OTROS PROCESOS DE TRANSFORMACION DE LOS ALIMENTOS. APARATOS DE CALEFACCION ELECTRICOS,145.0,Gestionado por Reconecta,Aprovechamiento,REP - 15 - 9316,Eco Industria SAS,Parque Industrial San Jorge,DROGUERÍA COLSUBSIDIO SANTA BEATRIZ,860007386,ANA LUCIA GOMEZ,enlacesambientales@gmail.com,KR 15 119 48,"BOGOTA, D. C.","BOGOTA, D. C.",4.699665,-74.042775,606164.35,519538.54,18N
3. Maquinaria y Equipo Eléctrico,3.4 Equipos de iluminación,SI,2024-03-18,9098,APARATOS DE ALUMBRADO,6.8,Gestionado por Reconecta,Aprovechamiento,REP-86-9030,Eco Industria SAS,Parque Industrial San Jorge,DROGUERÍA COLSUBSIDIO SANTA ISABEL,800149695-1,JENNY PRIETO,gestionambiental@cruzverde.com.co,CL 1F 27 08,"BOGOTA, D. C.","BOGOTA, D. C.",4.598485,-74.100448,599781.62,508344.51,18N
1. Aparatos electrodomésticos,1.2 Enseres de audio y video,SI,2024-06-29,9291,"OTROS PRODUCTOS O APARATOS UTILIZADOS PARA REGISTRAR O REPRODUCIR SONIDO O IMAGENES, INCLUIDAS LAS SEÑALES Y TECNOLOGIAS DE DISTRIBUCION DEL SONIDO E IMAGEN DE LA COMUNICACION",1.9,Gestionado por Reconecta,Aprovechamiento,REP - 15 - 9316,Eco Industria SAS,Parque Industrial San Jorge,DROGUERÍA COLSUBSIDIO STTUGART,860518583-7,MARIA PAULA,ambiental@ccmetropolis.com.co,KR 21 169 62,"BOGOTA, D. C.","BOGOTA, D. C.",4.750213,-74.043841,606038.43,525126.6,18N
2. Electrónica y Equipos de Telecomunicación,"2.10 Periféricos, partes y tarjetas para computadores e impresoras",SI,2024-02-15,11244,REPUESTOS O PARTES DE PC/PORTATILES,5.0,Centro de Acopio,Aprovechamiento,REP - 14 - 9308,Eco Industria SAS,Parque Industrial San Jorge,DROGUERÍA COLSUBSIDIO TIERRA GRATA,900836968-7,LEONARDO BENAVIDES,test@signify.com,CL 70 101 00,"BOGOTA, D. C.","BOGOTA, D. C.",4.701509,-74.119669,597635.2,519731.19,18N
1. Aparatos electrodomésticos,1.4 Enseres menores de calentamiento,SI,2024-05-10,11662,APARATOS ELECTRODOMESTICOS,17.0,Centro de Acopio,Aprovechamiento,REP - 14 - 9308,Eco Industria SAS,Parque Industrial San Jorge,DROGUERÍA CRUZ AZUL 163,860007386,ANA LUCIA GOMEZ,enlacesambientales@gmail.com,AV BOYACÁ # 163 - 31,"BOGOTA, D. C.","BOGOTA, D. C.",4.74224,-74.03837,606646.44,524246.0,18N
1. Aparatos electrodomésticos,1.5 Enseres menores de cocina,SI,2024-01-22,11754,"MOLINOS, CAFETERAS Y APARATOS PARA ABRIR O PRECINTAR ENVASES O PAQUETES",468.0,Centro de Acopio,Aprovechamiento,REP - 15 - 9316,Eco Industria SAS,Parque Industrial San Jorge,DROGUERÍA DE LA 146,860010451-1,DANIELA PEÑA,ambiental@casalimpia.com.co,CL 150 50 37,"BOGOTA, D. C.","BOGOTA, D. C.",4.732514,-74.053388,604982.24,523168.47,18N
2. Electrónica y Equipos de Telecomunicación,2.4 Computadores y equipos para tratamiento de datos,SI,2024-06-26,10461,ORDENADORES PERSONALES O PORTATILES,3.6,Centro de Acopio,Aprovechamiento,REP-86-9030,Eco Industria SAS,Parque Industrial San Jorge,DROGUERÍA DISPENFAR,830143447-3,Ana Maria Suarez,test@portal80.com.co,TV 127 137 16,"BOGOTA, D. C.","BOGOTA, D. C.",4.744475,-74.10925,598784.76,524482.58,18N
3. Maquinaria y Equipo Eléctrico,3.4 Equipos de iluminación,SI,2024-09-04,11995,BOMBILLOS COMPACTOS - SIGNIFY,0.2,Gestionado por Reconecta,Aprovechamiento,REP-86-9030,Eco Industria SAS,Parque Industrial San Jorge,DROGUERÍA DISTRIFÁRMARCOS,860007386,ANA LUCIA GOMEZ,enlacesambientales@gmail.com,CL 9D 69B 63,"BOGOTA, D. C.","BOGOTA, D. C.",4.635832,-74.127941,596726.7,512469.44,18N
2. Electrónica y Equipos de Telecomunicación,"2.10 Periféricos, partes y tarjetas para computadores e impresoras",SI,2024-08-28,11601,Tonner De Impresora / Aprovechamiento,15.0,Gestionado por Reconecta,Aprovechamiento,REP - 15 - 9316,Eco Industria SAS,Parque Industrial San Jorge,DROGUERÍA DROFAM,860010451-1,DANIELA PEÑA,ambiental@casalimpia.com.co,KR 112 64A 05,"BOGOTA, D. C.","BOGOTA, D. C.",4.703731,-74.134368,596004.55,519974.79,18N
1. Aparatos electrodomésticos,1.4 Enseres menores de calentamiento,SI,2024-03-08,10923,PLANCHAS Y OTROS APARATOS UTILIZADOS PARA PLANCHAR Y PARA DAR OTRO TIPO DE CUIDADOR A LA ROPA,118.93,Centro de Acopio,Aprovechamiento,REP - 14 - 9308,Eco Industria SAS,Parque Industrial San Jorge,DROGUERÍA EL PORTAL DE LA 170,860518583-7,MARIA PAULA,ambiental@ccmetropolis.com.co,CL 172A 21A 18,"BOGOTA, D. C.","BOGOTA, D. C.",4.75299,-74.043691,606054.64,525433.63,18N
1. Aparatos electrodomésticos,1.5 Enseres menores de cocina,SI,2024-01-14,11343,"MOLINOS, CAFETERAS Y APARATOS PARA ABRIR O PRECINTAR ENVASES O PAQUETES",1350.0,Centro de Acopio,Aprovechamiento,REP - 15 - 9316,Eco Industria SAS,Parque Industrial San Jorge,DROGUERÍA EL ROSAL,830143447-3,Ana Maria Suarez,test@portal80.com.co,KR 11 78 76,"BOGOTA, D. C.","BOGOTA, D. C.",4.663369,-74.054433,604876.67,515524.17,18N
2. Electrónica y Equipos de Telecomunicación,"2.10 Periféricos, partes y tarjetas para computadores e impresoras",SI,2024-11-06,10554,ups,25.8,Gestionado por Reconecta,Aprovechamiento,REP - 29 - 9315,Eco Industria SAS,Parque Industrial San Jorge,DROGUERÍA EXIT-DROGAS,860518583-7,MARIA PAULA,ambiental@ccmetropolis.com.co,CL 8 S 68B 60,"BOGOTA, D. C.","BOGOTA, D. C.",4.618177,-74.127798,596744.96,510517.69,18N
1. Aparatos electrodomésticos,1.6 Enseres menores del hogar,SI,2024-11-28,10830,"RELOJES Y APARATOS DESTINADOS A MEDIR, INDICAR O REGISTRAR EL TIEMPO",39.18,Gestionado por Reconecta,Aprovechamiento,REP-86-9030,Eco Industria SAS,Parque Industrial San Jorge,DROGUERÍA EXITOSA,830143447-3,Ana Maria Suarez,test@portal80.com.co,CL 147A 54 72,"BOGOTA, D. C.","BOGOTA, D. C.",4.732024,-74.057154,604564.61,523113.74,18N
1. Aparatos electrodomésticos,1.4 Enseres menores de calentamiento,SI,2024-06-12,9271,APARATOS ELECTRODOMESTICOS/HORNOS ELECTRICOS,45.0,Centro de Acopio,Aprovechamiento,REP-86-9030,Eco Industria SAS,Parque Industrial San Jorge,DROGUERÍA FAMICOL,830142201-4,LUZ DARY LEGUIZAMON,test@mts.com.co,KR 8 127 18,"BOGOTA, D. C.","BOGOTA, D. C.",4.703686,-74.032278,607328.05,519984.67,18N
1. Aparatos electrodomésticos,1.4 Enseres menores de calentamiento,SI,2024-04-19,11976,APARATOS ELECTRODOMESTICOS,1.6,Gestionado por Reconecta,Aprovechamiento,REP - 29 - 9315,Eco Industria SAS,Parque Industrial San Jorge,DROGUERÍA HEEL AUTOPISTA 184,900836968-7,LEONARDO BENAVIDES,test@signify.com,AK 45 183A 86,"BOGOTA, D. C.","BOGOTA, D. C.",4.760932,-74.044263,605989.98,526311.55,18N
2. Electrónica y Equipos de Telecomunicación,2.4 Computadores y equipos para tratamiento de datos,SI,2024-08-31,11314,TABLETAS,1.44,Gestionado por Reconecta,Aprovechamiento,REP-86-9030,Eco Industria SAS,Parque Industrial San Jorge,DROGUERÍA HEEL MARLY,900836968-7,LEONARDO BENAVIDES,test@signify.com,KR 9 47 04,"BOGOTA, D. C.","BOGOTA, D. C.",4.634075,-74.065157,603691.4,512284.07,18N
2. Electrónica y Equipos de Telecomunicación,"2.10 Periféricos, partes y tarjetas para computadores e impresoras",SI,2024-03-09,9892,TONER DE IMPRESORA/APROVECHAMIENTO,49.04,Centro de Acopio,Aprovechamiento,REP - 15 - 9316,Eco Industria SAS,Parque Industrial San Jorge,DROGUERÍA HEEL NORTE,800087297-6,LUZ STELLA CELIS,co.recepcionfacturase@la.spectrumbrands.com,KR 19 104 37,"BOGOTA, D. C.","BOGOTA, D. C.",4.69092,-74.051386,605210.54,518570.45,18N
2. Electrónica y Equipos de Telecomunicación,2.4 Computadores y equipos para tratamiento de datos,SI,2024-01-10,11485,IMPRESORAS Y SCANNER,43.0,Centro de Acopio,Aprovechamiento,REP - 29 - 9315,Eco Industria SAS,Parque Industrial San Jorge,DROGUERÍA HEEL SALITRE,830143447-3,Ana Maria Suarez,test@portal80.com.co,AK 68D 23B 12,"BOGOTA, D. C.","BOGOTA, D. C.",4.652861,-74.111401,598559.06,514354.28,18N
2. Electrónica y Equipos de Telecomunicación,2.3 Componentes electrónicos,SI,2024-06-02,10297,PANELES FOTOVOLTAICOS,28.0,Centro de Acopio,Aprovechamiento,REP - 14 - 9308,Eco Industria SAS,Parque Industrial San Jorge,DROGUERÍA HIPERFARMA,830142201-4,LUZ DARY LEGUIZAMON,test@mts.com.co,CL 75C 105F 09,"BOGOTA, D. C.","BOGOTA, D. C.",4.70979,-74.119721,597628.28,520646.65,18N
2. Electrónica y Equipos de Telecomunicación,2.3 Componentes electrónicos,SI,2024-08-19,11298,PANELES FOTOVOLTAICOS,175.48,Centro de Acopio,Aprovechamiento,REP - 30 - 9339,Eco Industria SAS,Parque Industrial San Jorge,DROGUERÍA HOSPITAL SAN BLAS 2 NIVEL E.S.E.,860007386,ANA LUCIA GOMEZ,enlacesambientales@gmail.com,TV 5 E 19 50 S,"BOGOTA, D. C.","BOGOTA, D. C.",4.570145,-74.083731,601640.09,505213.84,18N
2. Electrónica y Equipos de Telecomunicación,"2.10 Periféricos, partes y tarjetas para computadores e impresoras",SI,2024-12-19,9175,TONER DE IMPRESORA SUELTO,187.59,Centro de Acopio,Aprovechamiento,REP - 15 - 9316,Eco Industria SAS,Parque Industrial San Jorge,DROGUERÍA HUMANITAS,860518583-7,MARIA PAULA,ambiental@ccmetropolis.com.co,KR 81 8A 49,"BOGOTA, D. C.","BOGOTA, D. C.",4.644249,-74.146611,594654.59,513397.41,18N
1. Aparatos electrodomésticos,1.5 Enseres menores de cocina,SI,2024-01-05,11610,"MOLINOS, CAFETERAS Y APARATOS PARA ABRIR O PRECINTAR ENVASES O PAQUETES",211.0,Gestionado por Reconecta,Aprovechamiento,REP-86-9030,Eco Industria SAS,Parque Industrial San Jorge,DROGUERÍA JOSÉ A,900836968-7,LEONARDO BENAVIDES,test@signify.com,AK 19 22C 07,"BOGOTA, D. C.","BOGOTA, D. C.",4.615986,-74.079323,602122.59,510282.25,18N
2. Electrónica y Equipos de Telecomunicación,"2.10 Periféricos, partes y tarjetas para computadores e impresoras",SI,2024-12-25,9360,TONNER EN DESUSO,7.0,Centro de Acopio,Aprovechamiento,REP-86-9030,Eco Industria SAS,Parque Industrial San Jorge,DROGUERÍA KRONOS SALUD,860007386,ANA LUCIA GOMEZ,enlacesambientales@gmail.com,KR 99 155D 70,"BOGOTA, D. C.","BOGOTA, D. C.",4.755349,-74.086031,601358.38,525688.07,18N
1. Aparatos electrodomésticos,1.2 Enseres de audio y video,SI,2024-05-05,11445,APARATOS DE GRABACION DE VIDEO,3.0,Gestionado por Reconecta,Aprovechamiento,REP - 29 - 9315,Eco Industria SAS,Parque Industrial San Jorge,DROGUERÍA LA GRAN BONANZA,800149695-1,JENNY PRIETO,gestionambiental@cruzverde.com.co,AK 70 77A 03,"BOGOTA, D. C.","BOGOTA, D. C.",4.689835,-74.087583,601195.75,518445.17,18N
1. Aparatos electrodomésticos,1.2 Enseres de audio y video,SI,2024-05-15,10301,"OTROS PRODUCTOS O APARATOS UTILIZADOS PARA REGISTRAR O REPRODUCIR SONIDO O IMAGENES, INCLUIDAS LAS SEÑALES Y TECNOLOGIAS DE DISTRIBUCION DEL SONIDO E IMAGEN DE LA COMUNICACION",597.7,Centro de Acopio,Aprovechamiento,REP-86-9030,Eco Industria SAS,Parque Industrial San Jorge,DROGUERÍA LAS TORRES,830142201-4,LUZ DARY LEGUIZAMON,test@mts.com.co,CL 4 16 64,"BOGOTA, D. C.","BOGOTA, D. C.",4.596787,-74.088096,601152.1,508158.53,18N
2. Electrónica y Equipos de Telecomunicación,"2.10 Periféricos, partes y tarjetas para computadores e impresoras",SI,2024-04-10,11777,MODEM,89.11,Centro de Acopio,Aprovechamiento,REP - 29 - 9315,Eco Industria SAS,Parque Industrial San Jorge,DROGUERÍA LAS VEGAS 2014,860007386,ANA LUCIA GOMEZ,enlacesambientales@gmail.com,TV 50 70 01 S,"BOGOTA, D. C.","BOGOTA, D. C.",4.576076,-74.16348,592792.26,505858.72,18N
2. Electrónica y Equipos de Telecomunicación,2.4 Computadores y equipos para tratamiento de datos,SI,2024-05-15,11279,DM - IMPRESORAS Y SCANNER,30.3,Centro de Acopio,Aprovechamiento,REP - 30 - 9339,Eco Industria SAS,Parque Industrial San Jorge,DROGUERÍA LOMBARDÍA,830143447-3,Ana Maria Suarez,test@portal80.com.co,KR 111 143A 28,"BOGOTA, D. C.","BOGOTA, D. C.",4.748333,-74.100436,599761.76,524910.35,18N
1. Aparatos electrodomésticos,1.4 Enseres menores de calentamiento,SI,2024-09-07,10627,APARATOS ELECTRODOMESTICOS/HORNOS ELECTRICOS,45.0,Centro de Acopio,Aprovechamiento,REP - 30 - 9339,Eco Industria SAS,Parque Industrial San Jorge,DROGUERÍA LUZ MARY,800087297-6,LUZ STELLA CELIS,co.recepcionfacturase@la.spectrumbrands.com,KR 17G 67A 51 S,"BOGOTA, D. C.","BOGOTA, D. C.",4.550779,-74.14038,595358.19,503065.18,18N
1. Aparatos electrodomésticos,1.9 Herramientas para el hogar,SI,2024-07-24,11560,TALADRADORAS,2.0,Gestionado por Reconecta,Aprovechamiento,REP - 29 - 9315,Eco Industria SAS,Parque Industrial San Jorge,DROGUERÍA MEDICOSMÉTICA-FARMACENTER,900836968-7,LEONARDO BENAVIDES,test@signify.com,KR 77A 64I 39,"BOGOTA, D. C.","BOGOTA, D. C.",4.683627,-74.105721,599184.79,517756.28,18N
2. Electrónica y Equipos de Telecomunicación,"2.10 Periféricos, partes y tarjetas para computadores e impresoras",SI,2024-05-14,11771,ups,25.8,Gestionado por Reconecta,Aprovechamiento,REP - 14 - 9308,Eco Industria SAS,Parque Industrial San Jorge,DROGUERÍA MENDEZ,800149695-1,JENNY PRIETO,gestionambiental@cruzverde.com.co,CL 65J S 64 12 S,"BOGOTA, D. C.","BOGOTA, D. C.",4.6009,-74.181532,590786.54,508600.67,18N
3. Maquinaria y Equipo Eléctrico,3.11 Pilas y acumuladores,SI,2024-03-15,9783,BATERIAS DE LITIO,15.0,Centro de Acopio,Aprovechamiento,REP - 14 - 9308,Eco Industria SAS,Parque Industrial San Jorge,DROGUERÍA MERCURIAL,900836968-7,LEONARDO BENAVIDES,test@signify.com,KR 107 22 F 25,"BOGOTA, D. C.","BOGOTA, D. C.",4.681785,-74.144367,594898.47,517547.3,18N
1. Aparatos electrodomésticos,1.1 Cocinas y hornos,SI,2024-12-16,10594,HORNOS DE MICROONDAS,9.0,Centro de Acopio,Aprovechamiento,REP - 30 - 9339,Eco Industria SAS,Parque Industrial San Jorge,DROGUERÍA MINIMARKET LINDARAJA,860007386,ANA LUCIA GOMEZ,enlacesambientales@gmail.com,TV 60 127D 09,"BOGOTA, D. C.","BOGOTA, D. C.",4.713134,-74.072742,602838.48,521023.08,18N
2. Electrónica y Equipos de Telecomunicación,2.4 Computadores y equipos para tratamiento de datos,SI,2024-11-25,10728,DM - IMPRESORAS Y SCANNER,30.3,Gestionado por Reconecta,Aprovechamiento,REP - 14 - 9308,Eco Industria SAS,Parque Industrial San Jorge,DROGUERÍA MINIMARKET SANTA BARBARA,860010451-1,DANIELA PEÑA,ambiental@casalimpia.com.co,AC 116 19 36,"BOGOTA, D. C.","BOGOTA, D. C.",4.698874,-74.050412,605317.38,519449.94,18N
1. Aparatos electrodomésticos,1.4 Enseres menores de calentamiento,SI,2024-02-02,10115,APARATOS ELECTRODOMESTICOS/HORNOS DE MICROONDAS,21.7,Gestionado por Reconecta,Aprovechamiento,REP - 29 - 9315,Eco Industria SAS,Parque Industrial San Jorge,DROGUERÍA MIRAMAR,860007386,ANA LUCIA GOMEZ,enlacesambientales@gmail.com,CL 98 68 64,"BOGOTA, D. C.","BOGOTA, D. C.",4.689033,-74.074703,602624.51,518358.38,18N
2. Electrónica y Equipos de Telecomunicación,"2.10 Periféricos, partes y tarjetas para computadores e impresoras",SI,2024-10-26,10133,TONER DE IMPRESORA SUELTO,161.85,Centro de Acopio,Aprovechamiento,REP - 14 - 9308,Eco Industria SAS,Parque Industrial San Jorge,DROGUERÍA NORTE AMÉRICA,900836968-7,LEONARDO BENAVIDES,test@signify.com,KR 13B 42 89 S,"BOGOTA, D. C.","BOGOTA, D. C.",4.570229,-74.118551,597777.25,505218.3,18N
2. Electrónica y Equipos de Telecomunicación,2.4 Computadores y equipos para tratamiento de datos,SI,2024-12-02,9828,IMPRESORAS Y SCANNER,10.0,Gestionado por Reconecta,Aprovechamiento,REP - 30 - 9339,Eco Industria SAS,Parque Industrial San Jorge,DROGUERÍA NUEVA KALIMA,800149695-1,JENNY PRIETO,gestionambiental@cruzverde.com.co,KR 7A 151 05,"BOGOTA, D. C.","BOGOTA, D. C.",4.725834,-74.025944,608027.18,522434.19,18N
3. Maquinaria y Equipo Eléctrico,3.11 Pilas y acumuladores,SI,2024-10-29,9767,PILAS,18.23,Gestionado por Reconecta,Aprovechamiento,REP - 30 - 9339,Eco Industria SAS,Parque Industrial San Jorge,DROGUERIA OCCISALUD,830142201-4,LUZ DARY LEGUIZAMON,test@mts.com.co,KR 101 71B 40,"BOGOTA, D. C.","BOGOTA, D. C.",4.703445,-74.117865,597835.02,519945.46,18N
2. Electrónica y Equipos de Telecomunicación,"2.10 Periféricos, partes y tarjetas para computadores e impresoras",SI,2024-03-18,11682,TONER DE IMPRESORA SUELTOS,6.0,Gestionado por Reconecta,Aprovechamiento,REP - 29 - 9315,Eco Industria SAS,Parque Industrial San Jorge,DROGUERÍA PARASUSALUD & CIA,800087297-6,LUZ STELLA CELIS,co.recepcionfacturase@la.spectrumbrands.com,DG 58 S 29 54,"BOGOTA, D. C.","BOGOTA, D. C.",4.578465,-74.143308,595029.72,506125.46,18N
2. Electrónica y Equipos de Telecomunicación,2.7 Equipos de instrumentación y control,SI,2024-09-30,11442,BASCULA,5.6,Gestionado por Reconecta,Aprovechamiento,REP - 15 - 9316,Eco Industria SAS,Parque Industrial San Jorge,DROGUERÍA PASTEUR GM,900836968-7,LEONARDO BENAVIDES,test@signify.com,AC 72 106A 06,"BOGOTA, D. C.","BOGOTA, D. C.",4.708824,-74.122181,597355.56,520539.51,18N
2. Electrónica y Equipos de Telecomunicación,2.6 Equipos de electrónica de potencia,SI,2024-08-08,11171,BALASTOS,349.0,Gestionado por Reconecta,Aprovechamiento,REP - 30 - 9339,Eco Industria SAS,Parque Industrial San Jorge,DROGUERÍA PRIMERA DE MAYO,800087297-6,LUZ STELLA CELIS,co.recepcionfacturase@la.spectrumbrands.com,AV P1 DE MAYO # 42C-10 SUR,"BOGOTA, D. C.","BOGOTA, D. C.",4.615483,-74.16143,593014.57,510215.39,18N
2. Electrónica y Equipos de Telecomunicación,2.8 Equipos de telecomunicaciones,SI,2024-02-22,9459,"TELÉFONOS; PÚBLICOS, INALÁMBRICOS Y MÓVILES",4.0,Centro de Acopio,Aprovechamiento,REP - 30 - 9339,Eco Industria SAS,Parque Industrial San Jorge,DROGUERÍA PUNTO 5,860010451-1,DANIELA PEÑA,ambiental@casalimpia.com.co,DG 84A 82 56,"BOGOTA, D. C.","BOGOTA, D. C.",4.706112,-74.096598,600193.5,520243.32,18N
2. Electrónica y Equipos de Telecomunicación,2.8 Equipos de telecomunicaciones,SI,2024-04-06,9115,ROUTER,4.0,Gestionado por Reconecta,Aprovechamiento,REP-86-9030,Eco Industria SAS,Parque Industrial San Jorge,DROGUERÍA SAMUS,800149695-1,JENNY PRIETO,gestionambiental@cruzverde.com.co,CL 66A 97 38,"BOGOTA, D. C.","BOGOTA, D. C.",4.695921,-74.119212,597686.67,519113.49,18N
1. Aparatos electrodomésticos,1.4 Enseres menores de calentamiento,SI,2024-04-18,9203,APARATOS ELECTRODOMESTICOS/HORNOS DE MICROONDAS,21.7,Centro de Acopio,Aprovechamiento,REP - 15 - 9316,Eco Industria SAS,Parque Industrial San Jorge,DROGUERÍA SAN JORGE CHAPINERO,830143447-3,Ana Maria Suarez,test@portal80.com.co,CL 53 13 64,"BOGOTA, D. C.","BOGOTA, D. C.",4.640416,-74.065674,603633.13,512985.01,18N
1. Aparatos electrodomésticos,1.2 Enseres de audio y video,SI,2024-03-17,11698,VIDEOCAMARAS,10.24,Centro de Acopio,Aprovechamiento,REP - 29 - 9315,Eco Industria SAS,Parque Industrial San Jorge,DROGUERÍA SAN JUAN DE DIOS,860007386,ANA LUCIA GOMEZ,enlacesambientales@gmail.com,KR 13 12 19,"BOGOTA, D. C.","BOGOTA, D. C.",4.602324,-74.079197,602138.51,508771.92,18N
1. Aparatos electrodomésticos,1.6 Enseres menores del hogar,SI,2024-03-30,10953,"HERRAMIENTAS PARA ROCIAR, ESPARCIR, PROPAGAR O APLICAR OTROS TRATAMIENTOS CON SUSTANCIAS LÍQUIDAS O GASEOSAS POR OTROS MEDIOS",988.0,Gestionado por Reconecta,Aprovechamiento,REP-86-9030,Eco Industria SAS,Parque Industrial San Jorge,DROGUERÍA SÉPTIMA,830143447-3,Ana Maria Suarez,test@portal80.com.co,KR 7 82 62,"BOGOTA, D. C.","BOGOTA, D. C.",4.663197,-74.048255,605561.98,515506.08,18N
3. Maquinaria y Equipo Eléctrico,3.11 Pilas y acumuladores,SI,2024-10-17,11341,BATERIAS DE LITIO,15.0,Centro de Acopio,Aprovechamiento,REP-86-9030,Eco Industria SAS,Parque Industrial San Jorge,DROGUERÍA TAYRONA,900836968-7,LEONARDO BENAVIDES,test@signify.com,KR 68A 100 10,"BOGOTA, D. C.","BOGOTA, D. C.",4.689766,-74.071633,602964.92,518439.87,18N
2. Electrónica y Equipos de Telecomunicación,2.4 Computadores y equipos para tratamiento de datos,SI,2024-06-30,9466,EQUIPOS DE COMPUTO DE MESA,46.0,Centro de Acopio,Aprovechamiento,REP - 29 - 9315,Eco Industria SAS,Parque Industrial San Jorge,DROGUERÍA TELLEZ CLASS,860007386,ANA LUCIA GOMEZ,enlacesambientales@gmail.com,CL 57B S 80D 22,"BOGOTA, D. C.","BOGOTA, D. C.",4.614036,-74.178001,591176.56,510053.28,18N
2. Electrónica y Equipos de Telecomunicación,"2.10 Periféricos, partes y tarjetas para computadores e impresoras",SI,2024-03-17,11703,TONNER,1.0,Centro de Acopio,Aprovechamiento,REP - 30 - 9339,Eco Industria SAS,Parque Industrial San Jorge,DROGUERÍA UNISANAR,860518583-7,MARIA PAULA,ambiental@ccmetropolis.com.co,CL 65 S 80 05,"BOGOTA, D. C.","BOGOTA, D. C.",4.606711,-74.18452,590454.35,509242.69,18N
1. Aparatos electrodomésticos,1.4 Enseres menores de calentamiento,SI,2024-01-28,10082,FREIDORAS,102.0,Gestionado por Reconecta,Aprovechamiento,REP - 29 - 9315,Eco Industria SAS,Parque Industrial San Jorge,DROGUERÍA UNIVERSAL VILLAS DE GRANADA,860518583-7,MARIA PAULA,ambiental@ccmetropolis.com.co,KR 112A 75A 03,"BOGOTA, D. C.","BOGOTA, D. C.",4.715492,-74.124855,597058.05,521276.29,18N
1. Aparatos electrodomésticos,1.6 Enseres menores del hogar,SI,2024-07-17,10666,"HERRAMIENTAS PARA ROCIAR, ESPARCIR, PROPAGAR O APLICAR OTROS TRATAMIENTOS CON SUSTANCIAS LÍQUIDAS O GASEOSAS POR OTROS MEDIOS",988.0,Gestionado por Reconecta,Aprovechamiento,REP - 15 - 9316,Eco Industria SAS,Parque Industrial San Jorge,DROGUERÍA UNIVERSITARIA PHARMA WORLD,860007386,ANA LUCIA GOMEZ,enlacesambientales@gmail.com,KR 91 136 04,"BOGOTA, D. C.","BOGOTA, D. C.",4.734623,-74.085484,601422.08,523396.86,18N
2. Electrónica y Equipos de Telecomunicación,"2.10 Periféricos, partes y tarjetas para computadores e impresoras",SI,2024-06-15,11894,TONER DE IMPRESORA SUELTOS,1.0,Centro de Acopio,Aprovechamiento,REP - 15 - 9316,Eco Industria SAS,Parque Industrial San Jorge,DROGUERÍA URGENCIAS SAN BLAS,900836968-7,LEONARDO BENAVIDES,test@signify.com,KR 10 E 17B 46 S,"BOGOTA, D. C.","BOGOTA, D. C.",4.570499,-74.082278,601801.24,505253.18,18N
1. Aparatos electrodomésticos,1.6 Enseres menores del hogar,SI,2024-10-30,10413,MAQUINAS DE COSER,101.5,Centro de Acopio,Aprovechamiento,REP-86-9030,Eco Industria SAS,Parque Industrial San Jorge,DROGUERÍA VIVIR ALKOSTO,900836968-7,LEONARDO BENAVIDES,test@signify.com,KR 62 162A 20,"BOGOTA, D. C.","BOGOTA, D. C.",4.746442,-74.062733,603943.67,524706.84,18N
3. Maquinaria y Equipo Eléctrico,3.4 Equipos de iluminación,SI,2024-12-20,9322,BOMBILLOS COMPACTOS - SIGNIFY,0.2,Gestionado por Reconecta,Aprovechamiento,REP-86-9030,Eco Industria SAS,Parque Industrial San Jorge,EASY AMÉRICAS,860007386,ANA LUCIA GOMEZ,enlacesambientales@gmail.com,AV AMERICAS 8 86,"BOGOTA, D. C.","BOGOTA, D. C.",4.62991,-74.12307,597267.83,511815.42,18N
1. Aparatos electrodomésticos,1.2 Enseres de audio y video,SI,2024-08-06,11548,VIDEOCAMARAS,32.0,Gestionado por Reconecta,Aprovechamiento,REP - 14 - 9308,Eco Industria SAS,Parque Industrial San Jorge,EASY CALLE 13,830143447-3,Ana Maria Suarez,test@portal80.com.co,KR 71 17A 11,"BOGOTA, D. C.","BOGOTA, D. C.",4.649258,-74.125025,597048.33,513954.08,18N
1. Aparatos electrodomésticos,1.5 Enseres menores de cocina,SI,2024-05-06,11381,OTROS GRANDES APARATOS UTILIZADOS PARA COCINAR Y EN OTROS PROCESOS DE TRANSFORMACION DE LOS ALIMENTOS,856.0,Centro de Acopio,Aprovechamiento,REP-86-9030,Eco Industria SAS,Parque Industrial San Jorge,EASY GAITAN CORTES,800087297-6,LUZ STELLA CELIS,co.recepcionfacturase@la.spectrumbrands.com,CL 58D S 51 10,"BOGOTA, D. C.","BOGOTA, D. C.",4.581501,-74.153097,593943.39,506459.8,18N
2. Electrónica y Equipos de Telecomunicación,2.8 Equipos de telecomunicaciones,SI,2024-04-01,11181,TERMINALES DE TELEX,16.0,Gestionado por Reconecta,Aprovechamiento,REP - 15 - 9316,Eco Industria SAS,Parque Industrial San Jorge,EASY NORTE,830142201-4,LUZ DARY LEGUIZAMON,test@mts.com.co,CL175 B 23-73,"BOGOTA, D. C.","BOGOTA, D. C.",4.75393,-74.04464,605949.24,525537.4,18N
2. Electrónica y Equipos de Telecomunicación,"2.10 Periféricos, partes y tarjetas para computadores e impresoras",SI,2024-05-14,9546,MODEM,4.0,Gestionado por Reconecta,Aprovechamiento,REP - 14 - 9308,Eco Industria SAS,Parque Industrial San Jorge,EASY OCCIDENTE,830143447-3,Ana Maria Suarez,test@portal80.com.co,CL 78B # 114A - 62,"BOGOTA, D. C.","BOGOTA, D. C.",4.721944,-74.123889,597164.3,521989.69,18N
3. Maquinaria y Equipo Eléctrico,3.11 Pilas y acumuladores,SI,2024-08-16,10116,BATERIAS DE LITIO,15.0,Centro de Acopio,Aprovechamiento,REP - 30 - 9339,Eco Industria SAS,Parque Industrial San Jorge,ECONOMISALUD BOSA,860518583-7,MARIA PAULA,ambiental@ccmetropolis.com.co,KR 87 49 12 S,"BOGOTA, D. C.","BOGOTA, D. C.",4.628261,-74.177376,591244.07,511625.92,18N
1. Aparatos electrodomésticos,1.6 Enseres menores del hogar,SI,2024-11-07,10511,VENTILADORES ELECTRICOS,0.8,Centro de Acopio,Aprovechamiento,REP - 29 - 9315,Eco Industria SAS,Parque Industrial San Jorge,EDIFICIO ALBEROBELLO,830142201-4,LUZ DARY LEGUIZAMON,test@mts.com.co,KR 16 86B 65,"BOGOTA, D. C.","BOGOTA, D. C.",4.672306,-74.054994,604813.11,516512.09,18N
3. Maquinaria y Equipo Eléctrico,3.11 Pilas y acumuladores,SI,2024-05-26,10899,PILAS,4.0,Centro de Acopio,Aprovechamiento,REP - 15 - 9316,Eco Industria SAS,Parque Industrial San Jorge,EDIFICIO AVIANCA PH,860010451-1,DANIELA PEÑA,ambiental@casalimpia.com.co,CL 16 6 66,"BOGOTA, D. C.","BOGOTA, D. C.",4.602432,-74.072486,602882.97,508784.82,18N
2. Electrónica y Equipos de Telecomunicación,"2.10 Periféricos, partes y tarjetas para computadores e impresoras",SI,2024-06-24,9832,MODEM,4.0,Centro de Acopio,Aprovechamiento,REP - 14 - 9308,Eco Industria SAS,Parque Industrial San Jorge,EDIFICIO BACHUE,830143447-3,Ana Maria Suarez,test@portal80.com.co,KR 10 27 05 S,"BOGOTA, D. C.","BOGOTA, D. C.",4.572135,-74.098282,600025.57,505431.8,18N
1. Aparatos electrodomésticos,1.5 Enseres menores de cocina,SI,2024-08-03,11094,OTROS GRANDES APARATOS UTILIZADOS PARA COCINAR Y EN OTROS PROCESOS DE TRANSFORMACION DE LOS ALIMENTOS,640.25,Gestionado por Reconecta,Aprovechamiento,REP - 15 - 9316,Eco Industria SAS,Parque Industrial San Jorge,EDIFICIO CENTRO COMERCIAL CARIBE P.H,830142201-4,LUZ DARY LEGUIZAMON,test@mts.com.co,KR 38 9 32,"BOGOTA, D. C.","BOGOTA, D. C.",4.616156,-74.102428,599559.52,510297.77,18N
1. Aparatos electrodomésticos,1.4 Enseres menores de calentamiento,SI,2024-06-29,9084,Sanduchera / Tostadora,6.8,Centro de Acopio,Aprovechamiento,REP - 15 - 9316,Eco Industria SAS,Parque Industrial San Jorge,EDIFICIO CENTRO DE COMERCIO INTERNACIONAL PH,860010451-1,DANIELA PEÑA,ambiental@casalimpia.com.co,CL 28 13A 00,"BOGOTA, D. C.","BOGOTA, D. C.",4.61618,-74.070904,603056.48,510304.91,18N
1. Aparatos electrodomésticos,1.6 Enseres menores del hogar,SI,2024-07-21,10643,ASPIRADORAS,312.82,Centro de Acopio,Aprovechamiento,REP - 14 - 9308,Eco Industria SAS,Parque Industrial San Jorge,EDIFICIO DELOITTE,830142201-4,LUZ DARY LEGUIZAMON,test@mts.com.co,KR 7 74 09,"BOGOTA, D. C.","BOGOTA, D. C.",4.6568,-74.054474,604873.09,514797.94,18N
2. Electrónica y Equipos de Telecomunicación,2.8 Equipos de telecomunicaciones,SI,2024-06-09,9920,CELULARES,7.49,Centro de Acopio,Aprovechamiento,REP - 29 - 9315,Eco Industria SAS,Parque Industrial San Jorge,EDIFICIO DE SEGURIDAD SOCIAL,900836968-7,LEONARDO BENAVIDES,test@signify.com,CL 44 50 51,"BOGOTA, D. C.","BOGOTA, D. C.",4.642533,-74.090956,600828.37,513215.39,18N
3. Maquinaria y Equipo Eléctrico,3.2 Equipo industrial,SI,2024-12-25,9639,"HERRAMIENTAS PARA MOLDEAR, TORNEAR, PULIR, PUNZAR, PLEGAR, CORTAR Y SOLDAR",32.0,Gestionado por Reconecta,Aprovechamiento,REP - 14 - 9308,Eco Industria SAS,Parque Industrial San Jorge,EDIFICIO DE USO MIXTO MERIDIA 13 PH,800087297-6,LUZ STELLA CELIS,co.recepcionfacturase@la.spectrumbrands.com,KR 78 17 57,"BOGOTA, D. C.","BOGOTA, D. C.",4.654623,-74.130679,596420.43,514546.41,18N
2. Electrónica y Equipos de Telecomunicación,2.4 Computadores y equipos para tratamiento de datos,SI,2024-08-04,9660,CPU,122.0,Gestionado por Reconecta,Aprovechamiento,REP - 14 - 9308,Eco Industria SAS,Parque Industrial San Jorge,EDIFICIO DIAN - INSTITUCIÓN POLFA,860007386,ANA LUCIA GOMEZ,enlacesambientales@gmail.com,AK 68 19 81,"BOGOTA, D. C.","BOGOTA, D. C.",4.643809,-74.112082,598484.78,513353.48,18N
2. Electrónica y Equipos de Telecomunicación,2.4 Computadores y equipos para tratamiento de datos,SI,2024-12-20,10224,CPU,41.93,Centro de Acopio,Aprovechamiento,REP - 14 - 9308,Eco Industria SAS,Parque Industrial San Jorge,EDIFICIO EL BOSQUE,800149695-1,JENNY PRIETO,gestionambiental@cruzverde.com.co,AC 134 7B 83,"BOGOTA, D. C.","BOGOTA, D. C.",4.712187,-74.032083,607348.37,520924.52,18N
2. Electrónica y Equipos de Telecomunicación,2.7 Equipos de instrumentación y control,SI,2024-07-06,9614,OTROS INSTRUMENTOS DE VIGILANCIA Y CONTROL UTILIZADOS EN INSTALACIONES INDUSTRIALES,1.0,Gestionado por Reconecta,Aprovechamiento,REP-86-9030,Eco Industria SAS,Parque Industrial San Jorge,EDIFICIO FEDERACION NACIONAL DE CAFETEROS DE COLOMBIA PH,860007386,ANA LUCIA GOMEZ,enlacesambientales@gmail.com,CL 73 8 13,"BOGOTA, D. C.","BOGOTA, D. C.",4.656647,-74.055734,604733.35,514780.84,18N
2. Electrónica y Equipos de Telecomunicación,2.4 Computadores y equipos para tratamiento de datos,SI,2024-01-19,9812,SERVIDORES,32.0,Centro de Acopio,Aprovechamiento,REP - 14 - 9308,Eco Industria SAS,Parque Industrial San Jorge,EDIFICIO FIX P.H,800087297-6,LUZ STELLA CELIS,co.recepcionfacturase@la.spectrumbrands.com,AC 127 7A 47,"BOGOTA, D. C.","BOGOTA, D. C.",4.702265,-74.030041,607576.39,519827.92,18N
2. Electrónica y Equipos de Telecomunicación,"2.10 Periféricos, partes y tarjetas para computadores e impresoras",SI,2024-06-29,9752,REPUESTOS O PARTES DE PC/PORTATILES,5.0,Gestionado por Reconecta,Aprovechamiento,REP - 30 - 9339,Eco Industria SAS,Parque Industrial San Jorge,EDIFICIO NORTH POINT,860007386,ANA LUCIA GOMEZ,enlacesambientales@gmail.com,AK 7 155C 20,"BOGOTA, D. C.","BOGOTA, D. C.",4.731325,-74.023701,608275.11,523041.59,18N
1. Aparatos electrodomésticos,1.5 Enseres menores de cocina,SI,2024-01-28,10651,OTROS GRANDES APARATOS UTILIZADOS PARA COCINAR Y EN OTROS PROCESOS DE TRANSFORMACION DE LOS ALIMENTOS,90.0,Centro de Acopio,Aprovechamiento,REP-86-9030,Eco Industria SAS,Parque Industrial San Jorge,EDIFICIO T3 CIUDAD EMPRESARIAL SARMIENTO ANGULO,860518583-7,MARIA PAULA,ambiental@ccmetropolis.com.co,AC 26 59 51,"BOGOTA, D. C.","BOGOTA, D. C.",4.646134,-74.099469,599883.55,513612.28,18N
2. Electrónica y Equipos de Telecomunicación,2.7 Equipos de instrumentación y control,SI,2024-06-05,11708,OTROS INSTRUMENTOS DE VIGILANCIA Y CONTROL UTILIZADOS EN INSTALACIONES INDUSTRIALES,64.13,Centro de Acopio,Aprovechamiento,REP - 15 - 9316,Eco Industria SAS,Parque Industrial San Jorge,Edificio Torre de la Cabrera,860007386,ANA LUCIA GOMEZ,enlacesambientales@gmail.com,KR 9 17 84,"BOGOTA, D. C.","BOGOTA, D. C.",4.605277,-74.073607,602758.2,509099.18,18N
3. Maquinaria y Equipo Eléctrico,3.3 Equipos de control y proteción,SI,2024-04-24,10642,SWITCH,20.0,Gestionado por Reconecta,Aprovechamiento,REP - 14 - 9308,Eco Industria SAS,Parque Industrial San Jorge,EDIFICIO TORRE EMPRESARIAL PACIFIC,830142201-4,LUZ DARY LEGUIZAMON,test@mts.com.co,CL 110 9 25,"BOGOTA, D. C.","BOGOTA, D. C.",4.691015,-74.038598,606628.97,518582.89,18N
1. Aparatos electrodomésticos,1.2 Enseres de audio y video,SI,2024-06-29,10041,TELEVISORES,20.5,Centro de Acopio,Aprovechamiento,REP - 30 - 9339,Eco Industria SAS,Parque Industrial San Jorge,EDIFICIO TORRE REM,830142201-4,LUZ DARY LEGUIZAMON,test@mts.com.co,KR 14 99 33,"BOGOTA, D. C.","BOGOTA, D. C.",4.683854,-74.047337,605660.72,517789.9,18N
2. Electrónica y Equipos de Telecomunicación,"2.10 Periféricos, partes y tarjetas para computadores e impresoras",SI,2024-04-09,10018,TONER DE IMPRESORA SUELTO,6.0,Centro de Acopio,Aprovechamiento,REP - 30 - 9339,Eco Industria SAS,Parque Industrial San Jorge,EDIFICIO TORRES UNIDAS 2 PH,830142201-4,LUZ DARY LEGUIZAMON,test@mts.com.co,AK 9 113 52,"BOGOTA, D. C.","BOGOTA, D. C.",4.692712,-74.034927,607035.9,518771.06,18N
1. Aparatos electrodomésticos,1.4 Enseres menores de calentamiento,SI,2024-08-02,10634,APARATOS ELECTRODOMESTICOS/HORNOS DE MICROONDAS,21.7,Centro de Acopio,Aprovechamiento,REP - 30 - 9339,Eco Industria SAS,Parque Industrial San Jorge,EDIFICIO Y CENTRO COMERCIAL DE ENTRETENIMIENTO ATLANTIS PLAZA,830142201-4,LUZ DARY LEGUIZAMON,test@mts.com.co,CL 81 13 05,"BOGOTA, D. C.","BOGOTA, D. C.",4.666263,-74.055511,604756.66,515843.95,18N
3. Maquinaria y Equipo Eléctrico,3.4 Equipos de iluminación,SI,2024-12-28,10940,TUBOS FLUORESCENTES - SIGNIFY,1.8,Gestionado por Reconecta,Aprovechamiento,REP-86-9030,Eco Industria SAS,Parque Industrial San Jorge,EL EDEN CENTRO COMERCIAL,800149695-1,JENNY PRIETO,gestionambiental@cruzverde.com.co,AK 72 12D 60,"BOGOTA, D. C.","BOGOTA, D. C.",4.648027,-74.127501,596773.85,513817.65,18N
1. Aparatos electrodomésticos,1.2 Enseres de audio y video,SI,2024-09-21,9803,VIDEOCAMARAS,4.0,Centro de Acopio,Aprovechamiento,REP - 14 - 9308,Eco Industria SAS,Parque Industrial San Jorge,ELI LILLY INTERAMERICA INC,800087297-6,LUZ STELLA CELIS,co.recepcionfacturase@la.spectrumbrands.com,KR 18 96 38,"BOGOTA, D. C.","BOGOTA, D. C.",4.683733,-74.051377,605212.61,517775.91,18N
1. Aparatos electrodomésticos,1.4 Enseres menores de calentamiento,SI,2024-02-22,9208,FREIDORAS,2803.32,Centro de Acopio,Aprovechamiento,REP - 30 - 9339,Eco Industria SAS,Parque Industrial San Jorge,EL RETIRO CENTRO COMERCIAL,860007386,ANA LUCIA GOMEZ,enlacesambientales@gmail.com,CL 82 11 75,"BOGOTA, D. C.","BOGOTA, D. C.",4.666125,-74.053779,604948.8,515828.95,18N
3. Maquinaria y Equipo Eléctrico,3.3 Equipos de control y proteción,SI,2024-12-20,9432,SWITCH,22.84,Centro de Acopio,Aprovechamiento,REP - 30 - 9339,Eco Industria SAS,Parque Industrial San Jorge,EMPRESA DE ACUEDUCTO Y ALCANTARILLADO DE BOGOTA,830143447-3,Ana Maria Suarez,test@portal80.com.co,AC 24 37 15,"BOGOTA, D. C.","BOGOTA, D. C.",4.628552,-74.091488,600771.34,511669.7,18N
1. Aparatos electrodomésticos,1.4 Enseres menores de calentamiento,SI,2024-11-01,9677,APARATOS ELECTRODOMESTICOS/HORNOS ELECTRICOS,45.0,Gestionado por Reconecta,Aprovechamiento,REP - 14 - 9308,Eco Industria SAS,Parque Industrial San Jorge,EMPRESA DE TRANSPORTE INTEGRADO DE BOGOTA S.A.S. - ETIB,900836968-7,LEONARDO BENAVIDES,test@signify.com,DG 57C Sur 64b 17,"BOGOTA, D. C.","BOGOTA, D. C.",4.596935,-74.15633,593582.73,508165.59,18N
1. Aparatos electrodomésticos,1.4 Enseres menores de calentamiento,SI,2024-09-17,10449,HORNOS DE MICROONDAS/ APARATOS ELECTRODOMESTICOS,67.0,Gestionado por Reconecta,Aprovechamiento,REP-86-9030,Eco Industria SAS,Parque Industrial San Jorge,EMTELCO,860518583-7,MARIA PAULA,ambiental@ccmetropolis.com.co,KR 69 98A 28,"BOGOTA, D. C.","BOGOTA, D. C.",4.691101,-74.074912,602601.02,518586.97,18N
2. Electrónica y Equipos de Telecomunicación,"2.10 Periféricos, partes y tarjetas para computadores e impresoras",SI,2024-11-14,11300,CD,18.38,Centro de Acopio,Aprovechamiento,REP - 14 - 9308,Eco Industria SAS,Parque Industrial San Jorge,Energiteca 20 Teusaquillo,800087297-6,LUZ STELLA CELIS,co.recepcionfacturase@la.spectrumbrands.com,AC 28 # 19B - 11,"BOGOTA, D. C.","BOGOTA, D. C.",4.62036,-74.0751,602590.42,510766.41,18N
2. Electrónica y Equipos de Telecomunicación,2.8 Equipos de telecomunicaciones,SI,2024-10-12,9754,ROUTER,4.0,Centro de Acopio,Aprovechamiento,REP - 14 - 9308,Eco Industria SAS,Parque Industrial San Jorge,Energiteca 25 Paloquemao,830142201-4,LUZ DARY LEGUIZAMON,test@mts.com.co,AK 30 # 15 - 82,"BOGOTA, D. C.","BOGOTA, D. C.",4.615681,-74.090218,600914.04,510246.98,18N
2. Electrónica y Equipos de Telecomunicación,2.5 Electrónica de consumo,SI,2024-10-06,9279,AMPLIFICADOR DE SONIDO,2.8,Gestionado por Reconecta,Aprovechamiento,REP - 15 - 9316,Eco Industria SAS,Parque Industrial San Jorge,Energiteca 27 C.C. Carrera,860007386,ANA LUCIA GOMEZ,enlacesambientales@gmail.com,AC 9 # 50 - 15,"BOGOTA, D. C.","BOGOTA, D. C.",4.625833,-74.108056,598933.86,511366.78,18N
2. Electrónica y Equipos de Telecomunicación,2.4 Computadores y equipos para tratamiento de datos,SI,2024-11-19,9269,COMPUTADORES TODO EN UNO,16.2,Gestionado por Reconecta,Aprovechamiento,REP-86-9030,Eco Industria SAS,Parque Industrial San Jorge,Energiteca 57,860007386,ANA LUCIA GOMEZ,enlacesambientales@gmail.com,AK 15 # 106 - 73,"BOGOTA, D. C.","BOGOTA, D. C.",4.691667,-74.045556,605857.09,518653.92,18N
1. Aparatos electrodomésticos,1.2 Enseres de audio y video,SI,2024-05-08,11337,TELEVISORES,50.0,Gestionado por Reconecta,Aprovechamiento,REP-86-9030,Eco Industria SAS,Parque Industrial San Jorge,Energiteca 7 De agosto,800149695-1,JENNY PRIETO,gestionambiental@cruzverde.com.co,CL 63F # 26 - 49,"BOGOTA, D. C.","BOGOTA, D. C.",4.655556,-74.073056,602812.07,514657.68,18N
2. Electrónica y Equipos de Telecomunicación,2.4 Computadores y equipos para tratamiento de datos,SI,2024-06-21,11928,MONITORES,160.87,Centro de Acopio,Aprovechamiento,REP - 14 - 9308,Eco Industria SAS,Parque Industrial San Jorge,Energiteca Fontibón,830143447-3,Ana Maria Suarez,test@portal80.com.co,CL 17 # 100 - 57,"BOGOTA, D. C.","BOGOTA, D. C.",4.673109,-74.146644,594647.07,516587.87,18N
2. Electrónica y Equipos de Telecomunicación,2.8 Equipos de telecomunicaciones,SI,2024-02-18,9391,TERMINALES DE FAX,4.0,Centro de Acopio,Aprovechamiento,REP-86-9030,Eco Industria SAS,Parque Industrial San Jorge,Energiteca L8,830142201-4,LUZ DARY LEGUIZAMON,test@mts.com.co,AC 72 # 28A - 28,"BOGOTA, D. C.","BOGOTA, D. C.",4.665833,-74.070556,603087.88,515794.19,18N
1. Aparatos electrodomésticos,1.2 Enseres de audio y video,SI,2024-07-30,9333,"OTROS PRODUCTOS O APARATOS UTILIZADOS PARA REGISTRAR O REPRODUCIR SONIDO O IMAGENES, INCLUIDAS LAS SEÑALES Y TECNOLOGIAS DE DISTRIBUCION DEL SONIDO E IMAGEN DE LA COMUNICACION",57.28,Gestionado por Reconecta,Aprovechamiento,REP-86-9030,Eco Industria SAS,Parque Industrial San Jorge,Energiteca Normandía N3,800087297-6,LUZ STELLA CELIS,co.recepcionfacturase@la.spectrumbrands.com,AK 72 # 48A - 76,"BOGOTA, D. C.","BOGOTA, D. C.",4.667778,-74.109722,598743.22,516003.6,18N
2. Electrónica y Equipos de Telecomunicación,2.7 Equipos de instrumentación y control,SI,2024-06-05,9906,BASCULA,2.1,Centro de Acopio,Aprovechamiento,REP - 30 - 9339,Eco Industria SAS,Parque Industrial San Jorge,Energiteca pepe sierra N4,830142201-4,LUZ DARY LEGUIZAMON,test@mts.com.co,AC 116 # 60 - 19,"BOGOTA, D. C.","BOGOTA, D. C.",4.699604,-74.070565,603081.94,519527.64,18N
2. Electrónica y Equipos de Telecomunicación,2.7 Equipos de instrumentación y control,SI,2024-08-04,11949,OTROS INSTRUMENTOS DE VIGILANCIA Y CONTROL UTILIZADOS EN INSTALACIONES INDUSTRIALES,13.25,Centro de Acopio,Aprovechamiento,REP-86-9030,Eco Industria SAS,Parque Industrial San Jorge,Energiteca Usaquén,800087297-6,LUZ STELLA CELIS,co.recepcionfacturase@la.spectrumbrands.com,AK 7 # 126 - 41,"BOGOTA, D. C.","BOGOTA, D. C.",4.701107,-74.028887,607704.57,519700.08,18N
2. Electrónica y Equipos de Telecomunicación,2.4 Computadores y equipos para tratamiento de datos,SI,2024-12-06,10123,DISCO DURO,1.2,Gestionado por Reconecta,Aprovechamiento,REP - 29 - 9315,Eco Industria SAS,Parque Industrial San Jorge,EQUIPOS Y CONTROLES INDUSTRIALES S.A.,800149695-1,JENNY PRIETO,gestionambiental@cruzverde.com.co,AK 116 22H 31,"BOGOTA, D. C.","BOGOTA, D. C.",4.688743,-74.148334,594457.52,518315.97,18N
1. Aparatos electrodomésticos,1.6 Enseres menores del hogar,SI,2024-05-22,11866,"RELOJES Y APARATOS DESTINADOS A MEDIR, INDICAR O REGISTRAR EL TIEMPO",40.07,Centro de Acopio,Aprovechamiento,REP-86-9030,Eco Industria SAS,Parque Industrial San Jorge,ESCUELA COLOMBIANA DE INGENIERÍA,900836968-7,LEONARDO BENAVIDES,test@signify.com,AK 45 205 59,"BOGOTA, D. C.","BOGOTA, D. C.",4.783418,-74.041616,606280.1,528797.86,18N
1. Aparatos electrodomésticos,1.4 Enseres menores de calentamiento,SI,2024-03-03,11260,APARATOS ELECTRODOMESTICOS,636.46,Centro de Acopio,Aprovechamiento,REP - 14 - 9308,Eco Industria SAS,Parque Industrial San Jorge,ESCUELA DE CADETES FRANCISCO DE PAULA SANTANDER,860518583-7,MARIA PAULA,ambiental@ccmetropolis.com.co,AC 45A S 51B 24,"BOGOTA, D. C.","BOGOTA, D. C.",4.594181,-74.132822,596190.88,507864.26,18N
2. Electrónica y Equipos de Telecomunicación,"2.10 Periféricos, partes y tarjetas para computadores e impresoras",SI,2024-03-16,9762,TONNER,1.0,Centro de Acopio,Aprovechamiento,REP - 15 - 9316,Eco Industria SAS,Parque Industrial San Jorge,ESCUELA MILITAR DE CADETES JOSE MARIA CORDOBA,900836968-7,LEONARDO BENAVIDES,test@signify.com,CLL 80 58 00,"BOGOTA, D. C.","BOGOTA, D. C.",4.679135,-74.073749,602731.77,517264.28,18N
2. Electrónica y Equipos de Telecomunicación,"2.10 Periféricos, partes y tarjetas para computadores e impresoras",SI,2024-11-05,11841,TONNER EN DESUSO,7.0,Centro de Acopio,Aprovechamiento,REP - 30 - 9339,Eco Industria SAS,Parque Industrial San Jorge,ESCUELA SUPERIOR DE ADMINISTRACIÓN PÚBLICA,830142201-4,LUZ DARY LEGUIZAMON,test@mts.com.co,CL 44 53 37,"BOGOTA, D. C.","BOGOTA, D. C.",4.644851,-74.092443,600663.1,513471.44,18N
2. Electrónica y Equipos de Telecomunicación,"2.10 Periféricos, partes y tarjetas para computadores e impresoras",SI,2024-09-25,11935,TONNER Y CARTUCHOS EN DESUSO,4.0,Centro de Acopio,Aprovechamiento,REP - 30 - 9339,Eco Industria SAS,Parque Industrial San Jorge,ESTABLECIMIENTO SANIDAD MILITAR ARC,860007386,ANA LUCIA GOMEZ,enlacesambientales@gmail.com,KR 58 9 81,"BOGOTA, D. C.","BOGOTA, D. C.",4.630821,-74.111578,598542.48,511917.72,18N
1. Aparatos electrodomésticos,1.4 Enseres menores de calentamiento,SI,2024-06-09,11672,APARATOS DE CALEFACCIÓN ELÉCTRICOS,117.12,Gestionado por Reconecta,Aprovechamiento,REP - 29 - 9315,Eco Industria SAS,Parque Industrial San Jorge,ETB,830143447-3,Ana Maria Suarez,test@portal80.com.co,KR 8 20 39,"BOGOTA, D. C.","BOGOTA, D. C.",4.607095,-74.07158,602982.8,509300.45,18N
2. Electrónica y Equipos de Telecomunicación,2.4 Computadores y equipos para tratamiento de datos,SI,2024-04-12,10989,COMPUTADORES TODO EN UNO,6.4,Gestionado por Reconecta,Aprovechamiento,REP - 30 - 9339,Eco Industria SAS,Parque Industrial San Jorge,EUROFARMA COLOMBIA S.A.S.,800087297-6,LUZ STELLA CELIS,co.recepcionfacturase@la.spectrumbrands.com,AK 68 17 64,"BOGOTA, D. C.","BOGOTA, D. C.",4.641156,-74.114169,598253.64,513059.9,18N
2. Electrónica y Equipos de Telecomunicación,2.4 Computadores y equipos para tratamiento de datos,SI,2024-01-26,9231,TABLETAS,2.6,Centro de Acopio,Aprovechamiento,REP - 15 - 9316,Eco Industria SAS,Parque Industrial San Jorge,ÉXITO 20 DE JULIO,800149695-1,JENNY PRIETO,gestionambiental@cruzverde.com.co,CL 22A S 5A 34,"BOGOTA, D. C.","BOGOTA, D. C.",4.571956,-74.091908,600732.7,505412.9,18N
3. Maquinaria y Equipo Eléctrico,3.12 Refrigeración y equipos de acondicionamiento de aire industriales,SI,2024-02-17,11113,MÁQUINAS DISPENSADORAS DE BEBIDAS CALIENTES,14.2,Centro de Acopio,Aprovechamiento,REP - 30 - 9339,Eco Industria SAS,Parque Industrial San Jorge,ÉXITO ALAMOS,860518583-7,MARIA PAULA,ambiental@ccmetropolis.com.co,AK 96 70A 00,"BOGOTA, D. C.","BOGOTA, D. C.",4.69828,-74.114779,598178.03,519374.9,18N
1. Aparatos electrodomésticos,1.4 Enseres menores de calentamiento,SI,2024-08-09,11617,APARATOS ELECTRODOMESTICOS/HORNOS ELECTRICOS,45.0,Gestionado por Reconecta,Aprovechamiento,REP - 30 - 9339,Eco Industria SAS,Parque Industrial San Jorge,ÉXITO AMÉRICAS,800149695-1,JENNY PRIETO,gestionambiental@cruzverde.com.co,AC 6 # 68A - 94,"BOGOTA, D. C.","BOGOTA, D. C.",4.63006,-74.1241,597153.56,511831.87,18N
2. Electrónica y Equipos de Telecomunicación,"2.10 Periféricos, partes y tarjetas para computadores e impresoras",SI,2024-11-01,10721,TONNER,1.0,Centro de Acopio,Aprovechamiento,REP - 29 - 9315,Eco Industria SAS,Parque Industrial San Jorge,ÉXITO BOSA,860010451-1,DANIELA PEÑA,ambiental@casalimpia.com.co,CL 65 S 78H 50,"BOGOTA, D. C.","BOGOTA, D. C.",4.604535,-74.18338,590581.08,509002.28,18N
2. Electrónica y Equipos de Telecomunicación,2.4 Computadores y equipos para tratamiento de datos,SI,2024-12-24,9061,SERVIDORES,32.0,Centro de Acopio,Aprovechamiento,REP - 15 - 9316,Eco Industria SAS,Parque Industrial San Jorge,Éxito Calle 80,860518583-7,MARIA PAULA,ambiental@ccmetropolis.com.co,CL 58BIS S 79 30,"BOGOTA, D. C.","BOGOTA, D. C.",4.609176,-74.176863,591303.42,509516.16,18N
2. Electrónica y Equipos de Telecomunicación,2.4 Computadores y equipos para tratamiento de datos,SI,2024-02-21,9325,CPU,7.0,Centro de Acopio,Aprovechamiento,REP - 14 - 9308,Eco Industria SAS,Parque Industrial San Jorge,ÉXITO CHAPINERO,900836968-7,LEONARDO BENAVIDES,test@signify.com,CL 52 13 70,"BOGOTA, D. C.","BOGOTA, D. C.",4.639362,-74.065936,603604.22,512868.45,18N
2. Electrónica y Equipos de Telecomunicación,"2.10 Periféricos, partes y tarjetas para computadores e impresoras",SI,2024-07-25,10114,TONNER Y CARTUCHOS EN DESUSO,4.0,Centro de Acopio,Aprovechamiento,REP - 14 - 9308,Eco Industria SAS,Parque Industrial San Jorge,ÉXITO CIUDAD TUNAL,900836968-7,LEONARDO BENAVIDES,test@signify.com,CL 40A S 24B 31,"BOGOTA, D. C.","BOGOTA, D. C.",4.58193,-74.122204,597370.42,506511.35,18N
1. Aparatos electrodomésticos,1.9 Herramientas para el hogar,SI,2024-08-12,10936,TALADRADORAS,2.0,Gestionado por Reconecta,Aprovechamiento,REP - 14 - 9308,Eco Industria SAS,Parque Industrial San Jorge,ÉXITO COUNTRY,830142201-4,LUZ DARY LEGUIZAMON,test@mts.com.co,AC 134 9 51,"BOGOTA, D. C.","BOGOTA, D. C.",4.712814,-74.03362,607177.8,520993.6,18N
3. Maquinaria y Equipo Eléctrico,3.12 Refrigeración y equipos de acondicionamiento de aire industriales,SI,2024-03-11,9407,MÁQUINAS DISPENSADORAS DE BEBIDAS CALIENTES,14.2,Gestionado por Reconecta,Aprovechamiento,REP - 30 - 9339,Eco Industria SAS,Parque Industrial San Jorge,ÉXITO FLORESTA,800087297-6,LUZ STELLA CELIS,co.recepcionfacturase@la.spectrumbrands.com,AK 68 90 88,"BOGOTA, D. C.","BOGOTA, D. C.",4.686822,-74.075043,602587.12,518113.9,18N
2. Electrónica y Equipos de Telecomunicación,"2.10 Periféricos, partes y tarjetas para computadores e impresoras",SI,2024-11-06,11098,TONER DE IMPRESORA SUELTO,19.0,Centro de Acopio,Aprovechamiento,REP - 15 - 9316,Eco Industria SAS,Parque Industrial San Jorge,ÉXITO FONTIBÓN,900836968-7,LEONARDO BENAVIDES,test@signify.com,Av Centenario # 106-104,"BOGOTA, D. C.","BOGOTA, D. C.",4.670356,-74.152755,593969.61,516282.7,18N
1. Aparatos electrodomésticos,1.6 Enseres menores del hogar,SI,2024-06-25,10471,"RELOJES Y APARATOS DESTINADOS A MEDIR, INDICAR O REGISTRAR EL TIEMPO",0.2,Centro de Acopio,Aprovechamiento,REP - 29 - 9315,Eco Industria SAS,Parque Industrial San Jorge,ÉXITO GRAN ESTACIÓN,800149695-1,JENNY PRIETO,gestionambiental@cruzverde.com.co,KR 22 62 49,"BOGOTA, D. C.","BOGOTA, D. C.",4.647335,-74.101434,599665.42,513744.77,18N
1. Aparatos electrodomésticos,1.6 Enseres menores del hogar,SI,2024-09-21,11231,"HERRAMIENTAS PARA ROCIAR, ESPARCIR, PROPAGAR O APLICAR OTROS TRATAMIENTOS CON SUSTANCIAS LÍQUIDAS O GASEOSAS POR OTROS MEDIOS",2.0,Gestionado por Reconecta,Aprovechamiento,REP - 14 - 9308,Eco Industria SAS,Parque Industrial San Jorge,ÉXITO LA COLINA,860518583-7,MARIA PAULA,ambiental@ccmetropolis.com.co,AK 72 146B 00,"BOGOTA, D. C.","BOGOTA, D. C.",4.734215,-74.066647,603511.39,523354.53,18N
2. Electrónica y Equipos de Telecomunicación,"2.10 Periféricos, partes y tarjetas para computadores e impresoras",SI,2024-01-11,11936,ups,25.8,Centro de Acopio,Aprovechamiento,REP - 14 - 9308,Eco Industria SAS,Parque Industrial San Jorge,ÉXITO MODELIA,860010451-1,DANIELA PEÑA,ambiental@casalimpia.com.co,KR 75 A 23 F - 30,"BOGOTA, D. C.","BOGOTA, D. C.",4.6651,-74.12018,597583.57,515706.09,18N
1. Aparatos electrodomésticos,1.1 Cocinas y hornos,SI,2024-01-16,9104,HORNOS DE MICROONDAS,32.17,Gestionado por Reconecta,Aprovechamiento,REP - 14 - 9308,Eco Industria SAS,Parque Industrial San Jorge,Éxito Norte,860007386,ANA LUCIA GOMEZ,enlacesambientales@gmail.com,CL 175 22 13,"BOGOTA, D. C.","BOGOTA, D. C.",4.755606,-74.044909,605919.15,525722.65,18N
2. Electrónica y Equipos de Telecomunicación,2.8 Equipos de telecomunicaciones,SI,2024-07-04,10875,TELEFONOS INALAMBRICOS,5.0,Centro de Acopio,Aprovechamiento,REP - 30 - 9339,Eco Industria SAS,Parque Industrial San Jorge,ÉXITO NUEVO KENNEDY,830142201-4,LUZ DARY LEGUIZAMON,test@mts.com.co,TV 81 34A 53 S,"BOGOTA, D. C.","BOGOTA, D. C.",4.633978,-74.156693,593537.61,512260.62,18N
2. Electrónica y Equipos de Telecomunicación,2.4 Computadores y equipos para tratamiento de datos,SI,2024-01-17,11487,TABLETAS,0.4,Gestionado por Reconecta,Aprovechamiento,REP - 30 - 9339,Eco Industria SAS,Parque Industrial San Jorge,ÉXITO OCCIDENTE CALLE 80,900836968-7,LEONARDO BENAVIDES,test@signify.com,AK 114 79B 00,"BOGOTA, D. C.","BOGOTA, D. C.",4.7208,-74.121493,597430.2,521863.56,18N
1. Aparatos electrodomésticos,1.4 Enseres menores de calentamiento,SI,2024-10-08,9295,FREIDORAS,296.0,Centro de Acopio,Aprovechamiento,REP - 30 - 9339,Eco Industria SAS,Parque Industrial San Jorge,ÉXITO RESTREPO,800149695-1,JENNY PRIETO,gestionambiental@cruzverde.com.co,KR 19 14 17 S,"BOGOTA, D. C.","BOGOTA, D. C.",4.587598,-74.099622,599874.77,507141.06,18N
2. Electrónica y Equipos de Telecomunicación,"2.10 Periféricos, partes y tarjetas para computadores e impresoras",SI,2024-04-02,9070,TONER DE IMPRESORA SUELTOS,17.08,Centro de Acopio,Aprovechamiento,REP-86-9030,Eco Industria SAS,Parque Industrial San Jorge,ÉXITO SA,860007386,ANA LUCIA GOMEZ,enlacesambientales@gmail.com,KR 11 140 04,"BOGOTA, D. C.","BOGOTA, D. C.",4.718958,-74.035171,607004.83,521672.6,18N
2. Electrónica y Equipos de Telecomunicación,2.8 Equipos de telecomunicaciones,SI,2024-03-27,11430,ROUTER,4.0,Centro de Acopio,Aprovechamiento,REP - 30 - 9339,Eco Industria SAS,Parque Industrial San Jorge,ÉXITO SA,900836968-7,LEONARDO BENAVIDES,test@signify.com,CL 58BIS S 79 30,"BOGOTA, D. C.","BOGOTA, D. C.",4.609176,-74.176863,591303.42,509516.16,18N
2. Electrónica y Equipos de Telecomunicación,2.4 Computadores y equipos para tratamiento de datos,SI,2024-03-07,10980,DISCO DURO,0.4,Centro de Acopio,Aprovechamiento,REP - 29 - 9315,Eco Industria SAS,Parque Industrial San Jorge,ÉXITO S.A.,860007386,ANA LUCIA GOMEZ,enlacesambientales@gmail.com,CL 125BIS 20 23,"BOGOTA, D. C.","BOGOTA, D. C.",4.705458,-74.050789,605274.58,520177.76,18N
3. Maquinaria y Equipo Eléctrico,3.3 Equipos de control y proteción,SI,2024-02-06,10353,SWITCH,10.0,Gestionado por Reconecta,Aprovechamiento,REP - 15 - 9316,Eco Industria SAS,Parque Industrial San Jorge,ÉXITO S.A.,860010451-1,DANIELA PEÑA,ambiental@casalimpia.com.co,AC 127 60 26,"BOGOTA, D. C.","BOGOTA, D. C.",4.711232,-74.072975,602812.92,520812.78,18N
1. Aparatos electrodomésticos,1.6 Enseres menores del hogar,SI,2024-04-20,10984,MAQUINAS DE COSER,116.86,Centro de Acopio,Aprovechamiento,REP - 29 - 9315,Eco Industria SAS,Parque Industrial San Jorge,ÉXITO S.A.,800149695-1,JENNY PRIETO,gestionambiental@cruzverde.com.co,TV 61 98A 06,"BOGOTA, D. C.","BOGOTA, D. C.",4.687864,-74.06713,603464.67,518230.26,18N
2. Electrónica y Equipos de Telecomunicación,"2.10 Periféricos, partes y tarjetas para computadores e impresoras",SI,2024-09-04,9760,ups,25.8,Centro de Acopio,Aprovechamiento,REP - 15 - 9316,Eco Industria SAS,Parque Industrial San Jorge,ÉXITO S.A.,800087297-6,LUZ STELLA CELIS,co.recepcionfacturase@la.spectrumbrands.com,CL 63 7 09,"BOGOTA, D. C.","BOGOTA, D. C.",4.64786,-74.060033,604257.78,513808.78,18N
2. Electrónica y Equipos de Telecomunicación,"2.10 Periféricos, partes y tarjetas para computadores e impresoras",SI,2024-07-07,11948,TONER DE IMPRESORA SUELTO,36.66,Centro de Acopio,Aprovechamiento,REP - 15 - 9316,Eco Industria SAS,Parque Industrial San Jorge,ÉXITO S.A.,900836968-7,LEONARDO BENAVIDES,test@signify.com,CL 58BIS S 79 30,"BOGOTA, D. C.","BOGOTA, D. C.",4.609176,-74.176863,591303.42,509516.16,18N
2. Electrónica y Equipos de Telecomunicación,2.8 Equipos de telecomunicaciones,SI,2024-06-18,10678,ROUTER,4.0,Gestionado por Reconecta,Aprovechamiento,REP - 29 - 9315,Eco Industria SAS,Parque Industrial San Jorge,ÉXITO S.A.,830143447-3,Ana Maria Suarez,test@portal80.com.co,KR 10A 70 37,"BOGOTA, D. C.","BOGOTA, D. C.",4.655032,-74.059397,604327.27,514601.76,18N
1. Aparatos electrodomésticos,1.2 Enseres de audio y video,SI,2024-05-30,9757,"OTROS PRODUCTOS O APARATOS DE TRANSMISION DE SONIDO, IMAGENES U OTRA INFORMACION POR TELECOMUNICACION",54.45,Gestionado por Reconecta,Aprovechamiento,REP - 29 - 9315,Eco Industria SAS,Parque Industrial San Jorge,ÉXITO S.A.,800149695-1,JENNY PRIETO,gestionambiental@cruzverde.com.co,AK 72 152B 60,"BOGOTA, D. C.","BOGOTA, D. C.",4.740652,-74.065218,603668.92,524066.37,18N
3. Maquinaria y Equipo Eléctrico,3.4 Equipos de iluminación,SI,2024-05-29,10954,TUBOS FLUORESCENTES - SIGNIFY,1.8,Gestionado por Reconecta,Aprovechamiento,REP-86-9030,Eco Industria SAS,Parque Industrial San Jorge,ÉXITO S.A.,830142201-4,LUZ DARY LEGUIZAMON,test@mts.com.co,KR 11 76 19,"BOGOTA, D. C.","BOGOTA, D. C.",4.661194,-74.056142,604687.42,515283.46,18N
1. Aparatos electrodomésticos,1.5 Enseres menores de cocina,SI,2024-07-09,10264,"MOLINOS, CAFETERAS Y APARATOS PARA ABRIR O PRECINTAR ENVASES O PAQUETES",586.25,Centro de Acopio,Aprovechamiento,REP - 14 - 9308,Eco Industria SAS,Parque Industrial San Jorge,ÉXITO S.A.,800149695-1,JENNY PRIETO,gestionambiental@cruzverde.com.co,KR 17 151 44,"BOGOTA, D. C.","BOGOTA, D. C.",4.732995,-74.042965,606138.21,523223.24,18N
2. Electrónica y Equipos de Telecomunicación,"2.10 Periféricos, partes y tarjetas para computadores e impresoras",SI,2024-09-10,9942,CD,19.0,Centro de Acopio,Aprovechamiento,REP - 30 - 9339,Eco Industria SAS,Parque Industrial San Jorge,ÉXITO S.A.,830143447-3,Ana Maria Suarez,test@portal80.com.co,CL 110 9 60,"BOGOTA, D. C.","BOGOTA, D. C.",4.691179,-74.038457,606644.59,518601.04,18N
2. Electrónica y Equipos de Telecomunicación,2.4 Computadores y equipos para tratamiento de datos,SI,2024-03-26,10858,DISCO DURO,203.09,Centro de Acopio,Aprovechamiento,REP - 14 - 9308,Eco Industria SAS,Parque Industrial San Jorge,ÉXITO S.A.,860007386,ANA LUCIA GOMEZ,enlacesambientales@gmail.com,KR 22 101 16,"BOGOTA, D. C.","BOGOTA, D. C.",4.687582,-74.055042,604805.51,518200.88,18N
2. Electrónica y Equipos de Telecomunicación,2.8 Equipos de telecomunicaciones,SI,2024-05-18,9448,TERMINALES DE TELEX,16.0,Gestionado por Reconecta,Aprovechamiento,REP - 30 - 9339,Eco Industria SAS,Parque Industrial San Jorge,ÉXITO S.A.,860518583-7,MARIA PAULA,ambiental@ccmetropolis.com.co,KR 15 114A 33,"BOGOTA, D. C.","BOGOTA, D. C.",4.695972,-74.043375,606098.36,519130.17,18N
2. Electrónica y Equipos de Telecomunicación,2.5 Electrónica de consumo,SI,2024-04-04,9601,AMPLIFICADOR DE SONIDO,0.8,Centro de Acopio,Aprovechamiento,REP - 30 - 9339,Eco Industria SAS,Parque Industrial San Jorge,ÉXITO SAN MARTIN,860010451-1,DANIELA PEÑA,ambiental@casalimpia.com.co,CL 9 32 84,"BOGOTA, D. C.","BOGOTA, D. C.",4.61183,-74.098109,600039.23,509820.13,18N
2. Electrónica y Equipos de Telecomunicación,"2.10 Periféricos, partes y tarjetas para computadores e impresoras",SI,2024-12-18,11505,MODEM,52.0,Centro de Acopio,Aprovechamiento,REP - 15 - 9316,Eco Industria SAS,Parque Industrial San Jorge,ÉXITO SUBA,900836968-7,LEONARDO BENAVIDES,test@signify.com,AC 145 104 00,"BOGOTA, D. C.","BOGOTA, D. C.",4.746816,-74.09625,600226.25,524743.25,18N
1. Aparatos electrodomésticos,1.6 Enseres menores del hogar,SI,2024-02-15,9982,"RELOJES Y APARATOS DESTINADOS A MEDIR, INDICAR O REGISTRAR EL TIEMPO",28.12,Centro de Acopio,Aprovechamiento,REP - 30 - 9339,Eco Industria SAS,Parque Industrial San Jorge,ÉXITO USME,800087297-6,LUZ STELLA CELIS,co.recepcionfacturase@la.spectrumbrands.com,KR 6 65D 58 S,"BOGOTA, D. C.","BOGOTA, D. C.",4.532581,-74.11174,598537.96,501057.23,18N
2. Electrónica y Equipos de Telecomunicación,"2.10 Periféricos, partes y tarjetas para computadores e impresoras",SI,2024-06-22,9598,ups,25.8,Centro de Acopio,Aprovechamiento,REP-86-9030,Eco Industria SAS,Parque Industrial San Jorge,ÉXITO VILLA MAYOR,800087297-6,LUZ STELLA CELIS,co.recepcionfacturase@la.spectrumbrands.com,AUTOPISTA SUR CON 38 A SUR,"BOGOTA, D. C.","BOGOTA, D. C.",4.593649,-74.124127,597155.51,507806.62,18N
1. Aparatos electrodomésticos,1.7 Enseres menores personales,SI,2024-05-22,10910,"APARATOS PARA CORTAR EL PELO, PARA SECAR EL PELO, PARA CEPILLARSE LOS DIENTES, MAQUINAS PARA AFEITAR, APARATOS DE MASAJE Y OTROS CUIDADOS CORPORALES",1.4,Gestionado por Reconecta,Aprovechamiento,REP-86-9030,Eco Industria SAS,Parque Industrial San Jorge,FALABELLA CENTRO COMERCIAL CENTRO MAYOR,860007386,ANA LUCIA GOMEZ,enlacesambientales@gmail.com,CL 38 A SUR 34D 51 ,"BOGOTA, D. C.","BOGOTA, D. C.",4.592675,-74.123222,597256.03,507699.07,18N
2. Electrónica y Equipos de Telecomunicación,2.4 Computadores y equipos para tratamiento de datos,SI,2024-07-08,9619,ORDENADORES PERSONALES O PORTATILES,28.0,Centro de Acopio,Aprovechamiento,REP - 14 - 9308,Eco Industria SAS,Parque Industrial San Jorge,FALABELLA CENTRO COMERCIAL DIVER PLAZA,800087297-6,LUZ STELLA CELIS,co.recepcionfacturase@la.spectrumbrands.com,TV 99 70A 89 ,"BOGOTA, D. C.","BOGOTA, D. C.",4.700021,-74.114987,598154.72,519567.34,18N
1. Aparatos electrodomésticos,1.2 Enseres de audio y video,SI,2024-09-19,9182,TELEVISORES,20.5,Centro de Acopio,Aprovechamiento,REP - 29 - 9315,Eco Industria SAS,Parque Industrial San Jorge,FALABELLA CENTRO COMERCIAL GALERIAS,900836968-7,LEONARDO BENAVIDES,test@signify.com,CL 53 25 30 ,"BOGOTA, D. C.","BOGOTA, D. C.",4.642066,-74.074813,602619.13,513166.09,18N
1. Aparatos electrodomésticos,1.6 Enseres menores del hogar,SI,2024-01-30,10248,ASPIRADORAS,292.09,Centro de Acopio,Aprovechamiento,REP - 14 - 9308,Eco Industria SAS,Parque Industrial San Jorge,FALABELLA CENTRO COMERCIAL HAYUELOS,860007386,ANA LUCIA GOMEZ,enlacesambientales@gmail.com,CL 20 82 52 ,"BOGOTA, D. C.","BOGOTA, D. C.",4.66375,-74.13018,596474.54,515555.47,18N
1. Aparatos electrodomésticos,1.5 Enseres menores de cocina,SI,2024-10-31,9691,OTROS GRANDES APARATOS UTILIZADOS PARA COCINAR Y EN OTROS PROCESOS DE TRANSFORMACION DE LOS ALIMENTOS,856.0,Gestionado por Reconecta,Aprovechamiento,REP - 15 - 9316,Eco Industria SAS,Parque Industrial San Jorge,FALABELLA CENTRO COMERCIAL MULTIPLAZA,800149695-1,JENNY PRIETO,gestionambiental@cruzverde.com.co,CL 19 A 72 57 ,"BOGOTA, D. C.","BOGOTA, D. C.",4.6525,-74.12578,596964.14,514312.38,18N
3. Maquinaria y Equipo Eléctrico,3.12 Refrigeración y equipos de acondicionamiento de aire industriales,SI,2024-10-15,10380,MÁQUINAS DISPENSADORAS DE BEBIDAS CALIENTES,14.2,Centro de Acopio,Aprovechamiento,REP - 14 - 9308,Eco Industria SAS,Parque Industrial San Jorge,FALABELLA CENTRO COMERCIAL PLAZA CENTRAL,860518583-7,MARIA PAULA,ambiental@ccmetropolis.com.co,KR 65 11 50 ,"BOGOTA, D. C.","BOGOTA, D. C.",4.632402,-74.116274,598021.35,512091.85,18N
3. Maquinaria y Equipo Eléctrico,3.9 Otros aparatos y sistemas,SI,2024-11-23,10284,MAQUINA EXPENDEDORA AUTOMATICAS DE DINERO,37.0,Gestionado por Reconecta,Aprovechamiento,REP - 15 - 9316,Eco Industria SAS,Parque Industrial San Jorge,FALABELLA CENTRO COMERCIAL PLAZA IMPERIAL,800149695-1,JENNY PRIETO,gestionambiental@cruzverde.com.co,AK 104 148 07,"BOGOTA, D. C.","BOGOTA, D. C.",4.748592,-74.095367,600323.92,524939.71,18N
2. Electrónica y Equipos de Telecomunicación,2.7 Equipos de instrumentación y control,SI,2024-02-26,11867,BASCULA,3.5,Gestionado por Reconecta,Aprovechamiento,REP-86-9030,Eco Industria SAS,Parque Industrial San Jorge,FALABELLA CENTRO COMERCIAL SANTA FE,860518583-7,MARIA PAULA,ambiental@ccmetropolis.com.co,CL 185 45 03,"BOGOTA, D. C.","BOGOTA, D. C.",4.76322,-74.045451,605857.87,526564.32,18N
2. Electrónica y Equipos de Telecomunicación,2.6 Equipos de electrónica de potencia,SI,2024-09-04,11122,UPS O FUENTES DE PODER,4.0,Gestionado por Reconecta,Aprovechamiento,REP - 14 - 9308,Eco Industria SAS,Parque Industrial San Jorge,FALABELLA CENTRO COMERCIAL TITAN PLAZA,800149695-1,JENNY PRIETO,gestionambiental@cruzverde.com.co,AK 72 80 94,"BOGOTA, D. C.","BOGOTA, D. C.",4.695749,-74.086612,601302.6,519099.11,18N
2. Electrónica y Equipos de Telecomunicación,2.4 Computadores y equipos para tratamiento de datos,SI,2024-10-14,10270,MONITORES,47.58,Gestionado por Reconecta,Aprovechamiento,REP - 15 - 9316,Eco Industria SAS,Parque Industrial San Jorge,FALABELLA CENTRO COMERCIAL UNICENTRO ,830142201-4,LUZ DARY LEGUIZAMON,test@mts.com.co,AK 15 123 30,"BOGOTA, D. C.","BOGOTA, D. C.",4.702752,-74.042681,606174.31,519879.83,18N
3. Maquinaria y Equipo Eléctrico,3.11 Pilas y acumuladores,SI,2024-03-08,10323,PILAS,1.0,Centro de Acopio,Aprovechamiento,REP - 14 - 9308,Eco Industria SAS,Parque Industrial San Jorge,FALABELLA DE COLOMBIA SA - CALLE 99,860518583-7,MARIA PAULA,ambiental@ccmetropolis.com.co,CL 99 11A 32,"BOGOTA, D. C.","BOGOTA, D. C.",4.682356,-74.044968,605923.71,517624.65,18N
2. Electrónica y Equipos de Telecomunicación,2.4 Computadores y equipos para tratamiento de datos,SI,2024-09-03,10213,CPU,49.62,Centro de Acopio,Aprovechamiento,REP-86-9030,Eco Industria SAS,Parque Industrial San Jorge,FARMACENTER COMUNITARIA,860007386,ANA LUCIA GOMEZ,enlacesambientales@gmail.com,KR 13 31F 02 S,"BOGOTA, D. C.","BOGOTA, D. C.",4.574461,-74.10978,598749.7,505687.35,18N
2. Electrónica y Equipos de Telecomunicación,"2.10 Periféricos, partes y tarjetas para computadores e impresoras",SI,2024-01-08,10568,TONER DE IMPRESORA Y CARTUCHOS USADOS,10.0,Gestionado por Reconecta,Aprovechamiento,REP - 29 - 9315,Eco Industria SAS,Parque Industrial San Jorge,FARMACENTER LUVAR,830143447-3,Ana Maria Suarez,test@portal80.com.co,KR 105 64D 05,"BOGOTA, D. C.","BOGOTA, D. C.",4.697427,-74.125267,597014.86,519279.14,18N
2. Electrónica y Equipos de Telecomunicación,"2.10 Periféricos, partes y tarjetas para computadores e impresoras",SI,2024-05-03,10553,TONNER,1.0,Centro de Acopio,Aprovechamiento,REP - 14 - 9308,Eco Industria SAS,Parque Industrial San Jorge,FARMACENTER LUVI,800087297-6,LUZ STELLA CELIS,co.recepcionfacturase@la.spectrumbrands.com,CL 17 98 05,"BOGOTA, D. C.","BOGOTA, D. C.",4.671419,-74.14473,594859.6,516401.29,18N
2. Electrónica y Equipos de Telecomunicación,2.8 Equipos de telecomunicaciones,SI,2024-02-24,9449,"TELÉFONOS; PÚBLICOS, INALÁMBRICOS Y MÓVILES",4.0,Centro de Acopio,Aprovechamiento,REP - 30 - 9339,Eco Industria SAS,Parque Industrial San Jorge,FARMACIA DE LIGA CONTRA EL CÁNCER,800149695-1,JENNY PRIETO,gestionambiental@cruzverde.com.co,KR 12A 77 34,"BOGOTA, D. C.","BOGOTA, D. C.",4.662718,-74.056851,604608.55,515451.84,18N
2. Electrónica y Equipos de Telecomunicación,2.7 Equipos de instrumentación y control,SI,2024-04-21,11685,OTROS INSTRUMENTOS DE VIGILANCIA Y CONTROL UTILIZADOS EN INSTALACIONES INDUSTRIALES,155.69,Centro de Acopio,Aprovechamiento,REP - 14 - 9308,Eco Industria SAS,Parque Industrial San Jorge,FARMACIA HOSPITAL MILITAR CENTRAL,800087297-6,LUZ STELLA CELIS,co.recepcionfacturase@la.spectrumbrands.com,TV 3C 49 02,"BOGOTA, D. C.","BOGOTA, D. C.",4.635694,-74.06226,604012.52,512463.48,18N
1. Aparatos electrodomésticos,1.5 Enseres menores de cocina,SI,2024-05-06,11646,"MOLINOS, CAFETERAS Y APARATOS PARA ABRIR O PRECINTAR ENVASES O PAQUETES",1303.69,Gestionado por Reconecta,Aprovechamiento,REP - 30 - 9339,Eco Industria SAS,Parque Industrial San Jorge,FARMACIA INSTITUCIONAL SEDE SALITRE,830143447-3,Ana Maria Suarez,test@portal80.com.co,KR 67A 42 28,"BOGOTA, D. C.","BOGOTA, D. C.",4.653348,-74.101619,599644.05,514409.49,18N
2. Electrónica y Equipos de Telecomunicación,2.8 Equipos de telecomunicaciones,SI,2024-09-21,9527,TERMINALES DE TELEX,16.0,Gestionado por Reconecta,Aprovechamiento,REP - 15 - 9316,Eco Industria SAS,Parque Industrial San Jorge,FARMACIA LA NUEVA FLOR,800087297-6,LUZ STELLA CELIS,co.recepcionfacturase@la.spectrumbrands.com,CL 8 S 32B 20,"BOGOTA, D. C.","BOGOTA, D. C.",4.600554,-74.109186,598812.01,508572.02,18N
1. Aparatos electrodomésticos,1.6 Enseres menores del hogar,SI,2024-09-14,10061,"RELOJES Y APARATOS DESTINADOS A MEDIR, INDICAR O REGISTRAR EL TIEMPO",45.0,Gestionado por Reconecta,Aprovechamiento,REP-86-9030,Eco Industria SAS,Parque Industrial San Jorge,FARMACIA No 2 HOSPITAL MILITAR CENTRAL,830142201-4,LUZ DARY LEGUIZAMON,test@mts.com.co,TV 3C 49 02,"BOGOTA, D. C.","BOGOTA, D. C.",4.635694,-74.06226,604012.52,512463.48,18N
2. Electrónica y Equipos de Telecomunicación,2.8 Equipos de telecomunicaciones,SI,2024-07-14,9640,"TELÉFONOS; PÚBLICOS, INALÁMBRICOS Y MÓVILES",2.33,Centro de Acopio,Aprovechamiento,REP - 29 - 9315,Eco Industria SAS,Parque Industrial San Jorge,FARMACOL CHINOIN SAS,860518583-7,MARIA PAULA,ambiental@ccmetropolis.com.co,CL 64 93 11,"BOGOTA, D. C.","BOGOTA, D. C.",4.689381,-74.117727,597852.29,518390.7,18N
2. Electrónica y Equipos de Telecomunicación,"2.10 Periféricos, partes y tarjetas para computadores e impresoras",SI,2024-09-19,9832,TONNER Y CARTUCHOS EN DESUSO,4.0,Centro de Acopio,Aprovechamiento,REP - 29 - 9315,Eco Industria SAS,Parque Industrial San Jorge,FARMA DE COLOMBIA,860007386,ANA LUCIA GOMEZ,enlacesambientales@gmail.com,KR 14 94 65,"BOGOTA, D. C.","BOGOTA, D. C.",4.679797,-74.049477,605423.95,517341.06,18N
1. Aparatos electrodomésticos,1.6 Enseres menores del hogar,SI,2024-09-19,9328,ASPIRADORAS,7.6,Gestionado por Reconecta,Aprovechamiento,REP - 14 - 9308,Eco Industria SAS,Parque Industrial San Jorge,FARMADROGAS LA BOTICA,800149695-1,JENNY PRIETO,gestionambiental@cruzverde.com.co,KR 54 50A 26 S,"BOGOTA, D. C.","BOGOTA, D. C.",4.590421,-74.141991,595174.24,507447.37,18N
2. Electrónica y Equipos de Telecomunicación,"2.10 Periféricos, partes y tarjetas para computadores e impresoras",SI,2024-03-15,10554,TONER DE IMPRESORA SUELTO,60.93,Gestionado por Reconecta,Aprovechamiento,REP - 30 - 9339,Eco Industria SAS,Parque Industrial San Jorge,FARMALOGICA S.A.,830143447-3,Ana Maria Suarez,test@portal80.com.co,KR 43A 20B 07,"BOGOTA, D. C.","BOGOTA, D. C.",4.627813,-74.098855,599954.24,511586.96,18N
1. Aparatos electrodomésticos,1.6 Enseres menores del hogar,SI,2024-08-11,9976,MAQUINAS DE COSER,119.2,Centro de Acopio,Aprovechamiento,REP - 15 - 9316,Eco Industria SAS,Parque Industrial San Jorge,FARMAS Y PLUS,830142201-4,LUZ DARY LEGUIZAMON,test@mts.com.co,KR 40 1H 24,"BOGOTA, D. C.","BOGOTA, D. C.",4.608969,-74.112924,598396.19,509501.79,18N
2. Electrónica y Equipos de Telecomunicación,2.4 Computadores y equipos para tratamiento de datos,SI,2024-04-22,10725,DM - IMPRESORAS Y SCANNER,30.3,Gestionado por Reconecta,Aprovechamiento,REP - 14 - 9308,Eco Industria SAS,Parque Industrial San Jorge,FARMATODO AVENIDA CALI CON ESPERANZA ESQUINA,860010451-1,DANIELA PEÑA,ambiental@casalimpia.com.co,KR 90 23J 22,"BOGOTA, D. C.","BOGOTA, D. C.",4.673015,-74.126978,596828.44,516580.15,18N
1. Aparatos electrodomésticos,1.6 Enseres menores del hogar,SI,2024-10-27,11977,ASPIRADORAS,450.0,Centro de Acopio,Aprovechamiento,REP - 30 - 9339,Eco Industria SAS,Parque Industrial San Jorge,FARMATODO BRITALIA NORTE,800087297-6,LUZ STELLA CELIS,co.recepcionfacturase@la.spectrumbrands.com,CL 167 73 02,"BOGOTA, D. C.","BOGOTA, D. C.",4.750952,-74.065508,603635.22,525205.02,18N
2. Electrónica y Equipos de Telecomunicación,2.7 Equipos de instrumentación y control,SI,2024-06-26,10238,OTROS INSTRUMENTOS DE VIGILANCIA Y CONTROL UTILIZADOS EN INSTALACIONES INDUSTRIALES,13.25,Gestionado por Reconecta,Aprovechamiento,REP - 15 - 9316,Eco Industria SAS,Parque Industrial San Jorge,FARMATODO CALLE 100,860007386,ANA LUCIA GOMEZ,enlacesambientales@gmail.com,CL 100 11 59,"BOGOTA, D. C.","BOGOTA, D. C.",4.682686,-74.044063,606024.05,517661.27,18N
3. Maquinaria y Equipo Eléctrico,3.4 Equipos de iluminación,SI,2024-02-12,11683,BOMBILLOS COMPACTOS - SIGNIFY,0.2,Centro de Acopio,Aprovechamiento,REP - 14 - 9308,Eco Industria SAS,Parque Industrial San Jorge,FARMATODO CALLE 127,900836968-7,LEONARDO BENAVIDES,test@signify.com,AC 127 17A 19,"BOGOTA, D. C.","BOGOTA, D. C.",4.704399,-74.04598,605808.14,520061.41,18N
2. Electrónica y Equipos de Telecomunicación,"2.10 Periféricos, partes y tarjetas para computadores e impresoras",SI,2024-11-07,9291,TONER DE IMPRESORA/APROVECHAMIENTO,80.0,Gestionado por Reconecta,Aprovechamiento,REP - 30 - 9339,Eco Industria SAS,Parque Industrial San Jorge,FARMATODO CEDRITOS 1,860518583-7,MARIA PAULA,ambiental@ccmetropolis.com.co,KR 11 138 18,"BOGOTA, D. C.","BOGOTA, D. C.",4.718017,-74.035467,606972.14,521568.52,18N
1. Aparatos electrodomésticos,1.5 Enseres menores de cocina,SI,2024-09-19,11846,TOSTADORA,2.9,Gestionado por Reconecta,Aprovechamiento,REP - 30 - 9339,Eco Industria SAS,Parque Industrial San Jorge,FARMATODO CEDRITOS 2,830143447-3,Ana Maria Suarez,test@portal80.com.co,CL 140 13 27,"BOGOTA, D. C.","BOGOTA, D. C.",4.720867,-74.040303,606435.32,521882.86,18N
2. Electrónica y Equipos de Telecomunicación,2.4 Computadores y equipos para tratamiento de datos,SI,2024-02-13,11169,EQUIPOS DE COMPUTO DE MESA,105.0,Centro de Acopio,Aprovechamiento,REP - 29 - 9315,Eco Industria SAS,Parque Industrial San Jorge,FARMATODO CENTRO INTERNACIONAL,860518583-7,MARIA PAULA,ambiental@ccmetropolis.com.co,KR 13 27 08 S,"BOGOTA, D. C.","BOGOTA, D. C.",4.578585,-74.106542,599108.34,506143.7,18N
2. Electrónica y Equipos de Telecomunicación,2.8 Equipos de telecomunicaciones,SI,2024-05-31,9009,"TELÉFONOS; PÚBLICOS, INALÁMBRICOS Y MÓVILES",3.0,Gestionado por Reconecta,Aprovechamiento,REP-86-9030,Eco Industria SAS,Parque Industrial San Jorge,FARMATODO COLINA,830142201-4,LUZ DARY LEGUIZAMON,test@mts.com.co,AC 138 59A 98,"BOGOTA, D. C.","BOGOTA, D. C.",4.72968,-74.068178,603342.26,522852.95,18N
2. Electrónica y Equipos de Telecomunicación,"2.10 Periféricos, partes y tarjetas para computadores e impresoras",SI,2024-12-07,10275,TONNER,1.0,Gestionado por Reconecta,Aprovechamiento,REP - 29 - 9315,Eco Industria SAS,Parque Industrial San Jorge,FARMATODO COSMOS 100,830142201-4,LUZ DARY LEGUIZAMON,test@mts.com.co,KR 21 98 81,"BOGOTA, D. C.","BOGOTA, D. C.",4.685985,-74.054691,604844.69,518024.38,18N
2. Electrónica y Equipos de Telecomunicación,"2.10 Periféricos, partes y tarjetas para computadores e impresoras",SI,2024-09-14,9047,"OTROS PRODUCTOS Y APARATOS PARA LA RECOGIDA, ALMACENAMIENTO, PROCESAMIENTO, PRESENTACIÓN O COMUNICACIÓN DE LA INFORMACIÓN DE MANERA ELECTRÓNICA",0.5,Gestionado por Reconecta,Aprovechamiento,REP - 15 - 9316,Eco Industria SAS,Parque Industrial San Jorge,FARMATODO GALERÍAS,830142201-4,LUZ DARY LEGUIZAMON,test@mts.com.co,AC 53 20 08,"BOGOTA, D. C.","BOGOTA, D. C.",4.641367,-74.071377,603000.37,513089.31,18N
1. Aparatos electrodomésticos,1.6 Enseres menores del hogar,SI,2024-10-05,10027,VENTILADORES ELECTRICOS,8.57,Centro de Acopio,Aprovechamiento,REP - 30 - 9339,Eco Industria SAS,Parque Industrial San Jorge,FARMATODO NAVARRA,830143447-3,Ana Maria Suarez,test@portal80.com.co,KR 19 103 98,"BOGOTA, D. C.","BOGOTA, D. C.",4.690249,-74.051184,605233.05,518496.3,18N
1. Aparatos electrodomésticos,1.5 Enseres menores de cocina,SI,2024-06-06,9619,"MOLINOS, CAFETERAS Y APARATOS PARA ABRIR O PRECINTAR ENVASES O PAQUETES",468.0,Gestionado por Reconecta,Aprovechamiento,REP - 29 - 9315,Eco Industria SAS,Parque Industrial San Jorge,FARMATODO NOGAL,830143447-3,Ana Maria Suarez,test@portal80.com.co,CL 73 11 12,"BOGOTA, D. C.","BOGOTA, D. C.",4.658505,-74.058124,604467.96,514985.89,18N
2. Electrónica y Equipos de Telecomunicación,"2.10 Periféricos, partes y tarjetas para computadores e impresoras",SI,2024-04-02,10016,TONNER,1.0,Gestionado por Reconecta,Aprovechamiento,REP - 14 - 9308,Eco Industria SAS,Parque Industrial San Jorge,FARMATODO NORMANDÍA,860007386,ANA LUCIA GOMEZ,enlacesambientales@gmail.com,CL 53 72 49,"BOGOTA, D. C.","BOGOTA, D. C.",4.671595,-74.107242,599017.77,516425.92,18N
1. Aparatos electrodomésticos,1.4 Enseres menores de calentamiento,SI,2024-01-28,11514,HORNOS DE MICROONDAS/ APARATOS ELECTRODOMESTICOS,67.0,Gestionado por Reconecta,Aprovechamiento,REP - 14 - 9308,Eco Industria SAS,Parque Industrial San Jorge,FARMATODO PASEO COUNTRY,860007386,ANA LUCIA GOMEZ,enlacesambientales@gmail.com,KR 15 94 72,"BOGOTA, D. C.","BOGOTA, D. C.",4.680397,-74.049935,605373.06,517407.33,18N
2. Electrónica y Equipos de Telecomunicación,2.4 Computadores y equipos para tratamiento de datos,SI,2024-09-21,9582,EQUIPOS DE COMPUTO DE MESA,74.04,Centro de Acopio,Aprovechamiento,REP - 15 - 9316,Eco Industria SAS,Parque Industrial San Jorge,FARMATODO RINCÓN DEL CHICÓ,800149695-1,JENNY PRIETO,gestionambiental@cruzverde.com.co,KR 15 106 18,"BOGOTA, D. C.","BOGOTA, D. C.",4.690751,-74.04554,605859.0,518552.65,18N
1. Aparatos electrodomésticos,1.1 Cocinas y hornos,SI,2024-11-18,10681,HORNOS ELECTRICOS,691.54,Gestionado por Reconecta,Aprovechamiento,REP - 15 - 9316,Eco Industria SAS,Parque Industrial San Jorge,FARMATODO SALITRE,830142201-4,LUZ DARY LEGUIZAMON,test@mts.com.co,AC 24 59 20,"BOGOTA, D. C.","BOGOTA, D. C.",4.643985,-74.101733,599632.72,513374.39,18N
1. Aparatos electrodomésticos,1.6 Enseres menores del hogar,SI,2024-07-08,9855,"RELOJES Y APARATOS DESTINADOS A MEDIR, INDICAR O REGISTRAR EL TIEMPO",45.0,Gestionado por Reconecta,Aprovechamiento,REP - 30 - 9339,Eco Industria SAS,Parque Industrial San Jorge,FARMATODO SUBA CAMPANELLA,830143447-3,Ana Maria Suarez,test@portal80.com.co,CL 154A 94 91,"BOGOTA, D. C.","BOGOTA, D. C.",4.752262,-74.084415,601538.07,525347.03,18N
1. Aparatos electrodomésticos,1.2 Enseres de audio y video,SI,2024-03-23,9429,"OTROS PRODUCTOS O APARATOS UTILIZADOS PARA REGISTRAR O REPRODUCIR SONIDO O IMAGENES, INCLUIDAS LAS SEÑALES Y TECNOLOGIAS DE DISTRIBUCION DEL SONIDO E IMAGEN DE LA COMUNICACION",263.64,Gestionado por Reconecta,Aprovechamiento,REP - 30 - 9339,Eco Industria SAS,Parque Industrial San Jorge,FARMAVITAL,860007386,ANA LUCIA GOMEZ,enlacesambientales@gmail.com,CL 163 8F 57,"BOGOTA, D. C.","BOGOTA, D. C.",4.739537,-74.030101,607564.0,523948.46,18N
2. Electrónica y Equipos de Telecomunicación,2.8 Equipos de telecomunicaciones,SI,2024-04-25,9821,CELULARES,0.5,Centro de Acopio,Aprovechamiento,REP - 30 - 9339,Eco Industria SAS,Parque Industrial San Jorge,FARMAVIVIR,830142201-4,LUZ DARY LEGUIZAMON,test@mts.com.co,CL 156 8F 40,"BOGOTA, D. C.","BOGOTA, D. C.",4.734271,-74.031556,607403.43,523366.06,18N
2. Electrónica y Equipos de Telecomunicación,2.4 Computadores y equipos para tratamiento de datos,SI,2024-08-23,10015,EQUIPOS DE COMPUTO DE MESA,105.0,Centro de Acopio,Aprovechamiento,REP - 29 - 9315,Eco Industria SAS,Parque Industrial San Jorge,FIGA,830143447-3,Ana Maria Suarez,test@portal80.com.co,CL 76 27A 04,"BOGOTA, D. C.","BOGOTA, D. C.",4.667917,-74.066584,603528.16,516025.16,18N
3. Maquinaria y Equipo Eléctrico,3.4 Equipos de iluminación,SI,2024-12-07,10509,TUBOS FLUORESCENTES - SIGNIFY,1.8,Gestionado por Reconecta,Aprovechamiento,REP - 14 - 9308,Eco Industria SAS,Parque Industrial San Jorge,FONDO NACIONAL DE ESTUPEFACIENTES,800149695-1,JENNY PRIETO,gestionambiental@cruzverde.com.co,KR 14 1 85 S,"BOGOTA, D. C.","BOGOTA, D. C.",4.591062,-74.090306,600907.75,507525.31,18N
2. Electrónica y Equipos de Telecomunicación,"2.10 Periféricos, partes y tarjetas para computadores e impresoras",SI,2024-07-08,9988,MODEM,52.0,Gestionado por Reconecta,Aprovechamiento,REP - 30 - 9339,Eco Industria SAS,Parque Industrial San Jorge,FOTO DEL ROSARIO LTDA,860010451-1,DANIELA PEÑA,ambiental@casalimpia.com.co,AV 68 94 88,"BOGOTA, D. C.","BOGOTA, D. C.",4.68632,-74.07393,602710.64,518058.57,18N
1. Aparatos electrodomésticos,1.4 Enseres menores de calentamiento,SI,2024-11-01,9973,APARATOS ELECTRODOMESTICOS/HORNOS DE MICROONDAS,21.7,Centro de Acopio,Aprovechamiento,REP - 30 - 9339,Eco Industria SAS,Parque Industrial San Jorge,FOTO LOURDES LTDA,800149695-1,JENNY PRIETO,gestionambiental@cruzverde.com.co,CL 72 9 23,"BOGOTA, D. C.","BOGOTA, D. C.",4.655952,-74.05729,604560.85,514703.78,18N
2. Electrónica y Equipos de Telecomunicación,2.4 Computadores y equipos para tratamiento de datos,SI,2024-03-04,9384,TABLETAS,0.4,Centro de Acopio,Aprovechamiento,REP - 30 - 9339,Eco Industria SAS,Parque Industrial San Jorge,FOTO LOURDES LTDA,860518583-7,MARIA PAULA,ambiental@ccmetropolis.com.co,CL 140 18A 70,"BOGOTA, D. C.","BOGOTA, D. C.",4.723353,-74.046048,605797.73,522156.81,18N
2. Electrónica y Equipos de Telecomunicación,"2.10 Periféricos, partes y tarjetas para computadores e impresoras",SI,2024-08-25,11829,TONNER Y CARTUCHOS EN DESUSO,4.0,Gestionado por Reconecta,Aprovechamiento,REP - 30 - 9339,Eco Industria SAS,Parque Industrial San Jorge,FRESENIUS KABI COLOMBIA,800087297-6,LUZ STELLA CELIS,co.recepcionfacturase@la.spectrumbrands.com,KR 7 155C 20,"BOGOTA, D. C.","BOGOTA, D. C.",4.731325,-74.023701,608275.11,523041.59,18N
2. Electrónica y Equipos de Telecomunicación,2.4 Computadores y equipos para tratamiento de datos,SI,2024-09-09,11266,DM - IMPRESORAS Y SCANNER,30.3,Centro de Acopio,Aprovechamiento,REP - 30 - 9339,Eco Industria SAS,Parque Industrial San Jorge,FRESENIUS KABI SERVICIO TÉCNICO,830142201-4,LUZ DARY LEGUIZAMON,test@mts.com.co,TV 93 63 76,"BOGOTA, D. C.","BOGOTA, D. C.",4.689075,-74.117621,597864.09,518356.89,18N
1. Aparatos electrodomésticos,1.4 Enseres menores de calentamiento,SI,2024-09-23,10079,HORNOS DE MICROONDAS/ APARATOS ELECTRODOMESTICOS,67.0,Centro de Acopio,Aprovechamiento,REP-86-9030,Eco Industria SAS,Parque Industrial San Jorge,FRIGORIFICO GUADALUPE S.A.S.,860010451-1,DANIELA PEÑA,ambiental@casalimpia.com.co,Autopista Sur 66 78,"BOGOTA, D. C.","BOGOTA, D. C.",4.59513,-74.15162,594105.45,507966.67,18N
2. Electrónica y Equipos de Telecomunicación,2.4 Computadores y equipos para tratamiento de datos,SI,2024-12-27,10231,SERVIDORES,45.74,Gestionado por Reconecta,Aprovechamiento,REP - 29 - 9315,Eco Industria SAS,Parque Industrial San Jorge,FUERTE DE CARABINEROS Y GUIAS CANINOS,900836968-7,LEONARDO BENAVIDES,test@signify.com,No registra,"BOGOTA, D. C.","BOGOTA, D. C.",4.6217,-74.06078,604178.74,510916.63,18N
2. Electrónica y Equipos de Telecomunicación,"2.10 Periféricos, partes y tarjetas para computadores e impresoras",SI,2024-05-04,11091,TONNER Y CARTUCHOS EN DESUSO,4.0,Centro de Acopio,Aprovechamiento,REP-86-9030,Eco Industria SAS,Parque Industrial San Jorge,FUNDACION ABOOD SHAIO,900836968-7,LEONARDO BENAVIDES,test@signify.com,DG 115A 70C 75,"BOGOTA, D. C.","BOGOTA, D. C.",4.698348,-74.073308,602777.88,519388.38,18N
2. Electrónica y Equipos de Telecomunicación,2.4 Computadores y equipos para tratamiento de datos,SI,2024-02-16,10374,ORDENADORES PERSONALES O PORTATILES,1.8,Gestionado por Reconecta,Aprovechamiento,REP - 30 - 9339,Eco Industria SAS,Parque Industrial San Jorge,FUNDACIÓN CARDIOINFANTIL IC,830143447-3,Ana Maria Suarez,test@portal80.com.co,CL 163A 13B 60,"BOGOTA, D. C.","BOGOTA, D. C.",4.741267,-74.034405,607086.36,524139.05,18N
1. Aparatos electrodomésticos,1.2 Enseres de audio y video,SI,2024-11-28,11568,"OTROS PRODUCTOS O APARATOS UTILIZADOS PARA REGISTRAR O REPRODUCIR SONIDO O IMAGENES, INCLUIDAS LAS SEÑALES Y TECNOLOGIAS DE DISTRIBUCION DEL SONIDO E IMAGEN DE LA COMUNICACION",1.9,Gestionado por Reconecta,Aprovechamiento,REP-86-9030,Eco Industria SAS,Parque Industrial San Jorge,FUNDACIÓN CLÍNICA SHAIO CONSULTA EXTERNA,900836968-7,LEONARDO BENAVIDES,test@signify.com,DG 115A 70C 06,"BOGOTA, D. C.","BOGOTA, D. C.",4.698773,-74.072099,602911.91,519435.54,18N
3. Maquinaria y Equipo Eléctrico,3.12 Refrigeración y equipos de acondicionamiento de aire industriales,SI,2024-12-31,9453,MÁQUINAS DISPENSADORAS DE BEBIDAS CALIENTES,14.2,Centro de Acopio,Aprovechamiento,REP - 29 - 9315,Eco Industria SAS,Parque Industrial San Jorge,FUNDACION DOGGY IN HOME,830143447-3,Ana Maria Suarez,test@portal80.com.co,AK 14 # 70A - 85,"BOGOTA, D. C.","BOGOTA, D. C.",4.6581,-74.0624,603993.71,514940.49,18N
2. Electrónica y Equipos de Telecomunicación,2.5 Electrónica de consumo,SI,2024-08-09,10205,AMPLIFICADOR DE SONIDO,1.89,Centro de Acopio,Aprovechamiento,REP - 15 - 9316,Eco Industria SAS,Parque Industrial San Jorge,FUNDACION EDUCATIVA BETH SHALOM,900836968-7,LEONARDO BENAVIDES,test@signify.com,Guaymaral lote 2 puente el otoño la lomita,"BOGOTA, D. C.","BOGOTA, D. C.",4.80281,-74.061219,604103.09,530938.69,18N
1. Aparatos electrodomésticos,1.8 Equipos de acondicionamiento de aire,SI,2024-11-09,9719,APARATOS DE AIRE ACONDICIONADO,21.0,Centro de Acopio,Aprovechamiento,REP - 30 - 9339,Eco Industria SAS,Parque Industrial San Jorge,FUNDACIÓN GERONTOLÓGICA AÑOS DORADOS,900836968-7,LEONARDO BENAVIDES,test@signify.com,CL 23 83 94,"BOGOTA, D. C.","BOGOTA, D. C.",4.667914,-74.127037,596822.59,516016.23,18N
1. Aparatos electrodomésticos,1.6 Enseres menores del hogar,SI,2024-09-11,10213,"HERRAMIENTAS PARA ROCIAR, ESPARCIR, PROPAGAR O APLICAR OTROS TRATAMIENTOS CON SUSTANCIAS LÍQUIDAS O GASEOSAS POR OTROS MEDIOS",988.0,Gestionado por Reconecta,Aprovechamiento,REP-86-9030,Eco Industria SAS,Parque Industrial San Jorge,FUNDACIÓN GIMNASIO MODERNO,860007386,ANA LUCIA GOMEZ,enlacesambientales@gmail.com,KR 9 74 99,"BOGOTA, D. C.","BOGOTA, D. C.",4.658511,-74.055362,604774.34,514986.97,18N
3. Maquinaria y Equipo Eléctrico,3.4 Equipos de iluminación,SI,2024-03-03,11894,TUBOS FLUORESCENTES - SIGNIFY,1.8,Gestionado por Reconecta,Aprovechamiento,REP - 30 - 9339,Eco Industria SAS,Parque Industrial San Jorge,FUNDACIÓN UNIVERSITARIA AGRARIA DE COLOMBIA - UNIAGRARIA,830143447-3,Ana Maria Suarez,test@portal80.com.co,AC 170 54A 10,"BOGOTA, D. C.","BOGOTA, D. C.",4.753377,-74.053501,604966.55,525474.92,18N
1. Aparatos electrodomésticos,1.6 Enseres menores del hogar,SI,2024-01-23,11233,"RELOJES Y APARATOS DESTINADOS A MEDIR, INDICAR O REGISTRAR EL TIEMPO",0.2,Centro de Acopio,Aprovechamiento,REP-86-9030,Eco Industria SAS,Parque Industrial San Jorge,FUNDACION UNIVERSITARIA DEL AREA ANDINA,830143447-3,Ana Maria Suarez,test@portal80.com.co,KR 14A 69 35,"BOGOTA, D. C.","BOGOTA, D. C.",4.656628,-74.06325,603899.64,514777.63,18N
1. Aparatos electrodomésticos,1.9 Herramientas para el hogar,SI,2024-09-04,9141,TALADRADORAS,2.0,Gestionado por Reconecta,Aprovechamiento,REP - 14 - 9308,Eco Industria SAS,Parque Industrial San Jorge,FUNDACIÓN UNIVERSITARIA SAN MATEO SEDE PRINCIPAL,830142201-4,LUZ DARY LEGUIZAMON,test@mts.com.co,KR 17 25 25,"BOGOTA, D. C.","BOGOTA, D. C.",4.61475,-74.073999,602713.36,510146.38,18N
3. Maquinaria y Equipo Eléctrico,3.11 Pilas y acumuladores,SI,2024-09-08,10930,BATERIAS DE LITIO,1114.61,Centro de Acopio,Aprovechamiento,REP - 29 - 9315,Eco Industria SAS,Parque Industrial San Jorge,FUNDALECTURA,900836968-7,LEONARDO BENAVIDES,test@signify.com,KR 14 63 13 S,"BOGOTA, D. C.","BOGOTA, D. C.",4.538979,-74.120681,597545.17,501763.32,18N
1. Aparatos electrodomésticos,1.4 Enseres menores de calentamiento,SI,2024-05-19,9514,PLANCHAS Y OTROS APARATOS UTILIZADOS PARA PLANCHAR Y PARA DAR OTRO TIPO DE CUIDADOR A LA ROPA,79.0,Centro de Acopio,Aprovechamiento,REP - 29 - 9315,Eco Industria SAS,Parque Industrial San Jorge,FUNDALECTURA,900836968-7,LEONARDO BENAVIDES,test@signify.com,AK 86 86 43 SUR,"BOGOTA, D. C.","BOGOTA, D. C.",4.62929,-74.17255,591779.27,511740.29,18N
1. Aparatos electrodomésticos,1.2 Enseres de audio y video,SI,2024-01-01,9666,APARATOS DE GRABACION DE VIDEO,3.0,Gestionado por Reconecta,Aprovechamiento,REP - 30 - 9339,Eco Industria SAS,Parque Industrial San Jorge,FUNDALECTURA,900836968-7,LEONARDO BENAVIDES,test@signify.com,KR 10A,"BOGOTA, D. C.","BOGOTA, D. C.",4.611768,-74.070944,603052.68,509817.15,18N
3. Maquinaria y Equipo Eléctrico,3.11 Pilas y acumuladores,SI,2024-09-29,9058,BATERIAS DE LITIO,132.59,Gestionado por Reconecta,Aprovechamiento,REP - 30 - 9339,Eco Industria SAS,Parque Industrial San Jorge,FUNDALECTURA,830142201-4,LUZ DARY LEGUIZAMON,test@mts.com.co,AUTOPISTA SUR 73,"BOGOTA, D. C.","BOGOTA, D. C.",4.5967,-74.1694,592132.89,508137.92,18N
2. Electrónica y Equipos de Telecomunicación,2.8 Equipos de telecomunicaciones,SI,2024-07-09,10127,TERMINALES DE TELEX,16.0,Centro de Acopio,Aprovechamiento,REP - 14 - 9308,Eco Industria SAS,Parque Industrial San Jorge,FUNDALECTURA,900836968-7,LEONARDO BENAVIDES,test@signify.com,AC 145 104,"BOGOTA, D. C.","BOGOTA, D. C.",4.74663,-74.0949,600376.0,524722.88,18N
2. Electrónica y Equipos de Telecomunicación,2.4 Computadores y equipos para tratamiento de datos,SI,2024-09-08,10298,EQUIPOS DE COMPUTO DE MESA,46.0,Gestionado por Reconecta,Aprovechamiento,REP - 30 - 9339,Eco Industria SAS,Parque Industrial San Jorge,FUNDALECTURA,800087297-6,LUZ STELLA CELIS,co.recepcionfacturase@la.spectrumbrands.com,AC 26 66 63,"BOGOTA, D. C.","BOGOTA, D. C.",4.64968,-74.101444,599663.98,514004.01,18N
2. Electrónica y Equipos de Telecomunicación,2.5 Electrónica de consumo,SI,2024-06-28,11608,AMPLIFICADOR DE SONIDO,13.57,Gestionado por Reconecta,Aprovechamiento,REP - 15 - 9316,Eco Industria SAS,Parque Industrial San Jorge,FUNDALECTURA,860007386,ANA LUCIA GOMEZ,enlacesambientales@gmail.com,AC 13 27,"BOGOTA, D. C.","BOGOTA, D. C.",4.611985,-74.089302,601016.18,509838.51,18N
2. Electrónica y Equipos de Telecomunicación,2.8 Equipos de telecomunicaciones,SI,2024-08-17,9154,TERMINALES DE TELEX,16.0,Gestionado por Reconecta,Aprovechamiento,REP - 14 - 9308,Eco Industria SAS,Parque Industrial San Jorge,FUNDALECTURA,830142201-4,LUZ DARY LEGUIZAMON,test@mts.com.co,KR 10 31 29 S,"BOGOTA, D. C.","BOGOTA, D. C.",4.56851,-74.10134,599686.82,505030.63,18N
2. Electrónica y Equipos de Telecomunicación,2.4 Computadores y equipos para tratamiento de datos,SI,2024-05-19,10126,CPU,33.15,Centro de Acopio,Aprovechamiento,REP-86-9030,Eco Industria SAS,Parque Industrial San Jorge,GASEOSA LUX,830142201-4,LUZ DARY LEGUIZAMON,test@mts.com.co,CL 5C 53D 05,"BOGOTA, D. C.","BOGOTA, D. C.",4.623974,-74.112661,598423.29,511160.63,18N
2. Electrónica y Equipos de Telecomunicación,2.4 Computadores y equipos para tratamiento de datos,SI,2024-08-15,10701,EQUIPOS DE COMPUTO DE MESA,46.0,Gestionado por Reconecta,Aprovechamiento,REP - 29 - 9315,Eco Industria SAS,Parque Industrial San Jorge,GAS NATURAL,860518583-7,MARIA PAULA,ambiental@ccmetropolis.com.co,CL 72 5 38,"BOGOTA, D. C.","BOGOTA, D. C.",4.654238,-74.054378,604884.12,514514.72,18N
2. Electrónica y Equipos de Telecomunicación,"2.10 Periféricos, partes y tarjetas para computadores e impresoras",SI,2024-04-12,10443,TONNER EN DESUSO,7.0,Centro de Acopio,Aprovechamiento,REP - 30 - 9339,Eco Industria SAS,Parque Industrial San Jorge,GEDEON RICHTER COLOMBIA SAS,800149695-1,JENNY PRIETO,gestionambiental@cruzverde.com.co,KR 7 156 10,"BOGOTA, D. C.","BOGOTA, D. C.",4.731728,-74.023657,608279.93,523086.15,18N
3. Maquinaria y Equipo Eléctrico,3.4 Equipos de iluminación,SI,2024-08-26,10898,APARATOS DE ALUMBRADO,139.76,Centro de Acopio,Aprovechamiento,REP - 14 - 9308,Eco Industria SAS,Parque Industrial San Jorge,GE HEALTHCARE COLOMBIA,800087297-6,LUZ STELLA CELIS,co.recepcionfacturase@la.spectrumbrands.com,AK 72 80 94,"BOGOTA, D. C.","BOGOTA, D. C.",4.695749,-74.086612,601302.6,519099.11,18N
2. Electrónica y Equipos de Telecomunicación,2.7 Equipos de instrumentación y control,SI,2024-08-13,10153,BASCULA,2.1,Centro de Acopio,Aprovechamiento,REP - 14 - 9308,Eco Industria SAS,Parque Industrial San Jorge,GENERAL MOTORS COLMOTORES,830143447-3,Ana Maria Suarez,test@portal80.com.co,AV 56A Sur 33 09,"BOGOTA, D. C.","BOGOTA, D. C.",4.58236,-74.14406,594945.78,506555.95,18N
3. Maquinaria y Equipo Eléctrico,3.11 Pilas y acumuladores,SI,2024-03-24,11781,PILAS,8.61,Gestionado por Reconecta,Aprovechamiento,REP - 29 - 9315,Eco Industria SAS,Parque Industrial San Jorge,GENFAR S.A,830142201-4,LUZ DARY LEGUIZAMON,test@mts.com.co,TV 23 97 73,"BOGOTA, D. C.","BOGOTA, D. C.",4.685514,-74.05631,604665.18,517972.07,18N
2. Electrónica y Equipos de Telecomunicación,2.8 Equipos de telecomunicaciones,SI,2024-05-14,11787,"TELÉFONOS; PÚBLICOS, INALÁMBRICOS Y MÓVILES",3.0,Centro de Acopio,Aprovechamiento,REP - 14 - 9308,Eco Industria SAS,Parque Industrial San Jorge,GENSER POWER SAS,830143447-3,Ana Maria Suarez,test@portal80.com.co,CL 100 13 21,"BOGOTA, D. C.","BOGOTA, D. C.",4.683736,-74.046237,605782.75,517777.02,18N
1. Aparatos electrodomésticos,1.4 Enseres menores de calentamiento,SI,2024-05-30,11721,APARATOS ELECTRODOMESTICOS/HORNOS DE MICROONDAS,21.7,Centro de Acopio,Aprovechamiento,REP-86-9030,Eco Industria SAS,Parque Industrial San Jorge,GIMNASIO COLOMBO BRITANICO,860007386,ANA LUCIA GOMEZ,enlacesambientales@gmail.com,"Aeropuerto Guaymaral, Costado Sur Occidental","BOGOTA, D. C.","BOGOTA, D. C.",4.809633,-74.07274,602824.37,531691.25,18N
1. Aparatos electrodomésticos,1.7 Enseres menores personales,SI,2024-05-31,10441,"APARATOS PARA CORTAR EL PELO, PARA SECAR EL PELO, PARA CEPILLARSE LOS DIENTES, MAQUINAS PARA AFEITAR, APARATOS DE MASAJE Y OTROS CUIDADOS CORPORALES",537.01,Gestionado por Reconecta,Aprovechamiento,REP-86-9030,Eco Industria SAS,Parque Industrial San Jorge,GLAXO SMITH KLINE S.A,900836968-7,LEONARDO BENAVIDES,test@signify.com,AC 26 69B 53,"BOGOTA, D. C.","BOGOTA, D. C.",4.659568,-74.108074,598927.17,515096.21,18N
3. Maquinaria y Equipo Eléctrico,3.11 Pilas y acumuladores,SI,2024-08-24,10929,PILAS,0.79,Centro de Acopio,Aprovechamiento,REP-86-9030,Eco Industria SAS,Parque Industrial San Jorge,GLOBAL INTERNATIONAL MEDICINE,860518583-7,MARIA PAULA,ambiental@ccmetropolis.com.co,CL 18 68D 72,"BOGOTA, D. C.","BOGOTA, D. C.",4.645301,-74.119465,597665.61,513517.4,18N
3. Maquinaria y Equipo Eléctrico,3.4 Equipos de iluminación,SI,2024-05-25,9013,BOMBILLOS COMPACTOS - SIGNIFY,1.4,Gestionado por Reconecta,Aprovechamiento,REP - 15 - 9316,Eco Industria SAS,Parque Industrial San Jorge,GM COLMOTORES,830142201-4,LUZ DARY LEGUIZAMON,test@mts.com.co,CL 56A S 36A 09,"BOGOTA, D. C.","BOGOTA, D. C.",4.584792,-74.143884,594964.99,506824.83,18N
3. Maquinaria y Equipo Eléctrico,3.4 Equipos de iluminación,SI,2024-12-15,9522,APARATOS DE ALUMBRADO,15.83,Gestionado por Reconecta,Aprovechamiento,REP - 14 - 9308,Eco Industria SAS,Parque Industrial San Jorge,GOBERNACION DE CUNDINAMARCA,860007386,ANA LUCIA GOMEZ,enlacesambientales@gmail.com,AC 26 51 53,"BOGOTA, D. C.","BOGOTA, D. C.",4.641115,-74.096256,600240.66,513057.88,18N
1. Aparatos electrodomésticos,1.9 Herramientas para el hogar,SI,2024-04-26,10982,TALADRADORAS,2.0,Gestionado por Reconecta,Aprovechamiento,REP - 15 - 9316,Eco Industria SAS,Parque Industrial San Jorge,GRUNENTHAL COLOMBIA S.A,860010451-1,DANIELA PEÑA,ambiental@casalimpia.com.co,CL 93 16 20,"BOGOTA, D. C.","BOGOTA, D. C.",4.677338,-74.052914,605043.08,517068.7,18N
2. Electrónica y Equipos de Telecomunicación,"2.10 Periféricos, partes y tarjetas para computadores e impresoras",SI,2024-04-28,10732,CD,8.0,Gestionado por Reconecta,Aprovechamiento,REP-86-9030,Eco Industria SAS,Parque Industrial San Jorge,GRUPO PHOENIX,860007386,ANA LUCIA GOMEZ,enlacesambientales@gmail.com,CL 17F 126 70,"BOGOTA, D. C.","BOGOTA, D. C.",4.691238,-74.159977,593165.78,518590.23,18N
2. Electrónica y Equipos de Telecomunicación,2.4 Computadores y equipos para tratamiento de datos,SI,2024-09-26,10225,ORDENADORES PERSONALES O PORTATILES,28.0,Gestionado por Reconecta,Aprovechamiento,REP-86-9030,Eco Industria SAS,Parque Industrial San Jorge,HAYUELOS CENTRO COMERCIAL EMPRESARIAL,860518583-7,MARIA PAULA,ambiental@ccmetropolis.com.co,CL 20 82 52,"BOGOTA, D. C.","BOGOTA, D. C.",4.66375,-74.13018,596474.54,515555.47,18N
2. Electrónica y Equipos de Telecomunicación,2.8 Equipos de telecomunicaciones,SI,2024-07-09,9675,"TELÉFONOS; PÚBLICOS, INALÁMBRICOS Y MÓVILES",0.8,Centro de Acopio,Aprovechamiento,REP-86-9030,Eco Industria SAS,Parque Industrial San Jorge,HEEL DROGUERÍA KENNEDY,830143447-3,Ana Maria Suarez,test@portal80.com.co,CL 36 S 74 31,"BOGOTA, D. C.","BOGOTA, D. C.",4.621305,-74.148878,594406.17,510860.66,18N
1. Aparatos electrodomésticos,1.2 Enseres de audio y video,SI,2024-01-23,10707,"OTROS PRODUCTOS O APARATOS UTILIZADOS PARA REGISTRAR O REPRODUCIR SONIDO O IMAGENES, INCLUIDAS LAS SEÑALES Y TECNOLOGIAS DE DISTRIBUCION DEL SONIDO E IMAGEN DE LA COMUNICACION",366.97,Gestionado por Reconecta,Aprovechamiento,REP - 29 - 9315,Eco Industria SAS,Parque Industrial San Jorge,HELPHARMA PARQUE CENTRAL,800087297-6,LUZ STELLA CELIS,co.recepcionfacturase@la.spectrumbrands.com,CL 31 13A 51,"BOGOTA, D. C.","BOGOTA, D. C.",4.61834,-74.070673,603081.8,510543.74,18N
2. Electrónica y Equipos de Telecomunicación,"2.10 Periféricos, partes y tarjetas para computadores e impresoras",SI,2024-11-16,11008,TONNER Y CARTUCHOS EN DESUSO,4.0,Gestionado por Reconecta,Aprovechamiento,REP-86-9030,Eco Industria SAS,Parque Industrial San Jorge,Hernán Danilo Jiménez López,860518583-7,MARIA PAULA,ambiental@ccmetropolis.com.co,KR 29C 18 45 Sur,"BOGOTA, D. C.","BOGOTA, D. C.",4.594329857,-74.110627908,598652.91,507883.74,18N
1. Aparatos electrodomésticos,1.7 Enseres menores personales,SI,2024-05-07,9796,"APARATOS PARA CORTAR EL PELO, PARA SECAR EL PELO, PARA CEPILLARSE LOS DIENTES, MAQUINAS PARA AFEITAR, APARATOS DE MASAJE Y OTROS CUIDADOS CORPORALES",691.49,Centro de Acopio,Aprovechamiento,REP-86-9030,Eco Industria SAS,Parque Industrial San Jorge,HIGH LIGHTS,900836968-7,LEONARDO BENAVIDES,test@signify.com,KR 33 19 60,"BOGOTA, D. C.","BOGOTA, D. C.",4.62107,-74.090213,600913.83,510842.74,18N
2. Electrónica y Equipos de Telecomunicación,2.4 Computadores y equipos para tratamiento de datos,SI,2024-01-20,9713,DM - IMPRESORAS Y SCANNER,30.3,Gestionado por Reconecta,Aprovechamiento,REP - 14 - 9308,Eco Industria SAS,Parque Industrial San Jorge,HIGH NUTRITION,860010451-1,DANIELA PEÑA,ambiental@casalimpia.com.co,TV 93 53 48,"BOGOTA, D. C.","BOGOTA, D. C.",4.68743,-74.118868,597726.0,518174.86,18N
1. Aparatos electrodomésticos,1.6 Enseres menores del hogar,SI,2024-10-11,11136,ASPIRADORAS,11.5,Centro de Acopio,Aprovechamiento,REP - 29 - 9315,Eco Industria SAS,Parque Industrial San Jorge,HIPERDROGUERIA LA ECONOMIAURES,860010451-1,DANIELA PEÑA,ambiental@casalimpia.com.co,KR 106 131 57,"BOGOTA, D. C.","BOGOTA, D. C.",4.735433,-74.101929,599598.02,523484.02,18N
1. Aparatos electrodomésticos,1.6 Enseres menores del hogar,SI,2024-06-05,10513,"RELOJES Y APARATOS DESTINADOS A MEDIR, INDICAR O REGISTRAR EL TIEMPO",0.4,Gestionado por Reconecta,Aprovechamiento,REP - 14 - 9308,Eco Industria SAS,Parque Industrial San Jorge,HIPERDROGUERÍA Y MINIMARKET MEDITERRANEO,800087297-6,LUZ STELLA CELIS,co.recepcionfacturase@la.spectrumbrands.com,KR 14B 160 42,"BOGOTA, D. C.","BOGOTA, D. C.",4.73842,-74.036259,606881.17,523824.02,18N
2. Electrónica y Equipos de Telecomunicación,"2.10 Periféricos, partes y tarjetas para computadores e impresoras",SI,2024-12-05,10428,CD,19.0,Centro de Acopio,Aprovechamiento,REP - 29 - 9315,Eco Industria SAS,Parque Industrial San Jorge,HOCEN AMBULATORIO- MEDIPOL POLICÍA,900836968-7,LEONARDO BENAVIDES,test@signify.com,KR 54 44 21,"BOGOTA, D. C.","BOGOTA, D. C.",4.645479,-74.091997,600712.48,513540.93,18N
1. Aparatos electrodomésticos,1.4 Enseres menores de calentamiento,SI,2024-04-05,10237,FREIDORAS,232.65,Gestionado por Reconecta,Aprovechamiento,REP - 29 - 9315,Eco Industria SAS,Parque Industrial San Jorge,HOMECENTER,860007386,ANA LUCIA GOMEZ,enlacesambientales@gmail.com,CL 45 174 B 45,"BOGOTA, D. C.","BOGOTA, D. C.",4.75585,-74.04639,605754.86,525749.4,18N
2. Electrónica y Equipos de Telecomunicación,2.6 Equipos de electrónica de potencia,SI,2024-07-20,9990,BALASTOS,47.68,Gestionado por Reconecta,Aprovechamiento,REP-86-9030,Eco Industria SAS,Parque Industrial San Jorge,HOMECENTER AV. 68 SUR,800149695-1,JENNY PRIETO,gestionambiental@cruzverde.com.co,AK 68 37 37 S,"BOGOTA, D. C.","BOGOTA, D. C.",4.603638,-74.132786,596193.6,508909.73,18N
2. Electrónica y Equipos de Telecomunicación,2.4 Computadores y equipos para tratamiento de datos,SI,2024-04-23,10326,ORDENADORES PERSONALES O PORTATILES,73.0,Gestionado por Reconecta,Aprovechamiento,REP - 14 - 9308,Eco Industria SAS,Parque Industrial San Jorge,HOMECENTER CALIMA,800149695-1,JENNY PRIETO,gestionambiental@cruzverde.com.co,CL 22 27 49,"BOGOTA, D. C.","BOGOTA, D. C.",4.6182,-74.084385,601560.74,510526.29,18N
1. Aparatos electrodomésticos,1.2 Enseres de audio y video,SI,2024-07-19,11505,TELEVISORES,57.0,Gestionado por Reconecta,Aprovechamiento,REP-86-9030,Eco Industria SAS,Parque Industrial San Jorge,HOMECENTER CALLE 170,860518583-7,MARIA PAULA,ambiental@ccmetropolis.com.co,AK 145 175 50,"BOGOTA, D. C.","BOGOTA, D. C.",4.7561,-74.04695,605692.71,525776.95,18N
1. Aparatos electrodomésticos,1.2 Enseres de audio y video,SI,2024-04-05,10700,TELEVISORES,152.0,Gestionado por Reconecta,Aprovechamiento,REP - 30 - 9339,Eco Industria SAS,Parque Industrial San Jorge,HOMECENTER CALLE 80,830143447-3,Ana Maria Suarez,test@portal80.com.co,AK 68 80 77,"BOGOTA, D. C.","BOGOTA, D. C.",4.68506,-74.07809,602249.4,517918.67,18N
2. Electrónica y Equipos de Telecomunicación,"2.10 Periféricos, partes y tarjetas para computadores e impresoras",SI,2024-03-07,11214,TONER DE IMPRESORA Y CARTUCHOS USADOS,10.0,Centro de Acopio,Aprovechamiento,REP - 14 - 9308,Eco Industria SAS,Parque Industrial San Jorge,HOMECENTER CEDRITOS,860518583-7,MARIA PAULA,ambiental@ccmetropolis.com.co,CL 152 9 08,"BOGOTA, D. C.","BOGOTA, D. C.",4.729956,-74.032577,607290.85,522888.86,18N
1. Aparatos electrodomésticos,1.6 Enseres menores del hogar,SI,2024-12-29,10753,MAQUINAS DE COSER,88.0,Gestionado por Reconecta,Aprovechamiento,REP-86-9030,Eco Industria SAS,Parque Industrial San Jorge,HOMECENTER DORADO,860010451-1,DANIELA PEÑA,ambiental@casalimpia.com.co,CL 50 82 55,"BOGOTA, D. C.","BOGOTA, D. C.",4.62216,-74.176781,591310.86,510951.54,18N
1. Aparatos electrodomésticos,1.1 Cocinas y hornos,SI,2024-02-17,10047,HORNOS DE MICROONDAS,45.0,Centro de Acopio,Aprovechamiento,REP - 14 - 9308,Eco Industria SAS,Parque Industrial San Jorge,HOMECENTER SUBA,800087297-6,LUZ STELLA CELIS,co.recepcionfacturase@la.spectrumbrands.com,KR 103C 150C 07,"BOGOTA, D. C.","BOGOTA, D. C.",4.749673,-74.09333,600549.69,525059.51,18N
1. Aparatos electrodomésticos,1.2 Enseres de audio y video,SI,2024-03-16,10678,TELEVISORES,15.0,Gestionado por Reconecta,Aprovechamiento,REP - 14 - 9308,Eco Industria SAS,Parque Industrial San Jorge,HOMECENTER TINTAL,900836968-7,LEONARDO BENAVIDES,test@signify.com,CL 10 86 58,"BOGOTA, D. C.","BOGOTA, D. C.",4.651066,-74.148798,594411.09,514150.73,18N
3. Maquinaria y Equipo Eléctrico,3.4 Equipos de iluminación,SI,2024-09-04,11904,TUBOS FLUORESCENTES - SIGNIFY,1.8,Gestionado por Reconecta,Aprovechamiento,REP - 30 - 9339,Eco Industria SAS,Parque Industrial San Jorge,HOMESENTRY NORTE,830143447-3,Ana Maria Suarez,test@portal80.com.co,CL 127D 45 81,"BOGOTA, D. C.","BOGOTA, D. C.",4.711425,-74.054014,604915.97,520836.94,18N
2. Electrónica y Equipos de Telecomunicación,"2.10 Periféricos, partes y tarjetas para computadores e impresoras",SI,2024-10-01,11665,"PERIFERICOS (MOUSE, TECLADO, AUDIFONOS, CAMARAS Y OTROS)",84.0,Centro de Acopio,Aprovechamiento,REP - 30 - 9339,Eco Industria SAS,Parque Industrial San Jorge,HOMESENTRY SALITRE,860010451-1,DANIELA PEÑA,ambiental@casalimpia.com.co,Avenida KR 68 con CL 66,"BOGOTA, D. C.","BOGOTA, D. C.",4.67179,-74.08872,601072.23,516450.11,18N
2. Electrónica y Equipos de Telecomunicación,2.5 Electrónica de consumo,SI,2024-06-18,10539,AMPLIFICADOR DE SONIDO,12.59,Gestionado por Reconecta,Aprovechamiento,REP - 14 - 9308,Eco Industria SAS,Parque Industrial San Jorge,Hospital San José,800087297-6,LUZ STELLA CELIS,co.recepcionfacturase@la.spectrumbrands.com,CL 10 # 18 - 75,"BOGOTA, D. C.","BOGOTA, D. C.",4.602778,-74.085833,601402.3,508821.16,18N
3. Maquinaria y Equipo Eléctrico,3.12 Refrigeración y equipos de acondicionamiento de aire industriales,SI,2024-03-19,9672,MÁQUINAS DISPENSADORAS DE BEBIDAS CALIENTES,14.2,Gestionado por Reconecta,Aprovechamiento,REP - 30 - 9339,Eco Industria SAS,Parque Industrial San Jorge,HOSPITAL VISTA HERMOSA - UPA CANDELARIA,900836968-7,LEONARDO BENAVIDES,test@signify.com,TV 36 59B 59 S,"BOGOTA, D. C.","BOGOTA, D. C.",4.571932,-74.149733,594317.82,505402.4,18N
2. Electrónica y Equipos de Telecomunicación,2.4 Computadores y equipos para tratamiento de datos,SI,2024-02-01,10936,TABLETAS,2.0,Centro de Acopio,Aprovechamiento,REP - 29 - 9315,Eco Industria SAS,Parque Industrial San Jorge,HOTEL BOGOTÁ PLAZA,800149695-1,JENNY PRIETO,gestionambiental@cruzverde.com.co,CL 100 18A 30,"BOGOTA, D. C.","BOGOTA, D. C.",4.686065,-74.051372,605212.82,518033.72,18N
1. Aparatos electrodomésticos,1.6 Enseres menores del hogar,SI,2024-06-24,10287,VENTILADORES ELECTRICOS,20.0,Gestionado por Reconecta,Aprovechamiento,REP - 15 - 9316,Eco Industria SAS,Parque Industrial San Jorge,HOTEL HILTON GARDEN INN AIRPORT,900836968-7,LEONARDO BENAVIDES,test@signify.com,CL 65 108 84,"BOGOTA, D. C.","BOGOTA, D. C.",4.701692,-74.129258,596571.6,519750.08,18N
1. Aparatos electrodomésticos,1.2 Enseres de audio y video,SI,2024-08-22,10483,APARATOS DE GRABACION DE VIDEO,3.0,Centro de Acopio,Aprovechamiento,REP - 29 - 9315,Eco Industria SAS,Parque Industrial San Jorge,HUMEDAL SANTA MARIA DEL LAGO,830143447-3,Ana Maria Suarez,test@portal80.com.co,KR 76 75B 03,"BOGOTA, D. C.","BOGOTA, D. C.",4.694436,-74.095967,600265.15,518952.61,18N
2. Electrónica y Equipos de Telecomunicación,2.7 Equipos de instrumentación y control,SI,2024-01-01,9656,OTROS INSTRUMENTOS DE VIGILANCIA Y CONTROL UTILIZADOS EN INSTALACIONES INDUSTRIALES,252.0,Gestionado por Reconecta,Aprovechamiento,REP - 29 - 9315,Eco Industria SAS,Parque Industrial San Jorge,ICETEX,900836968-7,LEONARDO BENAVIDES,test@signify.com,KR 3 18 32,"BOGOTA, D. C.","BOGOTA, D. C.",4.602376,-74.068308,603346.45,508779.23,18N
1. Aparatos electrodomésticos,1.9 Herramientas para el hogar,SI,2024-01-20,10662,TALADRADORAS,2.0,Gestionado por Reconecta,Aprovechamiento,REP - 30 - 9339,Eco Industria SAS,Parque Industrial San Jorge,ICOFARMA,860518583-7,MARIA PAULA,ambiental@ccmetropolis.com.co,KR 21 70A 39,"BOGOTA, D. C.","BOGOTA, D. C.",4.659869,-74.066621,603525.24,515135.43,18N
2. Electrónica y Equipos de Telecomunicación,2.7 Equipos de instrumentación y control,SI,2024-04-14,10804,BASCULA,5.21,Gestionado por Reconecta,Aprovechamiento,REP - 30 - 9339,Eco Industria SAS,Parque Industrial San Jorge,ICONTEC,860007386,ANA LUCIA GOMEZ,enlacesambientales@gmail.com,KR 37 52 02 S,"BOGOTA, D. C.","BOGOTA, D. C.",4.587048,-74.139076,595498.06,507074.87,18N
2. Electrónica y Equipos de Telecomunicación,2.5 Electrónica de consumo,SI,2024-04-14,9615,AMPLIFICADOR DE SONIDO,1.72,Gestionado por Reconecta,Aprovechamiento,REP-86-9030,Eco Industria SAS,Parque Industrial San Jorge,IDIME SA,830143447-3,Ana Maria Suarez,test@portal80.com.co,CL 76 13 52,"BOGOTA, D. C.","BOGOTA, D. C.",4.662383,-74.058237,604454.86,515414.6,18N
2. Electrónica y Equipos de Telecomunicación,"2.10 Periféricos, partes y tarjetas para computadores e impresoras",SI,2024-10-03,11859,TONNER,1.0,Gestionado por Reconecta,Aprovechamiento,REP - 30 - 9339,Eco Industria SAS,Parque Industrial San Jorge,IDIME SA,830143447-3,Ana Maria Suarez,test@portal80.com.co,CL 77 13 35,"BOGOTA, D. C.","BOGOTA, D. C.",4.662808,-74.057798,604503.49,515461.65,18N
2. Electrónica y Equipos de Telecomunicación,"2.10 Periféricos, partes y tarjetas para computadores e impresoras",SI,2024-09-26,11774,MODEM,4.0,Centro de Acopio,Aprovechamiento,REP-86-9030,Eco Industria SAS,Parque Industrial San Jorge,IDIME SA,800087297-6,LUZ STELLA CELIS,co.recepcionfacturase@la.spectrumbrands.com,AK 45 122 68,"BOGOTA, D. C.","BOGOTA, D. C.",4.703344,-74.053993,604919.51,519943.57,18N
2. Electrónica y Equipos de Telecomunicación,"2.10 Periféricos, partes y tarjetas para computadores e impresoras",SI,2024-04-25,9135,"OTROS PRODUCTOS Y APARATOS PARA LA RECOGIDA, ALMACENAMIENTO, PROCESAMIENTO, PRESENTACIÓN O COMUNICACIÓN DE LA INFORMACIÓN DE MANERA ELECTRÓNICA",2.0,Gestionado por Reconecta,Aprovechamiento,REP - 30 - 9339,Eco Industria SAS,Parque Industrial San Jorge,IDIPRON,830142201-4,LUZ DARY LEGUIZAMON,test@mts.com.co,CL 61 7 78,"BOGOTA, D. C.","BOGOTA, D. C.",4.646668,-74.06145,604100.77,513676.8,18N
2. Electrónica y Equipos de Telecomunicación,2.8 Equipos de telecomunicaciones,SI,2024-02-06,10410,"TELÉFONOS; PÚBLICOS, INALÁMBRICOS Y MÓVILES",2.76,Centro de Acopio,Aprovechamiento,REP - 15 - 9316,Eco Industria SAS,Parque Industrial San Jorge,INDUSEL,860010451-1,DANIELA PEÑA,ambiental@casalimpia.com.co,AC 57R S 67 59,"BOGOTA, D. C.","BOGOTA, D. C.",4.595594,-74.160277,593145.06,508016.83,18N
2. Electrónica y Equipos de Telecomunicación,"2.10 Periféricos, partes y tarjetas para computadores e impresoras",SI,2024-10-04,9975,TONNER EN DESUSO,7.0,Gestionado por Reconecta,Aprovechamiento,REP - 15 - 9316,Eco Industria SAS,Parque Industrial San Jorge,INMEL BODEGA PROGRAMADOS,860518583-7,MARIA PAULA,ambiental@ccmetropolis.com.co,CL 15A 69 73,"BOGOTA, D. C.","BOGOTA, D. C.",4.643458,-74.122745,597302.03,513313.2,18N
2. Electrónica y Equipos de Telecomunicación,2.3 Componentes electrónicos,SI,2024-06-23,11677,PANELES FOTOVOLTAICOS,9.0,Gestionado por Reconecta,Aprovechamiento,REP - 29 - 9315,Eco Industria SAS,Parque Industrial San Jorge,INNOVAR SALUD S.A.,860007386,ANA LUCIA GOMEZ,enlacesambientales@gmail.com,KR 49D 91 56,"BOGOTA, D. C.","BOGOTA, D. C.",4.680267,-74.064165,603794.67,517390.84,18N
1. Aparatos electrodomésticos,1.2 Enseres de audio y video,SI,2024-11-25,11583,TELEVISORES,152.0,Gestionado por Reconecta,Aprovechamiento,REP-86-9030,Eco Industria SAS,Parque Industrial San Jorge,INSTITUTO ALEXANDER VON HUMBOLT,830143447-3,Ana Maria Suarez,test@portal80.com.co,CL 28A 15 09,"BOGOTA, D. C.","BOGOTA, D. C.",4.616584,-74.073191,602802.73,510349.24,18N
2. Electrónica y Equipos de Telecomunicación,2.4 Computadores y equipos para tratamiento de datos,SI,2024-09-01,11282,DISCO DURO,358.0,Centro de Acopio,Aprovechamiento,REP - 29 - 9315,Eco Industria SAS,Parque Industrial San Jorge,INSTITUTO CEMODEN,800149695-1,JENNY PRIETO,gestionambiental@cruzverde.com.co,KR 50C 38 08 SUR,"BOGOTA, D. C.","BOGOTA, D. C.",4.598319,-74.12707,596828.4,508322.49,18N
2. Electrónica y Equipos de Telecomunicación,2.8 Equipos de telecomunicaciones,SI,2024-10-05,10451,TERMINALES DE FAX,4.89,Gestionado por Reconecta,Aprovechamiento,REP - 29 - 9315,Eco Industria SAS,Parque Industrial San Jorge,INSTITUTO COLOMBIA AGROPECUARIO ICA,860518583-7,MARIA PAULA,ambiental@ccmetropolis.com.co,KR 28 42 42,"BOGOTA, D. C.","BOGOTA, D. C.",4.633394,-74.078698,602189.42,512206.82,18N
2. Electrónica y Equipos de Telecomunicación,"2.10 Periféricos, partes y tarjetas para computadores e impresoras",SI,2024-02-09,11204,TONER DE IMPRESORA SUELTO,1.2,Centro de Acopio,Aprovechamiento,REP - 30 - 9339,Eco Industria SAS,Parque Industrial San Jorge,INSTITUTO COLOMBIA AGROPECUARIO ICA,900836968-7,LEONARDO BENAVIDES,test@signify.com,AC 26 85B 09,"BOGOTA, D. C.","BOGOTA, D. C.",4.675912,-74.118222,597799.26,516901.63,18N
1. Aparatos electrodomésticos,1.5 Enseres menores de cocina,SI,2024-04-16,11232,OTROS GRANDES APARATOS UTILIZADOS PARA COCINAR Y EN OTROS PROCESOS DE TRANSFORMACION DE LOS ALIMENTOS,67.8,Gestionado por Reconecta,Aprovechamiento,REP - 15 - 9316,Eco Industria SAS,Parque Industrial San Jorge,INSTITUTO COLOMBIANO DE BIENESTAR FAMILIAR - SECCIONAL CMARCA,800087297-6,LUZ STELLA CELIS,co.recepcionfacturase@la.spectrumbrands.com,KR 47 91 74,"BOGOTA, D. C.","BOGOTA, D. C.",4.680029,-74.060346,604218.31,517365.09,18N
2. Electrónica y Equipos de Telecomunicación,2.8 Equipos de telecomunicaciones,SI,2024-06-12,10038,ROUTER,4.0,Centro de Acopio,Aprovechamiento,REP - 29 - 9315,Eco Industria SAS,Parque Industrial San Jorge,INSTITUTO COLOMBIA PARA LA EVALUACION DE LA EDUCACION (ICFES),860007386,ANA LUCIA GOMEZ,enlacesambientales@gmail.com,AC 26 69 01,"BOGOTA, D. C.","BOGOTA, D. C.",4.657838,-74.106789,599069.94,514905.14,18N
2. Electrónica y Equipos de Telecomunicación,2.8 Equipos de telecomunicaciones,SI,2024-05-21,11133,TERMINALES DE FAX,4.0,Centro de Acopio,Aprovechamiento,REP - 29 - 9315,Eco Industria SAS,Parque Industrial San Jorge,INSTITUTO DE PROTECCION Y BIENESTAR ANIMAL - UNIDAD DE CUIDADO ANIMAL,800149695-1,JENNY PRIETO,gestionambiental@cruzverde.com.co,KR 106A 66A 06,"BOGOTA, D. C.","BOGOTA, D. C.",4.701345,-74.12666,596859.81,519712.08,18N
2. Electrónica y Equipos de Telecomunicación,"2.10 Periféricos, partes y tarjetas para computadores e impresoras",SI,2024-07-17,9104,TONNER,1.0,Gestionado por Reconecta,Aprovechamiento,REP - 29 - 9315,Eco Industria SAS,Parque Industrial San Jorge,Instituto Distrital de Gestión de Riesgos y cambio climático IDIGER,830143447-3,Ana Maria Suarez,test@portal80.com.co,DG 47 77A 09,"BOGOTA, D. C.","BOGOTA, D. C.",4.67476,-74.113435,598330.39,516774.94,18N
1. Aparatos electrodomésticos,1.6 Enseres menores del hogar,SI,2024-10-24,9829,ASPIRADORAS,386.17,Centro de Acopio,Aprovechamiento,REP - 30 - 9339,Eco Industria SAS,Parque Industrial San Jorge,INSTITUTO DISTRITAL DE LAS ARTES - CREA MEISSEN,800087297-6,LUZ STELLA CELIS,co.recepcionfacturase@la.spectrumbrands.com,Avenida Boyaca # 62 - 30 sur,"BOGOTA, D. C.","BOGOTA, D. C.",4.5571,-74.13794,595628.05,503764.29,18N
1. Aparatos electrodomésticos,1.1 Cocinas y hornos,SI,2024-09-20,11567,HORNOS DE MICROONDAS,28.0,Gestionado por Reconecta,Aprovechamiento,REP - 30 - 9339,Eco Industria SAS,Parque Industrial San Jorge,INSTITUTO DISTRITAL DE LAS ARTES IDARTES,830142201-4,LUZ DARY LEGUIZAMON,test@mts.com.co,KR 107 70 58,"BOGOTA, D. C.","BOGOTA, D. C.",4.705476,-74.124403,597109.58,520169.08,18N
1. Aparatos electrodomésticos,1.2 Enseres de audio y video,SI,2024-07-10,11827,VIDEOCAMARAS,2.0,Centro de Acopio,Aprovechamiento,REP - 30 - 9339,Eco Industria SAS,Parque Industrial San Jorge,INSTITUTO DISTRITAL DE LAS ARTES IDARTES,900836968-7,LEONARDO BENAVIDES,test@signify.com,KR 25A 10 78,"BOGOTA, D. C.","BOGOTA, D. C.",4.607971,-74.090498,600884.07,509394.59,18N
1. Aparatos electrodomésticos,1.5 Enseres menores de cocina,SI,2024-07-23,10315,OTROS GRANDES APARATOS UTILIZADOS PARA COCINAR Y EN OTROS PROCESOS DE TRANSFORMACION DE LOS ALIMENTOS. APARATOS DE CALEFACCION ELECTRICOS,210.51,Gestionado por Reconecta,Aprovechamiento,REP-86-9030,Eco Industria SAS,Parque Industrial San Jorge,INSTITUTO DISTRITAL DE LAS ARTES IDARTES,860010451-1,DANIELA PEÑA,ambiental@casalimpia.com.co,CL 27A S 13 51,"BOGOTA, D. C.","BOGOTA, D. C.",4.578301,-74.107599,598991.12,506112.16,18N
1. Aparatos electrodomésticos,1.6 Enseres menores del hogar,SI,2024-06-08,10025,"RELOJES Y APARATOS DESTINADOS A MEDIR, INDICAR O REGISTRAR EL TIEMPO",0.2,Gestionado por Reconecta,Aprovechamiento,REP - 30 - 9339,Eco Industria SAS,Parque Industrial San Jorge,INSTITUTO DISTRITAL DE LAS ARTES IDARTES,830143447-3,Ana Maria Suarez,test@portal80.com.co,KR 12D 22 80 S,"BOGOTA, D. C.","BOGOTA, D. C.",4.578667,-74.100265,599804.68,506153.64,18N
1. Aparatos electrodomésticos,1.9 Herramientas para el hogar,SI,2024-07-26,9992,TALADRADORAS,2.0,Centro de Acopio,Aprovechamiento,REP-86-9030,Eco Industria SAS,Parque Industrial San Jorge,INSTITUTO DISTRITAL DE LAS ARTES IDARTES,830142201-4,LUZ DARY LEGUIZAMON,test@mts.com.co,KR 17D BIS 4A 54 SUR,"BOGOTA, D. C.","BOGOTA, D. C.",4.55377,-74.13998,595402.17,503395.89,18N
2. Electrónica y Equipos de Telecomunicación,2.7 Equipos de instrumentación y control,SI,2024-07-12,9148,BASCULA,2.13,Centro de Acopio,Aprovechamiento,REP - 14 - 9308,Eco Industria SAS,Parque Industrial San Jorge,INSTITUTO DISTRITAL DE LAS ARTES IDARTES,900836968-7,LEONARDO BENAVIDES,test@signify.com,KR 7 22 47,"BOGOTA, D. C.","BOGOTA, D. C.",4.608538,-74.070684,603081.99,509460.11,18N
2. Electrónica y Equipos de Telecomunicación,2.6 Equipos de electrónica de potencia,SI,2024-08-14,10566,UPS O FUENTES DE PODER,117.67,Gestionado por Reconecta,Aprovechamiento,REP - 14 - 9308,Eco Industria SAS,Parque Industrial San Jorge,INSTITUTO DISTRITAL DE LAS ARTES IDARTES,830143447-3,Ana Maria Suarez,test@portal80.com.co,KR 3 19 10,"BOGOTA, D. C.","BOGOTA, D. C.",4.60343,-74.06755,603430.39,508895.86,18N
3. Maquinaria y Equipo Eléctrico,3.2 Equipo industrial,SI,2024-02-11,9486,"HERRAMIENTAS PARA MOLDEAR, TORNEAR, PULIR, PUNZAR, PLEGAR, CORTAR Y SOLDAR",32.0,Gestionado por Reconecta,Aprovechamiento,REP-86-9030,Eco Industria SAS,Parque Industrial San Jorge,INSTITUTO DISTRITAL DE LAS ARTES IDARTES,800149695-1,JENNY PRIETO,gestionambiental@cruzverde.com.co,CL 18 1 07,"BOGOTA, D. C.","BOGOTA, D. C.",4.600922,-74.066709,603524.05,508618.72,18N
2. Electrónica y Equipos de Telecomunicación,2.8 Equipos de telecomunicaciones,SI,2024-09-27,10856,TELÉFONOS CONVENCIONALES,6.0,Centro de Acopio,Aprovechamiento,REP - 14 - 9308,Eco Industria SAS,Parque Industrial San Jorge,INSTITUTO DISTRITAL DE LAS ARTES IDARTES,830142201-4,LUZ DARY LEGUIZAMON,test@mts.com.co,CL 7 36 05,"BOGOTA, D. C.","BOGOTA, D. C.",4.612178,-74.10266,599534.33,509857.97,18N
2. Electrónica y Equipos de Telecomunicación,2.8 Equipos de telecomunicaciones,SI,2024-10-07,9568,"TELÉFONOS; PÚBLICOS, INALÁMBRICOS Y MÓVILES",4.0,Gestionado por Reconecta,Aprovechamiento,REP - 29 - 9315,Eco Industria SAS,Parque Industrial San Jorge,INSTITUTO DISTRITAL DE LAS ARTES IDARTES,830143447-3,Ana Maria Suarez,test@portal80.com.co,AC 8 S 36 21,"BOGOTA, D. C.","BOGOTA, D. C.",4.602537,-74.111697,598533.18,508790.9,18N
2. Electrónica y Equipos de Telecomunicación,2.4 Computadores y equipos para tratamiento de datos,SI,2024-05-19,10335,DM - IMPRESORAS Y SCANNER,30.3,Centro de Acopio,Aprovechamiento,REP - 14 - 9308,Eco Industria SAS,Parque Industrial San Jorge,INSTITUTO DISTRITAL DE LAS ARTES IDARTES,900836968-7,LEONARDO BENAVIDES,test@signify.com,KR 44 20A 42,"BOGOTA, D. C.","BOGOTA, D. C.",4.628074,-74.100384,599784.59,511615.6,18N
1. Aparatos electrodomésticos,1.4 Enseres menores de calentamiento,SI,2024-04-04,10681,APARATOS ELECTRODOMESTICOS/HORNOS ELECTRICOS,45.0,Centro de Acopio,Aprovechamiento,REP - 15 - 9316,Eco Industria SAS,Parque Industrial San Jorge,INSTITUTO DISTRITAL DE LAS ARTES IDARTES,830143447-3,Ana Maria Suarez,test@portal80.com.co,KR 3D 100 45 S,"BOGOTA, D. C.","BOGOTA, D. C.",4.49632,-74.112207,598491.04,497048.51,18N
1. Aparatos electrodomésticos,1.6 Enseres menores del hogar,SI,2024-08-20,9022,ASPIRADORAS,27.72,Gestionado por Reconecta,Aprovechamiento,REP - 30 - 9339,Eco Industria SAS,Parque Industrial San Jorge,INSTITUTO DISTRITAL DE LAS ARTES IDARTES,800149695-1,JENNY PRIETO,gestionambiental@cruzverde.com.co,CL 70A S 80I 15,"BOGOTA, D. C.","BOGOTA, D. C.",4.606137,-74.192424,589577.64,509178.23,18N
1. Aparatos electrodomésticos,1.2 Enseres de audio y video,SI,2024-06-29,10727,VIDEOCAMARAS,3.0,Gestionado por Reconecta,Aprovechamiento,REP - 29 - 9315,Eco Industria SAS,Parque Industrial San Jorge,INSTITUTO DISTRITAL DE LAS ARTES IDARTES,860010451-1,DANIELA PEÑA,ambiental@casalimpia.com.co,CL 68 S 78H 37,"BOGOTA, D. C.","BOGOTA, D. C.",4.602944,-74.188332,590031.96,508825.77,18N
2. Electrónica y Equipos de Telecomunicación,2.6 Equipos de electrónica de potencia,SI,2024-11-21,9349,UPS O FUENTES DE PODER,174.6,Gestionado por Reconecta,Aprovechamiento,REP - 15 - 9316,Eco Industria SAS,Parque Industrial San Jorge,INSTITUTO DISTRITAL DE LAS ARTES IDARTES,860007386,ANA LUCIA GOMEZ,enlacesambientales@gmail.com,KR 75 8B 89,"BOGOTA, D. C.","BOGOTA, D. C.",4.640964,-74.139244,595472.21,513035.24,18N
3. Maquinaria y Equipo Eléctrico,3.4 Equipos de iluminación,SI,2024-01-24,11096,TUBOS FLUORESCENTES - SIGNIFY,1.8,Centro de Acopio,Aprovechamiento,REP-86-9030,Eco Industria SAS,Parque Industrial San Jorge,INSTITUTO DISTRITAL DE LAS ARTES IDARTES,860007386,ANA LUCIA GOMEZ,enlacesambientales@gmail.com,AV BOYACÁ 43A 62,"BOGOTA, D. C.","BOGOTA, D. C.",4.60057,-74.14395,594955.58,508569.07,18N
2. Electrónica y Equipos de Telecomunicación,2.7 Equipos de instrumentación y control,SI,2024-12-19,9432,BASCULA,4.17,Gestionado por Reconecta,Aprovechamiento,REP-86-9030,Eco Industria SAS,Parque Industrial San Jorge,INSTITUTO DISTRITAL DE LAS ARTES IDARTES,860518583-7,MARIA PAULA,ambiental@ccmetropolis.com.co,AC 55 S 79G 09,"BOGOTA, D. C.","BOGOTA, D. C.",4.614058,-74.174505,591564.36,510056.16,18N
2. Electrónica y Equipos de Telecomunicación,2.4 Computadores y equipos para tratamiento de datos,SI,2024-12-25,10654,SERVIDORES,3.0,Centro de Acopio,Aprovechamiento,REP - 30 - 9339,Eco Industria SAS,Parque Industrial San Jorge,INSTITUTO DISTRITAL DE LAS ARTES IDARTES,860007386,ANA LUCIA GOMEZ,enlacesambientales@gmail.com,CL 20C 96C 51,"BOGOTA, D. C.","BOGOTA, D. C.",4.671283,-74.138846,595512.27,516387.06,18N
1. Aparatos electrodomésticos,1.2 Enseres de audio y video,SI,2024-10-16,10998,VIDEOCAMARAS,4.0,Centro de Acopio,Aprovechamiento,REP - 29 - 9315,Eco Industria SAS,Parque Industrial San Jorge,INSTITUTO DISTRITAL DE LAS ARTES IDARTES,860007386,ANA LUCIA GOMEZ,enlacesambientales@gmail.com,CL 23G 111 16,"BOGOTA, D. C.","BOGOTA, D. C.",4.687515,-74.142815,595069.84,518180.96,18N
1. Aparatos electrodomésticos,1.4 Enseres menores de calentamiento,SI,2024-04-29,10406,PLANCHAS Y OTROS APARATOS UTILIZADOS PARA PLANCHAR Y PARA DAR OTRO TIPO DE CUIDADOR A LA ROPA,6.0,Centro de Acopio,Aprovechamiento,REP - 29 - 9315,Eco Industria SAS,Parque Industrial San Jorge,INSTITUTO DISTRITAL DE LAS ARTES IDARTES,800087297-6,LUZ STELLA CELIS,co.recepcionfacturase@la.spectrumbrands.com,CL 78 77B 86,"BOGOTA, D. C.","BOGOTA, D. C.",4.697816,-74.095843,600278.42,519326.29,18N
1. Aparatos electrodomésticos,1.6 Enseres menores del hogar,SI,2024-08-28,10233,VENTILADORES ELECTRICOS,0.8,Centro de Acopio,Aprovechamiento,REP-86-9030,Eco Industria SAS,Parque Industrial San Jorge,INSTITUTO DISTRITAL DE LAS ARTES IDARTES,830142201-4,LUZ DARY LEGUIZAMON,test@mts.com.co,CL 146B 91 44,"BOGOTA, D. C.","BOGOTA, D. C.",4.7402,-74.084818,601495.13,524013.5,18N
2. Electrónica y Equipos de Telecomunicación,2.8 Equipos de telecomunicaciones,SI,2024-09-25,9463,"TELÉFONOS; PÚBLICOS, INALÁMBRICOS Y MÓVILES",3.54,Gestionado por Reconecta,Aprovechamiento,REP - 15 - 9316,Eco Industria SAS,Parque Industrial San Jorge,INSTITUTO DISTRITAL DE LAS ARTES IDARTES,900836968-7,LEONARDO BENAVIDES,test@signify.com,CL 146A 94A 05,"BOGOTA, D. C.","BOGOTA, D. C.",4.740445,-74.086528,601305.44,524040.34,18N
2. Electrónica y Equipos de Telecomunicación,"2.10 Periféricos, partes y tarjetas para computadores e impresoras",SI,2024-03-20,11878,ups,25.8,Centro de Acopio,Aprovechamiento,REP-86-9030,Eco Industria SAS,Parque Industrial San Jorge,INSTITUTO DISTRITAL DE LAS ARTES IDARTES,860010451-1,DANIELA PEÑA,ambiental@casalimpia.com.co,KR 28A 77 70,"BOGOTA, D. C.","BOGOTA, D. C.",4.669855,-74.066969,603485.17,516239.35,18N
2. Electrónica y Equipos de Telecomunicación,"2.10 Periféricos, partes y tarjetas para computadores e impresoras",SI,2024-07-13,10232,Tonner De Impresora / Aprovechamiento,15.0,Gestionado por Reconecta,Aprovechamiento,REP-86-9030,Eco Industria SAS,Parque Industrial San Jorge,INSTITUTO DISTRITAL DE LAS ARTES IDARTES,830142201-4,LUZ DARY LEGUIZAMON,test@mts.com.co,KR 55 75 40,"BOGOTA, D. C.","BOGOTA, D. C.",4.672725,-74.074371,602663.71,516555.55,18N
1. Aparatos electrodomésticos,1.5 Enseres menores de cocina,SI,2024-11-05,9686,OTROS GRANDES APARATOS UTILIZADOS PARA COCINAR Y EN OTROS PROCESOS DE TRANSFORMACION DE LOS ALIMENTOS. APARATOS DE CALEFACCION ELECTRICOS,145.0,Centro de Acopio,Aprovechamiento,REP - 15 - 9316,Eco Industria SAS,Parque Industrial San Jorge,INSTITUTO DISTRITAL DE LAS ARTES - NUEVA CINEMATECA,830142201-4,LUZ DARY LEGUIZAMON,test@mts.com.co,CL 19 2A 20,"BOGOTA, D. C.","BOGOTA, D. C.",4.60301,-74.06759,603426.01,508849.43,18N
2. Electrónica y Equipos de Telecomunicación,"2.10 Periféricos, partes y tarjetas para computadores e impresoras",SI,2024-03-22,11840,"PERIFERICOS (MOUSE, TECLADO, AUDIFONOS, CAMARAS Y OTROS)",62.42,Centro de Acopio,Aprovechamiento,REP - 15 - 9316,Eco Industria SAS,Parque Industrial San Jorge,INSTITUTO DISTRITAL DE LAS ARTES - PLANETARIO,860518583-7,MARIA PAULA,ambiental@ccmetropolis.com.co,CL 23 5 93,"BOGOTA, D. C.","BOGOTA, D. C.",4.608455,-74.069483,603215.23,509451.11,18N
3. Maquinaria y Equipo Eléctrico,3.4 Equipos de iluminación,SI,2024-07-05,9368,BOMBILLOS COMPACTOS - SIGNIFY,0.2,Gestionado por Reconecta,Aprovechamiento,REP - 15 - 9316,Eco Industria SAS,Parque Industrial San Jorge,INSTITUTO DISTRITAL DE LAS ARTES - SEDE PRINCIPAL,860007386,ANA LUCIA GOMEZ,enlacesambientales@gmail.com,KR 8 15 46,"BOGOTA, D. C.","BOGOTA, D. C.",4.602583,-74.073948,602720.76,508801.3,18N
1. Aparatos electrodomésticos,1.6 Enseres menores del hogar,SI,2024-02-19,11892,MAQUINAS DE COSER,119.2,Centro de Acopio,Aprovechamiento,REP - 30 - 9339,Eco Industria SAS,Parque Industrial San Jorge,INSTITUTO GEOGRAFICO AGUSTIN CODAZZI,860007386,ANA LUCIA GOMEZ,enlacesambientales@gmail.com,AK 30 48 51,"BOGOTA, D. C.","BOGOTA, D. C.",4.638791,-74.0796,602088.59,512803.34,18N
3. Maquinaria y Equipo Eléctrico,3.4 Equipos de iluminación,SI,2024-08-09,11100,TUBOS FLUORESCENTES - SIGNIFY,1.8,Gestionado por Reconecta,Aprovechamiento,REP-86-9030,Eco Industria SAS,Parque Industrial San Jorge,INSTITUTO NACIONAL DE CANCEROLOGÍA,800149695-1,JENNY PRIETO,gestionambiental@cruzverde.com.co,CL 1 9 50,"BOGOTA, D. C.","BOGOTA, D. C.",4.588856,-74.084049,601602.17,507282.32,18N
2. Electrónica y Equipos de Telecomunicación,2.4 Computadores y equipos para tratamiento de datos,SI,2024-10-26,9024,ORDENADORES PERSONALES O PORTATILES,11.0,Centro de Acopio,Aprovechamiento,REP - 29 - 9315,Eco Industria SAS,Parque Industrial San Jorge,INSTITUTO NACIONAL DE SALUD,860010451-1,DANIELA PEÑA,ambiental@casalimpia.com.co,AC 26 51 20,"BOGOTA, D. C.","BOGOTA, D. C.",4.641435,-74.094944,600386.15,513093.44,18N
2. Electrónica y Equipos de Telecomunicación,"2.10 Periféricos, partes y tarjetas para computadores e impresoras",SI,2024-06-12,10314,MODEM,35.62,Gestionado por Reconecta,Aprovechamiento,REP - 30 - 9339,Eco Industria SAS,Parque Industrial San Jorge,INSTITUTO NACIONAL PARA SORDOS,860007386,ANA LUCIA GOMEZ,enlacesambientales@gmail.com,KR 89A 64C 30,"BOGOTA, D. C.","BOGOTA, D. C.",4.686783,-74.114594,598200.16,518103.93,18N
2. Electrónica y Equipos de Telecomunicación,"2.10 Periféricos, partes y tarjetas para computadores e impresoras",SI,2024-04-01,10311,CD,13.98,Gestionado por Reconecta,Aprovechamiento,REP-86-9030,Eco Industria SAS,Parque Industrial San Jorge,INSTITUTO NACIONAL PEDAGOGICO,860007386,ANA LUCIA GOMEZ,enlacesambientales@gmail.com,AC 127 11 20,"BOGOTA, D. C.","BOGOTA, D. C.",4.704174,-74.034783,607050.12,520038.24,18N
2. Electrónica y Equipos de Telecomunicación,"2.10 Periféricos, partes y tarjetas para computadores e impresoras",SI,2024-08-05,9204,TONER DE IMPRESORA/APROVECHAMIENTO,10.0,Centro de Acopio,Aprovechamiento,REP - 14 - 9308,Eco Industria SAS,Parque Industrial San Jorge,INTEGRADA DE SERVICIOS DE SALUD CENTRO ORIENTE E.S.E,800087297-6,LUZ STELLA CELIS,co.recepcionfacturase@la.spectrumbrands.com,KR 12D  26A - 62 Sur,"BOGOTA, D. C.","BOGOTA, D. C.",4.575959,-74.102385,599569.87,505853.97,18N
1. Aparatos electrodomésticos,1.5 Enseres menores de cocina,SI,2024-11-09,9048,OTROS GRANDES APARATOS UTILIZADOS PARA COCINAR Y EN OTROS PROCESOS DE TRANSFORMACION DE LOS ALIMENTOS,67.8,Centro de Acopio,Aprovechamiento,REP-86-9030,Eco Industria SAS,Parque Industrial San Jorge,INTEGRADA DE SERVICIOS DE SALUD NORTE E.S.E,900836968-7,LEONARDO BENAVIDES,test@signify.com,CL 75 69 H 05,"BOGOTA, D. C.","BOGOTA, D. C.",4.68543,-74.08638,601329.82,517958.37,18N
2. Electrónica y Equipos de Telecomunicación,2.3 Componentes electrónicos,SI,2024-01-10,11176,PANELES FOTOVOLTAICOS,3.0,Gestionado por Reconecta,Aprovechamiento,REP - 29 - 9315,Eco Industria SAS,Parque Industrial San Jorge,INTEGRADA DE SERVICIOS DE SALUD SUR OCCIDENTE E.S.E,860007386,ANA LUCIA GOMEZ,enlacesambientales@gmail.com,CL 10 86 58 ,"BOGOTA, D. C.","BOGOTA, D. C.",4.65202,-74.14875,594416.29,514256.2,18N
1. Aparatos electrodomésticos,1.4 Enseres menores de calentamiento,SI,2024-07-21,9645,FREIDORAS,102.0,Gestionado por Reconecta,Aprovechamiento,REP-86-9030,Eco Industria SAS,Parque Industrial San Jorge,INTERASEO S.A. E.P.S.,860010451-1,DANIELA PEÑA,ambiental@casalimpia.com.co,AK 50 17 15,"BOGOTA, D. C.","BOGOTA, D. C.",4.630187,-74.105056,599266.04,511848.54,18N
2. Electrónica y Equipos de Telecomunicación,"2.10 Periféricos, partes y tarjetas para computadores e impresoras",SI,2024-04-20,11942,TONER DE IMPRESORA SUELTO,6.0,Centro de Acopio,Aprovechamiento,REP-86-9030,Eco Industria SAS,Parque Industrial San Jorge,INTERNACIONAL DE ELÉCTRICO S.A.S BOGOTÁ CALLE 22,900836968-7,LEONARDO BENAVIDES,test@signify.com,CL 22B 30 32,"BOGOTA, D. C.","BOGOTA, D. C.",4.622513,-74.085576,601428.01,511002.92,18N
2. Electrónica y Equipos de Telecomunicación,2.8 Equipos de telecomunicaciones,SI,2024-12-14,10826,ROUTER,4.0,Gestionado por Reconecta,Aprovechamiento,REP - 15 - 9316,Eco Industria SAS,Parque Industrial San Jorge,INTERNACIONAL DE ELÉCTRICO S.A.S (LUMIELECTRICOS),800087297-6,LUZ STELLA CELIS,co.recepcionfacturase@la.spectrumbrands.com,AvenidaCaracas 64-23 Sur,"BOGOTA, D. C.","BOGOTA, D. C.",4.65181,-74.06443,603769.45,514244.82,18N
1. Aparatos electrodomésticos,1.2 Enseres de audio y video,SI,2024-07-07,9216,APARATOS DE GRABACION DE VIDEO,3.0,Centro de Acopio,Aprovechamiento,REP-86-9030,Eco Industria SAS,Parque Industrial San Jorge,INVERSIONES AJOVECO S.A,800087297-6,LUZ STELLA CELIS,co.recepcionfacturase@la.spectrumbrands.com,CL 93B 15 31,"BOGOTA, D. C.","BOGOTA, D. C.",4.678722,-74.051322,605219.46,517221.94,18N
1. Aparatos electrodomésticos,1.9 Herramientas para el hogar,SI,2024-01-09,9476,TALADRADORAS,2.0,Centro de Acopio,Aprovechamiento,REP - 30 - 9339,Eco Industria SAS,Parque Industrial San Jorge,INVESTIGACIONES Y DESARROLLO FARMOQUÍMICO LTDA - IDEFAR LTDA,860518583-7,MARIA PAULA,ambiental@ccmetropolis.com.co,KR 25 39A 75,"BOGOTA, D. C.","BOGOTA, D. C.",4.630057,-74.076212,602465.67,511838.27,18N
1. Aparatos electrodomésticos,1.1 Cocinas y hornos,SI,2024-02-19,9410,HORNOS ELECTRICOS,630.0,Centro de Acopio,Aprovechamiento,REP - 30 - 9339,Eco Industria SAS,Parque Industrial San Jorge,INVIMA BOGOTA,830143447-3,Ana Maria Suarez,test@portal80.com.co,KR 10 64 28,"BOGOTA, D. C.","BOGOTA, D. C.",4.650017,-74.061604,604083.19,514047.01,18N
2. Electrónica y Equipos de Telecomunicación,2.4 Computadores y equipos para tratamiento de datos,SI,2024-09-24,11255,TABLETAS,2.6,Centro de Acopio,Aprovechamiento,REP - 14 - 9308,Eco Industria SAS,Parque Industrial San Jorge,IPS ESPECIALIZADA BOGOTÁ,860518583-7,MARIA PAULA,ambiental@ccmetropolis.com.co,AUTOPISTA NORTE 103B - 35,"BOGOTA, D. C.","BOGOTA, D. C.",4.69111,-74.05709,604577.83,518590.6,18N
2. Electrónica y Equipos de Telecomunicación,2.4 Computadores y equipos para tratamiento de datos,SI,2024-11-25,11888,DM - IMPRESORAS Y SCANNER,30.3,Gestionado por Reconecta,Aprovechamiento,REP - 30 - 9339,Eco Industria SAS,Parque Industrial San Jorge,IPS MEDICAS No 1 SAS,800149695-1,JENNY PRIETO,gestionambiental@cruzverde.com.co,AV. CIUDAD DE CALI KR 86 37 - 08 SUR,"BOGOTA, D. C.","BOGOTA, D. C.",4.63483,-74.16238,592906.66,512354.06,18N
2. Electrónica y Equipos de Telecomunicación,2.4 Computadores y equipos para tratamiento de datos,SI,2024-10-06,9623,EQUIPOS DE COMPUTO DE MESA,46.0,Centro de Acopio,Aprovechamiento,REP - 15 - 9316,Eco Industria SAS,Parque Industrial San Jorge,JARDÍN BOTÁNICO DE BOGOTÁ,800087297-6,LUZ STELLA CELIS,co.recepcionfacturase@la.spectrumbrands.com,AV 63 68 95,"BOGOTA, D. C.","BOGOTA, D. C.",4.668424,-74.097145,600138.19,516076.79,18N
1. Aparatos electrodomésticos,1.6 Enseres menores del hogar,SI,2024-08-12,11233,OTROS APARATOS DE LIMPIEZA QUE NO SEAN ASPIRADORAS O LIMPIA MOQUETAS,30.4,Gestionado por Reconecta,Aprovechamiento,REP - 29 - 9315,Eco Industria SAS,Parque Industrial San Jorge,JEFATURA DE INGENIEROS DEL EJERCITO PUENTE ARANDA,830142201-4,LUZ DARY LEGUIZAMON,test@mts.com.co,AK 50 18 06 S,"BOGOTA, D. C.","BOGOTA, D. C.",4.604615,-74.119977,597614.39,509019.48,18N
2. Electrónica y Equipos de Telecomunicación,"2.10 Periféricos, partes y tarjetas para computadores e impresoras",SI,2024-09-14,11317,Tonner De Impresora / Aprovechamiento,1.0,Centro de Acopio,Aprovechamiento,REP - 15 - 9316,Eco Industria SAS,Parque Industrial San Jorge,Jerónimo Martins Colombia,800149695-1,JENNY PRIETO,gestionambiental@cruzverde.com.co,CL 142 104 60,"BOGOTA, D. C.","BOGOTA, D. C.",4.745842,-74.09713,600128.79,524635.44,18N
3. Maquinaria y Equipo Eléctrico,3.4 Equipos de iluminación,SI,2024-12-11,9043,TUBOS FLUORESCENTES - SIGNIFY,1.8,Gestionado por Reconecta,Aprovechamiento,REP-86-9030,Eco Industria SAS,Parque Industrial San Jorge,Jhoan manuel mendoza ramirez,860010451-1,DANIELA PEÑA,ambiental@casalimpia.com.co,KR 78B 76A 4 Sur,"BOGOTA, D. C.","BOGOTA, D. C.",4.6070556449,-74.2067864535,587984.32,509278.0,18N
1. Aparatos electrodomésticos,1.2 Enseres de audio y video,SI,2024-06-10,11740,TELEVISORES,50.0,Centro de Acopio,Aprovechamiento,REP - 14 - 9308,Eco Industria SAS,Parque Industrial San Jorge,Jorge vega,830142201-4,LUZ DARY LEGUIZAMON,test@mts.com.co,CL 163B 50 80,"BOGOTA, D. C.","BOGOTA, D. C.",4.746484908,-74.052620415,605065.26,524713.11,18N
2. Electrónica y Equipos de Telecomunicación,"2.10 Periféricos, partes y tarjetas para computadores e impresoras",SI,2024-12-04,11711,CD,19.0,Centro de Acopio,Aprovechamiento,REP - 14 - 9308,Eco Industria SAS,Parque Industrial San Jorge,Juan Carlos peña Fonseca,830143447-3,Ana Maria Suarez,test@portal80.com.co,KR 49 132 2,"BOGOTA, D. C.","BOGOTA, D. C.",4.718496086,-74.055453873,604755.21,521618.45,18N
1. Aparatos electrodomésticos,1.6 Enseres menores del hogar,SI,2024-03-14,9452,OTROS APARATOS DE LIMPIEZA QUE NO SEAN ASPIRADORAS O LIMPIA MOQUETAS,2.05,Centro de Acopio,Aprovechamiento,REP - 29 - 9315,Eco Industria SAS,Parque Industrial San Jorge,JULIETH ESTEPHANNIA CAJAMARCA RODRIGUEZ,830143447-3,Ana Maria Suarez,test@portal80.com.co,CL 30C Sur 1 52 Este,"BOGOTA, D. C.","BOGOTA, D. C.",4.561930836,-74.091626575,600765.32,504304.65,18N
2. Electrónica y Equipos de Telecomunicación,2.8 Equipos de telecomunicaciones,SI,2024-05-04,9149,TELEFONOS INALAMBRICOS,6.0,Centro de Acopio,Aprovechamiento,REP - 14 - 9308,Eco Industria SAS,Parque Industrial San Jorge,JULIETH ESTEPHANNIA CAJAMARCA RODRIGUEZ,900836968-7,LEONARDO BENAVIDES,test@signify.com,CL 30C Sur 1 52 Este,"BOGOTA, D. C.","BOGOTA, D. C.",4.561930836,-74.091626575,600765.32,504304.65,18N
3. Maquinaria y Equipo Eléctrico,3.2 Equipo industrial,SI,2024-11-02,10443,"HERRAMIENTAS PARA MOLDEAR, TORNEAR, PULIR, PUNZAR, PLEGAR, CORTAR Y SOLDAR",32.0,Gestionado por Reconecta,Aprovechamiento,REP - 30 - 9339,Eco Industria SAS,Parque Industrial San Jorge,JUMBO CALLE 170,830143447-3,Ana Maria Suarez,test@portal80.com.co,CL 170 69 47,"BOGOTA, D. C.","BOGOTA, D. C.",4.759294,-74.064612,603733.35,526127.38,18N
1. Aparatos electrodomésticos,1.5 Enseres menores de cocina,SI,2024-01-30,11400,"MOLINOS, CAFETERAS Y APARATOS PARA ABRIR O PRECINTAR ENVASES O PAQUETES",210.0,Centro de Acopio,Aprovechamiento,REP-86-9030,Eco Industria SAS,Parque Industrial San Jorge,JUMBO CALLE 80,800087297-6,LUZ STELLA CELIS,co.recepcionfacturase@la.spectrumbrands.com,DG 80 69Q 50,"BOGOTA, D. C.","BOGOTA, D. C.",4.691063,-74.083974,601595.88,518581.45,18N
2. Electrónica y Equipos de Telecomunicación,2.8 Equipos de telecomunicaciones,SI,2024-04-05,10507,TELÉFONOS CONVENCIONALES,6.0,Gestionado por Reconecta,Aprovechamiento,REP-86-9030,Eco Industria SAS,Parque Industrial San Jorge,JUMBO CARRERA 30,830143447-3,Ana Maria Suarez,test@portal80.com.co,KR 32 17B 04,"BOGOTA, D. C.","BOGOTA, D. C.",4.618614,-74.090544,600877.46,510571.18,18N
1. Aparatos electrodomésticos,1.4 Enseres menores de calentamiento,SI,2024-01-13,10020,APARATOS ELECTRODOMESTICOS/HORNOS ELECTRICOS,45.0,Gestionado por Reconecta,Aprovechamiento,REP-86-9030,Eco Industria SAS,Parque Industrial San Jorge,JUMBO CIUDAD DE CALI SUBA,900836968-7,LEONARDO BENAVIDES,test@signify.com,AC 146A 106 20,"BOGOTA, D. C.","BOGOTA, D. C.",4.7583,-74.10502,599251.93,526011.55,18N
2. Electrónica y Equipos de Telecomunicación,"2.10 Periféricos, partes y tarjetas para computadores e impresoras",SI,2024-10-27,11134,"PERIFERICOS (MOUSE, TECLADO, AUDIFONOS, CAMARAS Y OTROS)",6.0,Gestionado por Reconecta,Aprovechamiento,REP - 15 - 9316,Eco Industria SAS,Parque Industrial San Jorge,JUMBO DE LA CARRERA 30,860518583-7,MARIA PAULA,ambiental@ccmetropolis.com.co,KR 32 17B 04,"BOGOTA, D. C.","BOGOTA, D. C.",4.618614,-74.090544,600877.46,510571.18,18N
3. Maquinaria y Equipo Eléctrico,3.4 Equipos de iluminación,SI,2024-04-27,10735,APARATOS DE ALUMBRADO,66.0,Centro de Acopio,Aprovechamiento,REP - 14 - 9308,Eco Industria SAS,Parque Industrial San Jorge,JUMBO HAYUELOS,830143447-3,Ana Maria Suarez,test@portal80.com.co,AK 86 19A 50,"BOGOTA, D. C.","BOGOTA, D. C.",4.66336,-74.132128,596258.52,515512.08,18N
2. Electrónica y Equipos de Telecomunicación,2.4 Computadores y equipos para tratamiento de datos,SI,2024-03-19,9918,SERVIDORES,32.0,Gestionado por Reconecta,Aprovechamiento,REP - 30 - 9339,Eco Industria SAS,Parque Industrial San Jorge,JUSTICIA ESPECIAL PARA LA PAZ,800087297-6,LUZ STELLA CELIS,co.recepcionfacturase@la.spectrumbrands.com,KR 7 63 44,"BOGOTA, D. C.","BOGOTA, D. C.",4.648157,-74.059511,604315.63,513841.7,18N
3. Maquinaria y Equipo Eléctrico,3.9 Otros aparatos y sistemas,SI,2024-08-05,11233,MAQUINA EXPENDEDORA AUTOMATICAS DE DINERO,611.46,Gestionado por Reconecta,Aprovechamiento,REP-86-9030,Eco Industria SAS,Parque Industrial San Jorge,KENWORTHCOLOMBIA,800087297-6,LUZ STELLA CELIS,co.recepcionfacturase@la.spectrumbrands.com,AC 13 69 64,"BOGOTA, D. C.","BOGOTA, D. C.",4.643593,-74.123586,597208.72,513328.01,18N
2. Electrónica y Equipos de Telecomunicación,2.8 Equipos de telecomunicaciones,SI,2024-07-17,10150,TELÉFONOS CONVENCIONALES,3.0,Gestionado por Reconecta,Aprovechamiento,REP - 30 - 9339,Eco Industria SAS,Parque Industrial San Jorge,KTRONIX BELLA SUIZA,800149695-1,JENNY PRIETO,gestionambiental@cruzverde.com.co,KR 7 128 40,"BOGOTA, D. C.","BOGOTA, D. C.",4.70725,-74.02872,607722.15,520379.23,18N
2. Electrónica y Equipos de Telecomunicación,2.5 Electrónica de consumo,SI,2024-10-09,11048,AMPLIFICADOR DE SONIDO,9.81,Gestionado por Reconecta,Aprovechamiento,REP - 14 - 9308,Eco Industria SAS,Parque Industrial San Jorge,KTRONIX CHICÓ,860518583-7,MARIA PAULA,ambiental@ccmetropolis.com.co,KR 15 94 07,"BOGOTA, D. C.","BOGOTA, D. C.",4.679639,-74.05055,605304.96,517323.44,18N
3. Maquinaria y Equipo Eléctrico,3.12 Refrigeración y equipos de acondicionamiento de aire industriales,SI,2024-03-22,10079,MÁQUINAS DISPENSADORAS DE BEBIDAS CALIENTES,14.2,Centro de Acopio,Aprovechamiento,REP - 15 - 9316,Eco Industria SAS,Parque Industrial San Jorge,KTRONIX SALITRE,900836968-7,LEONARDO BENAVIDES,test@signify.com,KR 68B 25B 80,"BOGOTA, D. C.","BOGOTA, D. C.",4.65517,-74.105605,599201.65,514610.35,18N
2. Electrónica y Equipos de Telecomunicación,"2.10 Periféricos, partes y tarjetas para computadores e impresoras",SI,2024-06-20,11749,"PERIFERICOS (MOUSE, TECLADO, AUDIFONOS, CAMARAS Y OTROS)",28.79,Gestionado por Reconecta,Aprovechamiento,REP - 30 - 9339,Eco Industria SAS,Parque Industrial San Jorge,KTRONIX SUBA,800087297-6,LUZ STELLA CELIS,co.recepcionfacturase@la.spectrumbrands.com,TV 91 135 56,"BOGOTA, D. C.","BOGOTA, D. C.",4.734,-74.085664,601402.2,523327.96,18N
1. Aparatos electrodomésticos,1.5 Enseres menores de cocina,SI,2024-07-22,10707,"MOLINOS, CAFETERAS Y APARATOS PARA ABRIR O PRECINTAR ENVASES O PAQUETES",211.0,Gestionado por Reconecta,Aprovechamiento,REP-86-9030,Eco Industria SAS,Parque Industrial San Jorge,KTRONIX UNICENTRO,900836968-7,LEONARDO BENAVIDES,test@signify.com,AK 122 15 59,"BOGOTA, D. C.","BOGOTA, D. C.",4.69854,-74.043677,606064.47,519414.03,18N
2. Electrónica y Equipos de Telecomunicación,"2.10 Periféricos, partes y tarjetas para computadores e impresoras",SI,2024-04-07,10872,TONER DE IMPRESORA SUELTOS,18.0,Centro de Acopio,Aprovechamiento,REP - 29 - 9315,Eco Industria SAS,Parque Industrial San Jorge,KYROVET LABORATORIES S.A.,900836968-7,LEONARDO BENAVIDES,test@signify.com,KR 65B 17 59,"BOGOTA, D. C.","BOGOTA, D. C.",4.638638,-74.113426,598336.41,512781.64,18N
2. Electrónica y Equipos de Telecomunicación,2.8 Equipos de telecomunicaciones,SI,2024-09-12,10949,TELÉFONOS CONVENCIONALES,3.85,Gestionado por Reconecta,Aprovechamiento,REP - 15 - 9316,Eco Industria SAS,Parque Industrial San Jorge,LABORATORIO BUSSIÉ,860010451-1,DANIELA PEÑA,ambiental@casalimpia.com.co,AK 39 19 68,"BOGOTA, D. C.","BOGOTA, D. C.",4.623723,-74.092543,600654.99,511135.7,18N
2. Electrónica y Equipos de Telecomunicación,2.7 Equipos de instrumentación y control,SI,2024-09-30,9199,BASCULA,2.1,Gestionado por Reconecta,Aprovechamiento,REP-86-9030,Eco Industria SAS,Parque Industrial San Jorge,LABORATORIO EXPOFARMA S.A,800149695-1,JENNY PRIETO,gestionambiental@cruzverde.com.co,CL 71C 29B 07,"BOGOTA, D. C.","BOGOTA, D. C.",4.666369,-74.073027,602813.71,515853.08,18N
1. Aparatos electrodomésticos,1.5 Enseres menores de cocina,SI,2024-11-05,10322,OTROS GRANDES APARATOS UTILIZADOS PARA COCINAR Y EN OTROS PROCESOS DE TRANSFORMACION DE LOS ALIMENTOS. APARATOS DE CALEFACCION ELECTRICOS,145.0,Centro de Acopio,Aprovechamiento,REP - 15 - 9316,Eco Industria SAS,Parque Industrial San Jorge,LABORATORIO HOMEOPÁTICO LONDON,860518583-7,MARIA PAULA,ambiental@ccmetropolis.com.co,AC 63 16A 21,"BOGOTA, D. C.","BOGOTA, D. C.",4.649938,-74.067393,603441.06,514037.43,18N
2. Electrónica y Equipos de Telecomunicación,"2.10 Periféricos, partes y tarjetas para computadores e impresoras",SI,2024-01-03,11415,TONNER Y CARTUCHOS EN DESUSO,4.0,Gestionado por Reconecta,Aprovechamiento,REP - 15 - 9316,Eco Industria SAS,Parque Industrial San Jorge,LABORATORIO NUTRIABIOTICS,800149695-1,JENNY PRIETO,gestionambiental@cruzverde.com.co,KR 16A 160 42,"BOGOTA, D. C.","BOGOTA, D. C.",4.739379,-74.038925,606585.33,523929.63,18N
2. Electrónica y Equipos de Telecomunicación,2.4 Computadores y equipos para tratamiento de datos,SI,2024-02-08,10917,DISCO DURO,1.2,Centro de Acopio,Aprovechamiento,REP - 14 - 9308,Eco Industria SAS,Parque Industrial San Jorge,LABORATORIO QUIDECA S.A,830143447-3,Ana Maria Suarez,test@portal80.com.co,CL 100 17A 36,"BOGOTA, D. C.","BOGOTA, D. C.",4.685964,-74.050757,605281.05,518022.65,18N
3. Maquinaria y Equipo Eléctrico,3.4 Equipos de iluminación,SI,2024-01-25,11264,APARATOS DE ALUMBRADO,139.78,Centro de Acopio,Aprovechamiento,REP - 29 - 9315,Eco Industria SAS,Parque Industrial San Jorge,LABORATORIOS ALLERGAN,860007386,ANA LUCIA GOMEZ,enlacesambientales@gmail.com,CL 113 7 21,"BOGOTA, D. C.","BOGOTA, D. C.",4.691688,-74.034651,607066.67,518657.89,18N
2. Electrónica y Equipos de Telecomunicación,2.4 Computadores y equipos para tratamiento de datos,SI,2024-01-01,9854,TABLETAS,1.38,Centro de Acopio,Aprovechamiento,REP - 14 - 9308,Eco Industria SAS,Parque Industrial San Jorge,LABORATORIOS BAGÓ DE COLOMBIA,830143447-3,Ana Maria Suarez,test@portal80.com.co,KR 51 96 11,"BOGOTA, D. C.","BOGOTA, D. C.",4.685667,-74.062111,604021.7,517988.12,18N
2. Electrónica y Equipos de Telecomunicación,2.7 Equipos de instrumentación y control,SI,2024-06-04,10994,BASCULA,5.6,Gestionado por Reconecta,Aprovechamiento,REP - 15 - 9316,Eco Industria SAS,Parque Industrial San Jorge,LABORATORIOS BAXTER,800149695-1,JENNY PRIETO,gestionambiental@cruzverde.com.co,TV 23 97 73,"BOGOTA, D. C.","BOGOTA, D. C.",4.685514,-74.05631,604665.18,517972.07,18N
2. Electrónica y Equipos de Telecomunicación,2.4 Computadores y equipos para tratamiento de datos,SI,2024-11-21,10334,ORDENADORES PERSONALES O PORTATILES,135.0,Centro de Acopio,Aprovechamiento,REP-86-9030,Eco Industria SAS,Parque Industrial San Jorge,LABORATORIOS BLAU FARMACEUTICA,800087297-6,LUZ STELLA CELIS,co.recepcionfacturase@la.spectrumbrands.com,CL 110 9 25,"BOGOTA, D. C.","BOGOTA, D. C.",4.691015,-74.038598,606628.97,518582.89,18N
1. Aparatos electrodomésticos,1.4 Enseres menores de calentamiento,SI,2024-04-28,10128,Sanduchera / Tostadora,6.8,Centro de Acopio,Aprovechamiento,REP - 30 - 9339,Eco Industria SAS,Parque Industrial San Jorge,LABORATORIOS CALLBEST LTDA.,800149695-1,JENNY PRIETO,gestionambiental@cruzverde.com.co,KR 19B 168 16,"BOGOTA, D. C.","BOGOTA, D. C.",4.748884,-74.042295,606210.1,524979.91,18N
1. Aparatos electrodomésticos,1.4 Enseres menores de calentamiento,SI,2024-01-15,11027,APARATOS DE CALEFACCIÓN ELÉCTRICOS,46.54,Centro de Acopio,Aprovechamiento,REP - 29 - 9315,Eco Industria SAS,Parque Industrial San Jorge,LABORATORIOS CHALVER DE COLOMBIA S.A.,860010451-1,DANIELA PEÑA,ambiental@casalimpia.com.co,KR 106 15A 25,"BOGOTA, D. C.","BOGOTA, D. C.",4.671194,-74.155867,593624.32,516374.93,18N
2. Electrónica y Equipos de Telecomunicación,2.4 Computadores y equipos para tratamiento de datos,SI,2024-05-19,10423,ORDENADORES PERSONALES O PORTATILES,5.7,Gestionado por Reconecta,Aprovechamiento,REP - 30 - 9339,Eco Industria SAS,Parque Industrial San Jorge,LABORATORIOS CHALVER DE COLOMBIA S.A.,800087297-6,LUZ STELLA CELIS,co.recepcionfacturase@la.spectrumbrands.com,AV 68 # 37 B - 31 SUR,"BOGOTA, D. C.","BOGOTA, D. C.",4.60068,-74.13473,595978.35,508582.47,18N
2. Electrónica y Equipos de Telecomunicación,"2.10 Periféricos, partes y tarjetas para computadores e impresoras",SI,2024-05-16,10564,"OTROS PRODUCTOS Y APARATOS PARA LA RECOGIDA, ALMACENAMIENTO, PROCESAMIENTO, PRESENTACIÓN O COMUNICACIÓN DE LA INFORMACIÓN DE MANERA ELECTRÓNICA",2.0,Centro de Acopio,Aprovechamiento,REP - 30 - 9339,Eco Industria SAS,Parque Industrial San Jorge,LABORATORIOS COASPHARMA,860010451-1,DANIELA PEÑA,ambiental@casalimpia.com.co,CL 18A 28A 43,"BOGOTA, D. C.","BOGOTA, D. C.",4.616733,-74.088402,601115.34,510363.54,18N
2. Electrónica y Equipos de Telecomunicación,2.8 Equipos de telecomunicaciones,SI,2024-04-22,11067,"TELÉFONOS; PÚBLICOS, INALÁMBRICOS Y MÓVILES",2.38,Centro de Acopio,Aprovechamiento,REP - 29 - 9315,Eco Industria SAS,Parque Industrial San Jorge,LABORATORIOS ESKO LTDA,830143447-3,Ana Maria Suarez,test@portal80.com.co,CL 36 S 4B 30,"BOGOTA, D. C.","BOGOTA, D. C.",4.562254,-74.100162,599818.37,504339.19,18N
1. Aparatos electrodomésticos,1.4 Enseres menores de calentamiento,SI,2024-05-13,11870,Sanduchera / Tostadora,6.8,Gestionado por Reconecta,Aprovechamiento,REP - 30 - 9339,Eco Industria SAS,Parque Industrial San Jorge,LABORATORIO SIEGFRIED S.A.S,830142201-4,LUZ DARY LEGUIZAMON,test@mts.com.co,CL 17 42 09,"BOGOTA, D. C.","BOGOTA, D. C.",4.623532,-74.098545,599989.22,511113.74,18N
2. Electrónica y Equipos de Telecomunicación,"2.10 Periféricos, partes y tarjetas para computadores e impresoras",SI,2024-10-20,11391,Tonner De Impresora / Aprovechamiento,2.0,Gestionado por Reconecta,Aprovechamiento,REP - 15 - 9316,Eco Industria SAS,Parque Industrial San Jorge,LABORATORIOS LEGRAND,860010451-1,DANIELA PEÑA,ambiental@casalimpia.com.co,CL 19 68B 50,"BOGOTA, D. C.","BOGOTA, D. C.",4.644794,-74.115641,598089.86,513461.88,18N
2. Electrónica y Equipos de Telecomunicación,2.5 Electrónica de consumo,SI,2024-04-02,11139,AMPLIFICADOR DE SONIDO,3.2,Centro de Acopio,Aprovechamiento,REP - 30 - 9339,Eco Industria SAS,Parque Industrial San Jorge,LABORATORIOS MEMPHIS,830143447-3,Ana Maria Suarez,test@portal80.com.co,CL 17 34 64,"BOGOTA, D. C.","BOGOTA, D. C.",4.619717,-74.094061,600487.17,510692.62,18N
2. Electrónica y Equipos de Telecomunicación,"2.10 Periféricos, partes y tarjetas para computadores e impresoras",SI,2024-12-12,10673,TONNER,1.0,Gestionado por Reconecta,Aprovechamiento,REP - 29 - 9315,Eco Industria SAS,Parque Industrial San Jorge,LABORATORIOS MEREY LTDA,830143447-3,Ana Maria Suarez,test@portal80.com.co,KR 14 10 45 S,"BOGOTA, D. C.","BOGOTA, D. C.",4.586278,-74.094184,600478.21,506995.89,18N
2. Electrónica y Equipos de Telecomunicación,"2.10 Periféricos, partes y tarjetas para computadores e impresoras",SI,2024-12-02,10207,TONNER,1.0,Centro de Acopio,Aprovechamiento,REP-86-9030,Eco Industria SAS,Parque Industrial San Jorge,LABORATORIOS PFIZER,800087297-6,LUZ STELLA CELIS,co.recepcionfacturase@la.spectrumbrands.com,TV 55 95 66,"BOGOTA, D. C.","BOGOTA, D. C.",4.68524,-74.06342,603876.57,517940.72,18N
2. Electrónica y Equipos de Telecomunicación,2.8 Equipos de telecomunicaciones,SI,2024-08-04,9154,"TELÉFONOS; PÚBLICOS, INALÁMBRICOS Y MÓVILES",4.0,Centro de Acopio,Aprovechamiento,REP-86-9030,Eco Industria SAS,Parque Industrial San Jorge,LABORATORIOS SYNTHESIS S.A.S,830142201-4,LUZ DARY LEGUIZAMON,test@mts.com.co,KR 44 20C 73,"BOGOTA, D. C.","BOGOTA, D. C.",4.630279,-74.098808,599959.1,511859.59,18N
3. Maquinaria y Equipo Eléctrico,3.4 Equipos de iluminación,SI,2024-11-11,9691,TUBOS FLUORESCENTES - SIGNIFY,1.8,Centro de Acopio,Aprovechamiento,REP - 14 - 9308,Eco Industria SAS,Parque Industrial San Jorge,LABORATORIOS VETERLAND LTDA.,800149695-1,JENNY PRIETO,gestionambiental@cruzverde.com.co,KR 19B 168 16,"BOGOTA, D. C.","BOGOTA, D. C.",4.748884,-74.042295,606210.1,524979.91,18N
2. Electrónica y Equipos de Telecomunicación,2.4 Computadores y equipos para tratamiento de datos,SI,2024-04-10,10760,DISCO DURO,0.4,Gestionado por Reconecta,Aprovechamiento,REP-86-9030,Eco Industria SAS,Parque Industrial San Jorge,LABORATORISO ZOO,800149695-1,JENNY PRIETO,gestionambiental@cruzverde.com.co,CL 30C 3A 36,"BOGOTA, D. C.","BOGOTA, D. C.",4.615728,-74.064598,603756.08,510255.86,18N
1. Aparatos electrodomésticos,1.4 Enseres menores de calentamiento,SI,2024-05-06,11578,APARATOS ELECTRODOMESTICOS,63.2,Gestionado por Reconecta,Aprovechamiento,REP-86-9030,Eco Industria SAS,Parque Industrial San Jorge,LABOTATORIOS REMO,860007386,ANA LUCIA GOMEZ,enlacesambientales@gmail.com,KR 34 17B 13,"BOGOTA, D. C.","BOGOTA, D. C.",4.620508,-74.09251,600659.11,510780.28,18N
2. Electrónica y Equipos de Telecomunicación,"2.10 Periféricos, partes y tarjetas para computadores e impresoras",SI,2024-07-07,9824,TONNER Y CARTUCHOS EN DESUSO,4.0,Centro de Acopio,Aprovechamiento,REP - 15 - 9316,Eco Industria SAS,Parque Industrial San Jorge,Lady Diana Soler Fernández,830142201-4,LUZ DARY LEGUIZAMON,test@mts.com.co,KR 17 163A 23,"BOGOTA, D. C.","BOGOTA, D. C.",4.743128553,-74.04061783,606397.0,524343.89,18N
2. Electrónica y Equipos de Telecomunicación,2.7 Equipos de instrumentación y control,SI,2024-11-10,11762,BASCULA,4.99,Centro de Acopio,Aprovechamiento,REP - 15 - 9316,Eco Industria SAS,Parque Industrial San Jorge,LAFRANCOL SEDE ADMINISTRATIVA,900836968-7,LEONARDO BENAVIDES,test@signify.com,CL 108 51 45,"BOGOTA, D. C.","BOGOTA, D. C.",4.696915,-74.061516,604086.03,519231.7,18N
1. Aparatos electrodomésticos,1.5 Enseres menores de cocina,SI,2024-08-20,9479,"MOLINOS, CAFETERAS Y APARATOS PARA ABRIR O PRECINTAR ENVASES O PAQUETES",211.0,Centro de Acopio,Aprovechamiento,REP - 15 - 9316,Eco Industria SAS,Parque Industrial San Jorge,LA REBAJA COUNTRY,860518583-7,MARIA PAULA,ambiental@ccmetropolis.com.co,KR 15 80 88,"BOGOTA, D. C.","BOGOTA, D. C.",4.667276,-74.056508,604645.92,515955.79,18N
3. Maquinaria y Equipo Eléctrico,3.2 Equipo industrial,SI,2024-07-06,11936,"HERRAMIENTAS PARA MOLDEAR, TORNEAR, PULIR, PUNZAR, PLEGAR, CORTAR Y SOLDAR",32.0,Gestionado por Reconecta,Aprovechamiento,REP - 29 - 9315,Eco Industria SAS,Parque Industrial San Jorge,LA REBAJA DEPÓSITO,860518583-7,MARIA PAULA,ambiental@ccmetropolis.com.co,CL 13 42 10,"BOGOTA, D. C.","BOGOTA, D. C.",4.621485,-74.099696,599861.83,510887.28,18N
2. Electrónica y Equipos de Telecomunicación,2.4 Computadores y equipos para tratamiento de datos,SI,2024-06-13,9982,ORDENADORES PERSONALES O PORTATILES,11.0,Centro de Acopio,Aprovechamiento,REP - 30 - 9339,Eco Industria SAS,Parque Industrial San Jorge,LA REBAJA FONTIBÓN,900836968-7,LEONARDO BENAVIDES,test@signify.com,AK 97 22A 52,"BOGOTA, D. C.","BOGOTA, D. C.",4.675612,-74.138608,595538.09,516865.66,18N
3. Maquinaria y Equipo Eléctrico,3.11 Pilas y acumuladores,SI,2024-05-05,9594,PILAS,4.86,Gestionado por Reconecta,Aprovechamiento,REP - 29 - 9315,Eco Industria SAS,Parque Industrial San Jorge,LA REBAJA FONTIBÓN 2,830143447-3,Ana Maria Suarez,test@portal80.com.co,CL 98 17 20,"BOGOTA, D. C.","BOGOTA, D. C.",4.684641,-74.050248,605337.71,517876.47,18N
2. Electrónica y Equipos de Telecomunicación,"2.10 Periféricos, partes y tarjetas para computadores e impresoras",SI,2024-05-04,11460,Tonner De Impresora / Aprovechamiento,2.0,Gestionado por Reconecta,Aprovechamiento,REP - 15 - 9316,Eco Industria SAS,Parque Industrial San Jorge,LA REBAJA KENNEDY AV 1 MAYO,900836968-7,LEONARDO BENAVIDES,test@signify.com,TV 73D 39A 95 S,"BOGOTA, D. C.","BOGOTA, D. C.",4.617288,-74.152633,593990.17,510416.09,18N
2. Electrónica y Equipos de Telecomunicación,2.3 Componentes electrónicos,SI,2024-12-07,9869,PANELES FOTOVOLTAICOS,28.0,Gestionado por Reconecta,Aprovechamiento,REP-86-9030,Eco Industria SAS,Parque Industrial San Jorge,LA REBAJA LA ESTRADA 1,900836968-7,LEONARDO BENAVIDES,test@signify.com,CL 72 68H 19,"BOGOTA, D. C.","BOGOTA, D. C.",4.680586,-74.088668,601076.73,517422.53,18N
2. Electrónica y Equipos de Telecomunicación,2.4 Computadores y equipos para tratamiento de datos,SI,2024-05-08,11745,SERVIDORES,28.59,Centro de Acopio,Aprovechamiento,REP - 14 - 9308,Eco Industria SAS,Parque Industrial San Jorge,LA REBAJA NIZA,900836968-7,LEONARDO BENAVIDES,test@signify.com,TV 60 122 03,"BOGOTA, D. C.","BOGOTA, D. C.",4.707215,-74.07149,602978.22,520368.91,18N
3. Maquinaria y Equipo Eléctrico,3.11 Pilas y acumuladores,SI,2024-03-12,9137,PILAS,0.9,Centro de Acopio,Aprovechamiento,REP - 30 - 9339,Eco Industria SAS,Parque Industrial San Jorge,LA REBAJA No. 106 BOSA CENTRO,830143447-3,Ana Maria Suarez,test@portal80.com.co,CL 65 S 80A 27,"BOGOTA, D. C.","BOGOTA, D. C.",4.6078,-74.18501,590399.86,509363.01,18N
1. Aparatos electrodomésticos,1.2 Enseres de audio y video,SI,2024-11-27,11252,APARATOS DE GRABACION DE VIDEO,3.0,Centro de Acopio,Aprovechamiento,REP - 15 - 9316,Eco Industria SAS,Parque Industrial San Jorge,LA REBAJA NO. 116 BOGOTÁ HEROES,830143447-3,Ana Maria Suarez,test@portal80.com.co,KR 20 78 42,"BOGOTA, D. C.","BOGOTA, D. C.",4.665905,-74.060402,604214.19,515803.64,18N
3. Maquinaria y Equipo Eléctrico,3.12 Refrigeración y equipos de acondicionamiento de aire industriales,SI,2024-09-25,11610,MÁQUINAS DISPENSADORAS DE BEBIDAS CALIENTES,14.2,Gestionado por Reconecta,Aprovechamiento,REP-86-9030,Eco Industria SAS,Parque Industrial San Jorge,LA REBAJA NO. 25 BOGOTÁ GAITANA,800087297-6,LUZ STELLA CELIS,co.recepcionfacturase@la.spectrumbrands.com,CL 139 126,"BOGOTA, D. C.","BOGOTA, D. C.",4.74501,-74.10765,598962.14,524541.95,18N
2. Electrónica y Equipos de Telecomunicación,"2.10 Periféricos, partes y tarjetas para computadores e impresoras",SI,2024-08-17,9126,TONER DE IMPRESORA Y CARTUCHOS USADOS,10.0,Centro de Acopio,Aprovechamiento,REP - 15 - 9316,Eco Industria SAS,Parque Industrial San Jorge,LA REBAJA No 9 CASTELLANA,860007386,ANA LUCIA GOMEZ,enlacesambientales@gmail.com,AC 100 47A 79,"BOGOTA, D. C.","BOGOTA, D. C.",4.68747,-74.060586,604190.59,518187.67,18N
2. Electrónica y Equipos de Telecomunicación,2.8 Equipos de telecomunicaciones,SI,2024-11-08,11420,TERMINALES DE TELEX,16.0,Centro de Acopio,Aprovechamiento,REP-86-9030,Eco Industria SAS,Parque Industrial San Jorge,LA REBAJA PALERMO No 1,800087297-6,LUZ STELLA CELIS,co.recepcionfacturase@la.spectrumbrands.com,KR 19 45 04,"BOGOTA, D. C.","BOGOTA, D. C.",4.633413,-74.071793,602955.38,512209.92,18N
2. Electrónica y Equipos de Telecomunicación,2.7 Equipos de instrumentación y control,SI,2024-05-07,10644,OTROS INSTRUMENTOS DE VIGILANCIA Y CONTROL UTILIZADOS EN INSTALACIONES INDUSTRIALES,13.25,Centro de Acopio,Aprovechamiento,REP - 30 - 9339,Eco Industria SAS,Parque Industrial San Jorge,LA REBAJA PARQUE NACIONAL,800149695-1,JENNY PRIETO,gestionambiental@cruzverde.com.co,KR 13 38 41,"BOGOTA, D. C.","BOGOTA, D. C.",4.626448,-74.067473,603435.6,511440.56,18N
1. Aparatos electrodomésticos,1.4 Enseres menores de calentamiento,SI,2024-12-18,9286,FREIDORAS,2826.09,Gestionado por Reconecta,Aprovechamiento,REP-86-9030,Eco Industria SAS,Parque Industrial San Jorge,LA REBAJA PLUS 8 USAQUEN 2,830142201-4,LUZ DARY LEGUIZAMON,test@mts.com.co,KR 7 124 15,"BOGOTA, D. C.","BOGOTA, D. C.",4.699805,-74.02905,607686.69,519556.11,18N
2. Electrónica y Equipos de Telecomunicación,2.4 Computadores y equipos para tratamiento de datos,SI,2024-11-22,9361,MONITORES,23.8,Centro de Acopio,Aprovechamiento,REP - 29 - 9315,Eco Industria SAS,Parque Industrial San Jorge,LA REBAJA PLUS CALLE 174,860518583-7,MARIA PAULA,ambiental@ccmetropolis.com.co,CL 174A 45 24,"BOGOTA, D. C.","BOGOTA, D. C.",4.75488,-74.046658,605725.28,525642.12,18N
2. Electrónica y Equipos de Telecomunicación,2.4 Computadores y equipos para tratamiento de datos,SI,2024-02-21,10070,CPU,22.88,Gestionado por Reconecta,Aprovechamiento,REP - 29 - 9315,Eco Industria SAS,Parque Industrial San Jorge,LA REBAJA RIONEGRO,830142201-4,LUZ DARY LEGUIZAMON,test@mts.com.co,KR 58 94B 06,"BOGOTA, D. C.","BOGOTA, D. C.",4.683778,-74.065031,603698.09,517778.86,18N
3. Maquinaria y Equipo Eléctrico,3.9 Otros aparatos y sistemas,SI,2024-06-15,11929,MAQUINA EXPENDEDORA AUTOMATICAS DE DINERO,37.0,Gestionado por Reconecta,Aprovechamiento,REP-86-9030,Eco Industria SAS,Parque Industrial San Jorge,LA REBAJA SANTA ISABEL,830143447-3,Ana Maria Suarez,test@portal80.com.co,AK 30 2B 53,"BOGOTA, D. C.","BOGOTA, D. C.",4.603391,-74.101068,599712.16,508886.78,18N
1. Aparatos electrodomésticos,1.2 Enseres de audio y video,SI,2024-09-03,9112,"OTROS PRODUCTOS O APARATOS UTILIZADOS PARA REGISTRAR O REPRODUCIR SONIDO O IMAGENES, INCLUIDAS LAS SEÑALES Y TECNOLOGIAS DE DISTRIBUCION DEL SONIDO E IMAGEN DE LA COMUNICACION",639.0,Centro de Acopio,Aprovechamiento,REP - 30 - 9339,Eco Industria SAS,Parque Industrial San Jorge,LA REBAJA SUBA RINCÓN,860010451-1,DANIELA PEÑA,ambiental@casalimpia.com.co,CL 129B 92B 11,"BOGOTA, D. C.","BOGOTA, D. C.",4.725117,-74.090733,600841.28,522345.19,18N
2. Electrónica y Equipos de Telecomunicación,"2.10 Periféricos, partes y tarjetas para computadores e impresoras",SI,2024-06-26,11923,"PERIFERICOS (MOUSE, TECLADO, AUDIFONOS, CAMARAS Y OTROS)",17.0,Gestionado por Reconecta,Aprovechamiento,REP - 15 - 9316,Eco Industria SAS,Parque Industrial San Jorge,LA REBAJA SUBAZAR,860518583-7,MARIA PAULA,ambiental@ccmetropolis.com.co,CL 134A 91 03,"BOGOTA, D. C.","BOGOTA, D. C.",4.733169,-74.086151,601348.31,523236.02,18N
2. Electrónica y Equipos de Telecomunicación,"2.10 Periféricos, partes y tarjetas para computadores e impresoras",SI,2024-07-28,9619,TONNER,1.0,Centro de Acopio,Aprovechamiento,REP-86-9030,Eco Industria SAS,Parque Industrial San Jorge,LA REBAJA VENECIA,860010451-1,DANIELA PEÑA,ambiental@casalimpia.com.co,KR 53 50 02 S,"BOGOTA, D. C.","BOGOTA, D. C.",4.590519,-74.138538,595557.28,507458.66,18N
2. Electrónica y Equipos de Telecomunicación,"2.10 Periféricos, partes y tarjetas para computadores e impresoras",SI,2024-04-04,9620,ups,25.8,Gestionado por Reconecta,Aprovechamiento,REP - 30 - 9339,Eco Industria SAS,Parque Industrial San Jorge,La Recetta,860010451-1,DANIELA PEÑA,ambiental@casalimpia.com.co,KR 16 95 70,"BOGOTA, D. C.","BOGOTA, D. C.",4.681893,-74.050152,605348.77,517572.68,18N
2. Electrónica y Equipos de Telecomunicación,2.4 Computadores y equipos para tratamiento de datos,SI,2024-12-11,11895,CPU,583.2,Gestionado por Reconecta,Aprovechamiento,REP - 30 - 9339,Eco Industria SAS,Parque Industrial San Jorge,La Rueda Avenida Suba,860007386,ANA LUCIA GOMEZ,enlacesambientales@gmail.com,TV 55 # 97 - 65,"BOGOTA, D. C.","BOGOTA, D. C.",4.685796,-74.064154,603795.07,518002.08,18N
2. Electrónica y Equipos de Telecomunicación,"2.10 Periféricos, partes y tarjetas para computadores e impresoras",SI,2024-06-20,10446,TONER DE IMPRESORA Y CARTUCHOS USADOS,10.0,Gestionado por Reconecta,Aprovechamiento,REP-86-9030,Eco Industria SAS,Parque Industrial San Jorge,La Rueda S.A.S,860010451-1,DANIELA PEÑA,ambiental@casalimpia.com.co,KR 69F 63 01,"BOGOTA, D. C.","BOGOTA, D. C.",4.669527,-74.098692,599966.44,516198.51,18N
2. Electrónica y Equipos de Telecomunicación,"2.10 Periféricos, partes y tarjetas para computadores e impresoras",SI,2024-06-09,9959,ups,25.8,Centro de Acopio,Aprovechamiento,REP - 14 - 9308,Eco Industria SAS,Parque Industrial San Jorge,La Rueda S.A.S,800149695-1,JENNY PRIETO,gestionambiental@cruzverde.com.co,TV 55 97 35,"BOGOTA, D. C.","BOGOTA, D. C.",4.685604,-74.063854,603828.38,517980.9,18N
1. Aparatos electrodomésticos,1.4 Enseres menores de calentamiento,SI,2024-01-29,11505,APARATOS ELECTRODOMESTICOS/HORNOS DE MICROONDAS,21.7,Gestionado por Reconecta,Aprovechamiento,REP - 29 - 9315,Eco Industria SAS,Parque Industrial San Jorge,La Rueda S.A.S.,860007386,ANA LUCIA GOMEZ,enlacesambientales@gmail.com,CL 78 69 50,"BOGOTA, D. C.","BOGOTA, D. C.",4.685845,-74.083829,601612.72,518004.62,18N
2. Electrónica y Equipos de Telecomunicación,2.7 Equipos de instrumentación y control,SI,2024-06-29,11382,BASCULA,5.6,Gestionado por Reconecta,Aprovechamiento,REP - 15 - 9316,Eco Industria SAS,Parque Industrial San Jorge,La Rueda S.A.S.,800149695-1,JENNY PRIETO,gestionambiental@cruzverde.com.co,KR 32 17B 04,"BOGOTA, D. C.","BOGOTA, D. C.",4.618614,-74.090544,600877.46,510571.18,18N
3. Maquinaria y Equipo Eléctrico,3.11 Pilas y acumuladores,SI,2024-10-27,10798,PILAS,13.07,Gestionado por Reconecta,Aprovechamiento,REP-86-9030,Eco Industria SAS,Parque Industrial San Jorge,La Rueda S.A.S.,800087297-6,LUZ STELLA CELIS,co.recepcionfacturase@la.spectrumbrands.com,CL 17 120 60,"BOGOTA, D. C.","BOGOTA, D. C.",4.686147,-74.15832,593350.25,518027.65,18N
1. Aparatos electrodomésticos,1.4 Enseres menores de calentamiento,SI,2024-11-27,9499,APARATOS ELECTRODOMESTICOS/HORNOS DE MICROONDAS,21.7,Centro de Acopio,Aprovechamiento,REP - 30 - 9339,Eco Industria SAS,Parque Industrial San Jorge,La Rueda S.A.S.,860007386,ANA LUCIA GOMEZ,enlacesambientales@gmail.com,AK 86 26 48 S,"BOGOTA, D. C.","BOGOTA, D. C.",4.637128,-74.15987,593184.79,512608.43,18N
2. Electrónica y Equipos de Telecomunicación,"2.10 Periféricos, partes y tarjetas para computadores e impresoras",SI,2024-09-01,9551,Tonner De Impresora / Aprovechamiento,8.41,Gestionado por Reconecta,Aprovechamiento,REP - 30 - 9339,Eco Industria SAS,Parque Industrial San Jorge,La Rueda S.A.S.,830142201-4,LUZ DARY LEGUIZAMON,test@mts.com.co,AK 30 63C 72,"BOGOTA, D. C.","BOGOTA, D. C.",4.655478,-74.07765,602302.49,514648.39,18N
1. Aparatos electrodomésticos,1.2 Enseres de audio y video,SI,2024-08-31,11522,APARATOS DE GRABACION DE VIDEO,3.0,Gestionado por Reconecta,Aprovechamiento,REP-86-9030,Eco Industria SAS,Parque Industrial San Jorge,La Rueda S.A.S.,860007386,ANA LUCIA GOMEZ,enlacesambientales@gmail.com,CL 170 69 47,"BOGOTA, D. C.","BOGOTA, D. C.",4.759294,-74.064612,603733.35,526127.38,18N
1. Aparatos electrodomésticos,1.2 Enseres de audio y video,SI,2024-08-07,9743,VIDEOCAMARAS,66.2,Centro de Acopio,Aprovechamiento,REP-86-9030,Eco Industria SAS,Parque Industrial San Jorge,La Rueda S.A.S.,830143447-3,Ana Maria Suarez,test@portal80.com.co,AC 13 53 16,"BOGOTA, D. C.","BOGOTA, D. C.",4.628989,-74.108902,598839.58,511715.56,18N
1. Aparatos electrodomésticos,1.2 Enseres de audio y video,SI,2024-11-29,11724,"OTROS PRODUCTOS O APARATOS UTILIZADOS PARA REGISTRAR O REPRODUCIR SONIDO O IMAGENES, INCLUIDAS LAS SEÑALES Y TECNOLOGIAS DE DISTRIBUCION DEL SONIDO E IMAGEN DE LA COMUNICACION",453.7,Centro de Acopio,Aprovechamiento,REP - 30 - 9339,Eco Industria SAS,Parque Industrial San Jorge,La Rueda S.A.S. Jumbo Calle 80,900836968-7,LEONARDO BENAVIDES,test@signify.com,AC 80 # 69Q - 50,"BOGOTA, D. C.","BOGOTA, D. C.",4.691188,-74.083922,601601.63,518595.28,18N
2. Electrónica y Equipos de Telecomunicación,2.8 Equipos de telecomunicaciones,SI,2024-12-15,9330,TELÉFONOS CONVENCIONALES,16.31,Centro de Acopio,Aprovechamiento,REP-86-9030,Eco Industria SAS,Parque Industrial San Jorge,La Rueda S.A.S. Paloquemao,860518583-7,MARIA PAULA,ambiental@ccmetropolis.com.co,AK 19 # 30 - 71,"BOGOTA, D. C.","BOGOTA, D. C.",4.670173,-74.057711,604512.05,516275.88,18N
2. Electrónica y Equipos de Telecomunicación,"2.10 Periféricos, partes y tarjetas para computadores e impresoras",SI,2024-08-12,10203,Tonner De Impresora / Aprovechamiento,2.0,Gestionado por Reconecta,Aprovechamiento,REP - 29 - 9315,Eco Industria SAS,Parque Industrial San Jorge,Laura Añez,800149695-1,JENNY PRIETO,gestionambiental@cruzverde.com.co,KR 14 134A 65,"BOGOTA, D. C.","BOGOTA, D. C.",4.717473289,-74.041983011,606249.49,521507.42,18N
1. Aparatos electrodomésticos,1.6 Enseres menores del hogar,SI,2024-09-12,11409,"RELOJES Y APARATOS DESTINADOS A MEDIR, INDICAR O REGISTRAR EL TIEMPO",27.23,Gestionado por Reconecta,Aprovechamiento,REP - 29 - 9315,Eco Industria SAS,Parque Industrial San Jorge,Leen Sofia casallad Pineda,830143447-3,Ana Maria Suarez,test@portal80.com.co,CL 67 5 27,"BOGOTA, D. C.","BOGOTA, D. C.",4.649956353,-74.057272512,604563.68,514040.95,18N
2. Electrónica y Equipos de Telecomunicación,2.4 Computadores y equipos para tratamiento de datos,SI,2024-05-24,9119,CPU,583.2,Centro de Acopio,Aprovechamiento,REP-86-9030,Eco Industria SAS,Parque Industrial San Jorge,LENOVO ASIA PACIFIC LIMITED SUCURSAL COLOMBIA,860518583-7,MARIA PAULA,ambiental@ccmetropolis.com.co,CL 99 # 14 - 49,"BOGOTA, D. C.","BOGOTA, D. C.",4.6836,-74.0479,605598.31,517761.73,18N
2. Electrónica y Equipos de Telecomunicación,"2.10 Periféricos, partes y tarjetas para computadores e impresoras",SI,2024-10-29,10037,"OTROS PRODUCTOS Y APARATOS PARA LA RECOGIDA, ALMACENAMIENTO, PROCESAMIENTO, PRESENTACIÓN O COMUNICACIÓN DE LA INFORMACIÓN DE MANERA ELECTRÓNICA",1.89,Gestionado por Reconecta,Aprovechamiento,REP - 30 - 9339,Eco Industria SAS,Parque Industrial San Jorge,LIBERTY SEGUROS,860518583-7,MARIA PAULA,ambiental@ccmetropolis.com.co,CL 72 10 07,"BOGOTA, D. C.","BOGOTA, D. C.",4.656487,-74.058054,604476.03,514762.81,18N
1. Aparatos electrodomésticos,1.6 Enseres menores del hogar,SI,2024-10-16,10604,"RELOJES Y APARATOS DESTINADOS A MEDIR, INDICAR O REGISTRAR EL TIEMPO",45.0,Centro de Acopio,Aprovechamiento,REP - 29 - 9315,Eco Industria SAS,Parque Industrial San Jorge,Lito S.A.S,800149695-1,JENNY PRIETO,gestionambiental@cruzverde.com.co,CL 12B 36 81,"BOGOTA, D. C.","BOGOTA, D. C.",4.618219,-74.098089,600040.55,510526.45,18N
2. Electrónica y Equipos de Telecomunicación,2.8 Equipos de telecomunicaciones,SI,2024-05-10,10561,TERMINALES DE TELEX,16.0,Centro de Acopio,Aprovechamiento,REP - 14 - 9308,Eco Industria SAS,Parque Industrial San Jorge,Llantas Y Rines El Boyaco,860518583-7,MARIA PAULA,ambiental@ccmetropolis.com.co,DG 7 # 38 - 37,"BOGOTA, D. C.","BOGOTA, D. C.",4.614898,-74.104262,599356.25,510158.44,18N
2. Electrónica y Equipos de Telecomunicación,"2.10 Periféricos, partes y tarjetas para computadores e impresoras",SI,2024-01-27,9062,Tonner De Impresora / Aprovechamiento,15.0,Centro de Acopio,Aprovechamiento,REP - 15 - 9316,Eco Industria SAS,Parque Industrial San Jorge,Llanta Y Rines El Boyaco S.A.S.,800087297-6,LUZ STELLA CELIS,co.recepcionfacturase@la.spectrumbrands.com,DG 7 38 37,"BOGOTA, D. C.","BOGOTA, D. C.",4.614918,-74.104102,599373.99,510160.68,18N
2. Electrónica y Equipos de Telecomunicación,"2.10 Periféricos, partes y tarjetas para computadores e impresoras",SI,2024-04-24,10066,TONNER Y CARTUCHOS EN DESUSO,4.0,Gestionado por Reconecta,Aprovechamiento,REP - 29 - 9315,Eco Industria SAS,Parque Industrial San Jorge,LOCATEL CEDRITOS,860518583-7,MARIA PAULA,ambiental@ccmetropolis.com.co,KR 9 139 47,"BOGOTA, D. C.","BOGOTA, D. C.",4.71754,-74.03265,607284.66,521516.22,18N
1. Aparatos electrodomésticos,1.4 Enseres menores de calentamiento,SI,2024-05-21,10966,APARATOS ELECTRODOMESTICOS/HORNOS ELECTRICOS,45.0,Centro de Acopio,Aprovechamiento,REP - 30 - 9339,Eco Industria SAS,Parque Industrial San Jorge,LOCATEL CHAPINERO,900836968-7,LEONARDO BENAVIDES,test@signify.com,KR 13 51 57,"BOGOTA, D. C.","BOGOTA, D. C.",4.6388,-74.065431,603660.32,512806.39,18N
1. Aparatos electrodomésticos,1.1 Cocinas y hornos,SI,2024-12-14,11584,HORNOS ELECTRICOS,630.0,Centro de Acopio,Aprovechamiento,REP - 30 - 9339,Eco Industria SAS,Parque Industrial San Jorge,LOCATEL HACIENDA SANTA BARBARA,830142201-4,LUZ DARY LEGUIZAMON,test@mts.com.co,KR 7 115 60,"BOGOTA, D. C.","BOGOTA, D. C.",4.693507,-74.033024,607246.86,518859.24,18N
3. Maquinaria y Equipo Eléctrico,3.3 Equipos de control y proteción,SI,2024-12-10,10404,SWITCH,20.0,Centro de Acopio,Aprovechamiento,REP - 14 - 9308,Eco Industria SAS,Parque Industrial San Jorge,LOCATEL RESTREPO,860007386,ANA LUCIA GOMEZ,enlacesambientales@gmail.com,KR 18 17 27 S,"BOGOTA, D. C.","BOGOTA, D. C.",4.585257,-74.100962,599726.44,506882.07,18N
1. Aparatos electrodomésticos,1.4 Enseres menores de calentamiento,SI,2024-12-08,9384,FREIDORAS,1830.14,Centro de Acopio,Aprovechamiento,REP - 30 - 9339,Eco Industria SAS,Parque Industrial San Jorge,LOCATEL USAQUEN,900836968-7,LEONARDO BENAVIDES,test@signify.com,AK 45 114 78,"BOGOTA, D. C.","BOGOTA, D. C.",4.698791,-74.054753,604835.9,519440.11,18N
2. Electrónica y Equipos de Telecomunicación,2.8 Equipos de telecomunicaciones,SI,2024-01-31,11997,TERMINALES DE FAX,5.0,Centro de Acopio,Aprovechamiento,REP - 15 - 9316,Eco Industria SAS,Parque Industrial San Jorge,Lorena riaño,860010451-1,DANIELA PEÑA,ambiental@casalimpia.com.co,CL 69 Sur 87B 42,"BOGOTA, D. C.","BOGOTA, D. C.",4.621129269,-74.193770681,589426.38,510835.43,18N
2. Electrónica y Equipos de Telecomunicación,"2.10 Periféricos, partes y tarjetas para computadores e impresoras",SI,2024-02-17,9216,TONER DE IMPRESORA SUELTOS,2.0,Gestionado por Reconecta,Aprovechamiento,REP - 15 - 9316,Eco Industria SAS,Parque Industrial San Jorge,Luz Dary Muñoz Camargo,800087297-6,LUZ STELLA CELIS,co.recepcionfacturase@la.spectrumbrands.com,KR 7B BIS 155A 45,"BOGOTA, D. C.","BOGOTA, D. C.",4.731591437,-74.025560494,608068.83,523070.75,18N
1. Aparatos electrodomésticos,1.6 Enseres menores del hogar,SI,2024-05-13,10530,OTROS APARATOS DE LIMPIEZA QUE NO SEAN ASPIRADORAS O LIMPIA MOQUETAS,18.58,Centro de Acopio,Aprovechamiento,REP - 15 - 9316,Eco Industria SAS,Parque Industrial San Jorge,Mabel pinillos,800087297-6,LUZ STELLA CELIS,co.recepcionfacturase@la.spectrumbrands.com,CL 97 A Sur 8 70,"BOGOTA, D. C.","BOGOTA, D. C.",4.50004516,-74.11517491,598161.26,497459.93,18N
2. Electrónica y Equipos de Telecomunicación,2.7 Equipos de instrumentación y control,SI,2024-06-12,9493,BASCULA,5.6,Centro de Acopio,Aprovechamiento,REP - 30 - 9339,Eco Industria SAS,Parque Industrial San Jorge,MAKRO AV. BOYACÁ,860010451-1,DANIELA PEÑA,ambiental@casalimpia.com.co,AK 72 81B 13,"BOGOTA, D. C.","BOGOTA, D. C.",4.69651,-74.08663,601300.49,519183.24,18N
2. Electrónica y Equipos de Telecomunicación,2.4 Computadores y equipos para tratamiento de datos,SI,2024-12-07,10772,MONITORES,205.0,Gestionado por Reconecta,Aprovechamiento,REP - 30 - 9339,Eco Industria SAS,Parque Industrial San Jorge,MAKRO CUMARÁ,860007386,ANA LUCIA GOMEZ,enlacesambientales@gmail.com,AK 45 192 18,"BOGOTA, D. C.","BOGOTA, D. C.",4.771648,-74.042639,606168.45,527496.49,18N
2. Electrónica y Equipos de Telecomunicación,2.4 Computadores y equipos para tratamiento de datos,SI,2024-01-09,11547,MONITORES,118.35,Centro de Acopio,Aprovechamiento,REP-86-9030,Eco Industria SAS,Parque Industrial San Jorge,MAKRO PUENTE ARANDA,830143447-3,Ana Maria Suarez,test@portal80.com.co,AC 9 65 09,"BOGOTA, D. C.","BOGOTA, D. C.",4.628074,-74.119332,597682.73,511612.97,18N
2. Electrónica y Equipos de Telecomunicación,2.4 Computadores y equipos para tratamiento de datos,SI,2024-03-17,11587,IMPRESORAS Y SCANNER,43.0,Gestionado por Reconecta,Aprovechamiento,REP-86-9030,Eco Industria SAS,Parque Industrial San Jorge,MAKRO SUPERMAYORISTA SAS,800087297-6,LUZ STELLA CELIS,co.recepcionfacturase@la.spectrumbrands.com,KR 63 57G 00 S,"BOGOTA, D. C.","BOGOTA, D. C.",4.598629,-74.154052,593835.21,508353.16,18N
2. Electrónica y Equipos de Telecomunicación,2.8 Equipos de telecomunicaciones,SI,2024-09-14,9574,TERMINALES DE FAX,4.0,Gestionado por Reconecta,Aprovechamiento,REP - 30 - 9339,Eco Industria SAS,Parque Industrial San Jorge,MAKRO VILLA DEL RIO,800087297-6,LUZ STELLA CELIS,co.recepcionfacturase@la.spectrumbrands.com,KR 63 57G 74 S,"BOGOTA, D. C.","BOGOTA, D. C.",4.596966,-74.153664,593878.47,508169.37,18N
1. Aparatos electrodomésticos,1.4 Enseres menores de calentamiento,SI,2024-02-18,10992,Sanduchera / Tostadora,6.8,Centro de Acopio,Aprovechamiento,REP-86-9030,Eco Industria SAS,Parque Industrial San Jorge,Maria Alexandra Botero,860007386,ANA LUCIA GOMEZ,enlacesambientales@gmail.com,CL 42B Sur 7 32 Este,"BOGOTA, D. C.","BOGOTA, D. C.",4.546796344,-74.090392778,600904.31,502631.69,18N
3. Maquinaria y Equipo Eléctrico,3.11 Pilas y acumuladores,SI,2024-01-01,9335,BATERIAS DE LITIO,986.71,Centro de Acopio,Aprovechamiento,REP - 30 - 9339,Eco Industria SAS,Parque Industrial San Jorge,Maria de Jesús Cadena,830142201-4,LUZ DARY LEGUIZAMON,test@mts.com.co,CL 7 Sur 10 86,"BOGOTA, D. C.","BOGOTA, D. C.",4.584976443,-74.089057352,601047.12,506852.72,18N
2. Electrónica y Equipos de Telecomunicación,2.8 Equipos de telecomunicaciones,SI,2024-02-19,9028,TELEFONOS INALAMBRICOS,5.0,Gestionado por Reconecta,Aprovechamiento,REP-86-9030,Eco Industria SAS,Parque Industrial San Jorge,María Epifanía Santa,830142201-4,LUZ DARY LEGUIZAMON,test@mts.com.co,KR 19 76A 23 Sur,"BOGOTA, D. C.","BOGOTA, D. C.",4.54082825,-74.15168345,594105.49,501963.65,18N
2. Electrónica y Equipos de Telecomunicación,2.4 Computadores y equipos para tratamiento de datos,SI,2024-02-20,10440,TABLETAS,0.7,Centro de Acopio,Aprovechamiento,REP - 30 - 9339,Eco Industria SAS,Parque Industrial San Jorge,María sandoval,830142201-4,LUZ DARY LEGUIZAMON,test@mts.com.co,CL 74A 114A 30,"BOGOTA, D. C.","BOGOTA, D. C.",4.71214016,-74.12358941,597198.89,520905.92,18N
2. Electrónica y Equipos de Telecomunicación,2.4 Computadores y equipos para tratamiento de datos,SI,2024-09-12,11625,ORDENADORES PERSONALES O PORTATILES,10.0,Centro de Acopio,Aprovechamiento,REP - 29 - 9315,Eco Industria SAS,Parque Industrial San Jorge,MARLENY ARIZA DUARTE,860010451-1,DANIELA PEÑA,ambiental@casalimpia.com.co,KR 98B 71 49 Sur,"BOGOTA, D. C.","BOGOTA, D. C.",4.633652772,-74.203325815,588364.91,512218.68,18N
2. Electrónica y Equipos de Telecomunicación,"2.10 Periféricos, partes y tarjetas para computadores e impresoras",SI,2024-05-11,10352,TONER DE IMPRESORA Y CARTUCHOS USADOS,10.0,Gestionado por Reconecta,Aprovechamiento,REP - 14 - 9308,Eco Industria SAS,Parque Industrial San Jorge,MASIVO CAPITAL S.A.S,860518583-7,MARIA PAULA,ambiental@ccmetropolis.com.co,AC 26 59 00,"BOGOTA, D. C.","BOGOTA, D. C.",4.645669,-74.098984,599937.42,513560.94,18N
2. Electrónica y Equipos de Telecomunicación,2.8 Equipos de telecomunicaciones,SI,2024-12-18,10682,ROUTER,4.0,Centro de Acopio,Aprovechamiento,REP - 15 - 9316,Eco Industria SAS,Parque Industrial San Jorge,MASTERPRO CALLE 80,860010451-1,DANIELA PEÑA,ambiental@casalimpia.com.co,KR 69T 80 25,"BOGOTA, D. C.","BOGOTA, D. C.",4.691837,-74.084627,601523.34,518666.92,18N
1. Aparatos electrodomésticos,1.9 Herramientas para el hogar,SI,2024-12-23,9517,TALADRADORAS,2.0,Gestionado por Reconecta,Aprovechamiento,REP - 14 - 9308,Eco Industria SAS,Parque Industrial San Jorge,Mayeli Enriquez Muñoz,800087297-6,LUZ STELLA CELIS,co.recepcionfacturase@la.spectrumbrands.com,CL 53 D sur 5 A 36,"BOGOTA, D. C.","BOGOTA, D. C.",4.54366417,-74.11828002,597810.9,502281.59,18N
2. Electrónica y Equipos de Telecomunicación,"2.10 Periféricos, partes y tarjetas para computadores e impresoras",SI,2024-09-22,9244,MODEM,140.2,Centro de Acopio,Aprovechamiento,REP - 14 - 9308,Eco Industria SAS,Parque Industrial San Jorge,MCCAIN COLOMBIA,860007386,ANA LUCIA GOMEZ,enlacesambientales@gmail.com,CL 49 S 72C 30,"BOGOTA, D. C.","BOGOTA, D. C.",4.599322,-74.150448,594234.91,508430.25,18N
1. Aparatos electrodomésticos,1.2 Enseres de audio y video,SI,2024-10-17,11556,APARATOS DE GRABACION DE VIDEO,3.0,Centro de Acopio,Aprovechamiento,REP - 14 - 9308,Eco Industria SAS,Parque Industrial San Jorge,MEALS DE COLOMBIA S.A.S,860010451-1,DANIELA PEÑA,ambiental@casalimpia.com.co,CL 98 70 90,"BOGOTA, D. C.","BOGOTA, D. C.",4.693977,-74.078214,602234.35,518904.44,18N
3. Maquinaria y Equipo Eléctrico,3.11 Pilas y acumuladores,SI,2024-03-01,10103,PILAS,13.72,Gestionado por Reconecta,Aprovechamiento,REP-86-9030,Eco Industria SAS,Parque Industrial San Jorge,MEDICARTE BOGOTÁ,800087297-6,LUZ STELLA CELIS,co.recepcionfacturase@la.spectrumbrands.com,CL 83 16A 44,"BOGOTA, D. C.","BOGOTA, D. C.",4.66938,-74.057493,604536.35,516188.24,18N
1. Aparatos electrodomésticos,1.5 Enseres menores de cocina,SI,2024-07-03,10381,"MOLINOS, CAFETERAS Y APARATOS PARA ABRIR O PRECINTAR ENVASES O PAQUETES",468.0,Centro de Acopio,Aprovechamiento,REP - 29 - 9315,Eco Industria SAS,Parque Industrial San Jorge,MEDIPOL BANDERAS,830142201-4,LUZ DARY LEGUIZAMON,test@mts.com.co,CL 5C 78H 03,"BOGOTA, D. C.","BOGOTA, D. C.",4.63014,-74.147607,594545.99,511837.53,18N
2. Electrónica y Equipos de Telecomunicación,2.6 Equipos de electrónica de potencia,SI,2024-03-16,10959,BALASTOS,349.0,Centro de Acopio,Aprovechamiento,REP-86-9030,Eco Industria SAS,Parque Industrial San Jorge,MEDIPOL ENGATIVA,800149695-1,JENNY PRIETO,gestionambiental@cruzverde.com.co,CL 70 77C 05,"BOGOTA, D. C.","BOGOTA, D. C.",4.689184,-74.102536,599537.28,518371.06,18N
1. Aparatos electrodomésticos,1.2 Enseres de audio y video,SI,2024-06-30,9786,"OTROS PRODUCTOS O APARATOS UTILIZADOS PARA REGISTRAR O REPRODUCIR SONIDO O IMAGENES, INCLUIDAS LAS SEÑALES Y TECNOLOGIAS DE DISTRIBUCION DEL SONIDO E IMAGEN DE LA COMUNICACION",158.69,Centro de Acopio,Aprovechamiento,REP-86-9030,Eco Industria SAS,Parque Industrial San Jorge,MEDIPOL ESPOL,860518583-7,MARIA PAULA,ambiental@ccmetropolis.com.co,AV BOYACA # 142 A - 55,"BOGOTA, D. C.","BOGOTA, D. C.",4.733261,-74.067332,603435.56,523248.96,18N
1. Aparatos electrodomésticos,1.4 Enseres menores de calentamiento,SI,2024-03-09,9883,APARATOS ELECTRODOMESTICOS,17.0,Gestionado por Reconecta,Aprovechamiento,REP - 14 - 9308,Eco Industria SAS,Parque Industrial San Jorge,MEDIPOL KENNEDY,860518583-7,MARIA PAULA,ambiental@ccmetropolis.com.co,TV 78J 41 70 S,"BOGOTA, D. C.","BOGOTA, D. C.",4.618546,-74.157244,593478.51,510554.55,18N
1. Aparatos electrodomésticos,1.2 Enseres de audio y video,SI,2024-02-04,9134,VIDEOCAMARAS,4.0,Centro de Acopio,Aprovechamiento,REP - 15 - 9316,Eco Industria SAS,Parque Industrial San Jorge,MEDIPOL SAN ANTONIO,900836968-7,LEONARDO BENAVIDES,test@signify.com,KR 14B 0 61 S,"BOGOTA, D. C.","BOGOTA, D. C.",4.591993,-74.091289,600798.57,507628.1,18N
3. Maquinaria y Equipo Eléctrico,3.4 Equipos de iluminación,SI,2024-10-15,9016,BOMBILLOS COMPACTOS - SIGNIFY,0.5,Gestionado por Reconecta,Aprovechamiento,REP - 30 - 9339,Eco Industria SAS,Parque Industrial San Jorge,Mega Llantas del Norte,800149695-1,JENNY PRIETO,gestionambiental@cruzverde.com.co,KR 20 # 194 - 78,"BOGOTA, D. C.","BOGOTA, D. C.",4.617831,-74.079597,602091.93,510486.18,18N
1. Aparatos electrodomésticos,1.5 Enseres menores de cocina,SI,2024-09-10,10876,OTROS GRANDES APARATOS UTILIZADOS PARA COCINAR Y EN OTROS PROCESOS DE TRANSFORMACION DE LOS ALIMENTOS. APARATOS DE CALEFACCION ELECTRICOS,565.0,Centro de Acopio,Aprovechamiento,REP - 15 - 9316,Eco Industria SAS,Parque Industrial San Jorge,MERCK GROUP S.A,860010451-1,DANIELA PEÑA,ambiental@casalimpia.com.co,CL 10 65 28,"BOGOTA, D. C.","BOGOTA, D. C.",4.631045,-74.117997,597830.41,511941.6,18N
2. Electrónica y Equipos de Telecomunicación,"2.10 Periféricos, partes y tarjetas para computadores e impresoras",SI,2024-03-12,9745,ups,25.8,Centro de Acopio,Aprovechamiento,REP-86-9030,Eco Industria SAS,Parque Industrial San Jorge,MERCK S.A.,860518583-7,MARIA PAULA,ambiental@ccmetropolis.com.co,KR 9 101 67,"BOGOTA, D. C.","BOGOTA, D. C.",4.686188,-74.046468,605756.76,518048.06,18N
1. Aparatos electrodomésticos,1.5 Enseres menores de cocina,SI,2024-08-31,11636,"MOLINOS, CAFETERAS Y APARATOS PARA ABRIR O PRECINTAR ENVASES O PAQUETES",468.0,Gestionado por Reconecta,Aprovechamiento,REP-86-9030,Eco Industria SAS,Parque Industrial San Jorge,MERCK SHARP- COMPLEJO,860518583-7,MARIA PAULA,ambiental@ccmetropolis.com.co,CL 127A 53A 45,"BOGOTA, D. C.","BOGOTA, D. C.",4.709816,-74.062002,604030.21,520657.86,18N
1. Aparatos electrodomésticos,1.5 Enseres menores de cocina,SI,2024-07-31,10404,TOSTADORA,2.9,Gestionado por Reconecta,Aprovechamiento,REP - 30 - 9339,Eco Industria SAS,Parque Industrial San Jorge,Merquellantas S.A.S.,800087297-6,LUZ STELLA CELIS,co.recepcionfacturase@la.spectrumbrands.com,Avenida Centenario # 116 - 40,"BOGOTA, D. C.","BOGOTA, D. C.",4.6834,-74.15648,593554.7,517724.21,18N
2. Electrónica y Equipos de Telecomunicación,2.4 Computadores y equipos para tratamiento de datos,SI,2024-10-21,9961,MONITORES,36.0,Centro de Acopio,Aprovechamiento,REP - 30 - 9339,Eco Industria SAS,Parque Industrial San Jorge,METAZA S.A.,800087297-6,LUZ STELLA CELIS,co.recepcionfacturase@la.spectrumbrands.com,AC 17 86 75,"BOGOTA, D. C.","BOGOTA, D. C.",4.660058,-74.136982,595720.55,515146.39,18N
3. Maquinaria y Equipo Eléctrico,3.12 Refrigeración y equipos de acondicionamiento de aire industriales,SI,2024-02-05,9620,MÁQUINAS DISPENSADORAS DE BEBIDAS CALIENTES,14.2,Gestionado por Reconecta,Aprovechamiento,REP-86-9030,Eco Industria SAS,Parque Industrial San Jorge,METRO 20 DE JULIO,830142201-4,LUZ DARY LEGUIZAMON,test@mts.com.co,KR 10 30B 20 S,"BOGOTA, D. C.","BOGOTA, D. C.",4.570223,-74.099402,599901.58,505220.27,18N
3. Maquinaria y Equipo Eléctrico,3.11 Pilas y acumuladores,SI,2024-01-05,10513,PILAS,1.0,Centro de Acopio,Aprovechamiento,REP - 30 - 9339,Eco Industria SAS,Parque Industrial San Jorge,METRO AUTOPISTA SUR,860007386,ANA LUCIA GOMEZ,enlacesambientales@gmail.com,Autopista Sur 77A 18,"BOGOTA, D. C.","BOGOTA, D. C.",4.59729,-74.16666,592436.76,508203.49,18N
2. Electrónica y Equipos de Telecomunicación,"2.10 Periféricos, partes y tarjetas para computadores e impresoras",SI,2024-08-28,9250,TONER DE IMPRESORA SUELTO,1.2,Gestionado por Reconecta,Aprovechamiento,REP-86-9030,Eco Industria SAS,Parque Industrial San Jorge,METRO BANDERAS,800149695-1,JENNY PRIETO,gestionambiental@cruzverde.com.co,Cl 6 A #78-68,"BOGOTA, D. C.","BOGOTA, D. C.",4.63112,-74.1484,594457.89,511945.77,18N
2. Electrónica y Equipos de Telecomunicación,"2.10 Periféricos, partes y tarjetas para computadores e impresoras",SI,2024-05-17,11361,REPUESTOS O PARTES DE PC/PORTATILES,5.0,Gestionado por Reconecta,Aprovechamiento,REP - 29 - 9315,Eco Industria SAS,Parque Industrial San Jorge,METRO BOSA,860518583-7,MARIA PAULA,ambiental@ccmetropolis.com.co,KR 92 60 90 S,"BOGOTA, D. C.","BOGOTA, D. C.",4.630911,-74.193815,589420.23,511916.78,18N
2. Electrónica y Equipos de Telecomunicación,"2.10 Periféricos, partes y tarjetas para computadores e impresoras",SI,2024-06-26,9771,"PERIFERICOS (MOUSE, TECLADO, AUDIFONOS, CAMARAS Y OTROS)",48.68,Centro de Acopio,Aprovechamiento,REP - 30 - 9339,Eco Industria SAS,Parque Industrial San Jorge,METRO CALLE 100,800149695-1,JENNY PRIETO,gestionambiental@cruzverde.com.co,TV 55 98 A 66,"BOGOTA, D. C.","BOGOTA, D. C.",4.687992,-74.064724,603731.53,518244.77,18N
2. Electrónica y Equipos de Telecomunicación,2.8 Equipos de telecomunicaciones,SI,2024-06-21,11115,"TELÉFONOS; PÚBLICOS, INALÁMBRICOS Y MÓVILES",3.0,Gestionado por Reconecta,Aprovechamiento,REP-86-9030,Eco Industria SAS,Parque Industrial San Jorge,METRO FONTIBON,860010451-1,DANIELA PEÑA,ambiental@casalimpia.com.co,KR 15B 112 58,"BOGOTA, D. C.","BOGOTA, D. C.",4.695567,-74.044897,605929.6,519085.17,18N
1. Aparatos electrodomésticos,1.6 Enseres menores del hogar,SI,2024-03-21,11651,VENTILADORES ELECTRICOS,20.0,Gestionado por Reconecta,Aprovechamiento,REP - 30 - 9339,Eco Industria SAS,Parque Industrial San Jorge,METROPOLIS CENTRO COMERCIAL Y EMPRESARIAL P.H.,860518583-7,MARIA PAULA,ambiental@ccmetropolis.com.co,AK 68 75A 50,"BOGOTA, D. C.","BOGOTA, D. C.",4.680747,-74.082524,601758.2,517441.21,18N
2. Electrónica y Equipos de Telecomunicación,"2.10 Periféricos, partes y tarjetas para computadores e impresoras",SI,2024-11-11,10659,ups,25.8,Gestionado por Reconecta,Aprovechamiento,REP - 29 - 9315,Eco Industria SAS,Parque Industrial San Jorge,METRO SAN CAYETA,860007386,ANA LUCIA GOMEZ,enlacesambientales@gmail.com,CL 46A 85A 51,"BOGOTA, D. C.","BOGOTA, D. C.",4.677493,-74.116036,598041.51,517076.71,18N
3. Maquinaria y Equipo Eléctrico,3.9 Otros aparatos y sistemas,SI,2024-04-14,9836,MAQUINA EXPENDEDORA AUTOMATICAS DE DINERO,670.0,Centro de Acopio,Aprovechamiento,REP - 14 - 9308,Eco Industria SAS,Parque Industrial San Jorge,MEXICHEM - PAVCO,830142201-4,LUZ DARY LEGUIZAMON,test@mts.com.co,Autopista Sur # 71 - 75,"BOGOTA, D. C.","BOGOTA, D. C.",4.59545,-74.16577,592535.73,508000.2,18N
2. Electrónica y Equipos de Telecomunicación,"2.10 Periféricos, partes y tarjetas para computadores e impresoras",SI,2024-02-08,10165,CD,6.0,Centro de Acopio,Aprovechamiento,REP-86-9030,Eco Industria SAS,Parque Industrial San Jorge,MILENIO PLAZA CENTRO COMERCIAL,860010451-1,DANIELA PEÑA,ambiental@casalimpia.com.co,AK 86 42B 01 S,"BOGOTA, D. C.","BOGOTA, D. C.",4.629178,-74.169243,592146.12,511728.34,18N
1. Aparatos electrodomésticos,1.7 Enseres menores personales,SI,2024-03-22,11221,"APARATOS PARA CORTAR EL PELO, PARA SECAR EL PELO, PARA CEPILLARSE LOS DIENTES, MAQUINAS PARA AFEITAR, APARATOS DE MASAJE Y OTROS CUIDADOS CORPORALES",762.45,Gestionado por Reconecta,Aprovechamiento,REP - 30 - 9339,Eco Industria SAS,Parque Industrial San Jorge,"MINISTERIO DE COMERCIO, INDUSTRIA Y TURISMO",860010451-1,DANIELA PEÑA,ambiental@casalimpia.com.co,CL 28 13A 00,"BOGOTA, D. C.","BOGOTA, D. C.",4.61618,-74.070904,603056.48,510304.91,18N
3. Maquinaria y Equipo Eléctrico,3.3 Equipos de control y proteción,SI,2024-08-09,9042,SWITCH,10.0,Centro de Acopio,Aprovechamiento,REP - 15 - 9316,Eco Industria SAS,Parque Industrial San Jorge,MINISTERIO DE EDUCACIÓN NACIONAL,860518583-7,MARIA PAULA,ambiental@ccmetropolis.com.co,CL 43 57 14,"BOGOTA, D. C.","BOGOTA, D. C.",4.646314,-74.094632,600420.07,513632.86,18N
2. Electrónica y Equipos de Telecomunicación,2.8 Equipos de telecomunicaciones,SI,2024-02-13,10784,TERMINALES DE FAX,4.8,Gestionado por Reconecta,Aprovechamiento,REP - 15 - 9316,Eco Industria SAS,Parque Industrial San Jorge,MINISTERIO DE EDUCACIÓN NACIONAL,900836968-7,LEONARDO BENAVIDES,test@signify.com,AC 26 69 01,"BOGOTA, D. C.","BOGOTA, D. C.",4.657838,-74.106789,599069.94,514905.14,18N
2. Electrónica y Equipos de Telecomunicación,"2.10 Periféricos, partes y tarjetas para computadores e impresoras",SI,2024-09-15,9567,Tonner De Impresora / Aprovechamiento,15.0,Centro de Acopio,Aprovechamiento,REP - 14 - 9308,Eco Industria SAS,Parque Industrial San Jorge,MINISTERIO DE HACIENDA Y CRÉDITO PÚBLICO,800087297-6,LUZ STELLA CELIS,co.recepcionfacturase@la.spectrumbrands.com,KR 8 6C 38,"BOGOTA, D. C.","BOGOTA, D. C.",4.594142,-74.078745,602189.82,507867.45,18N
3. Maquinaria y Equipo Eléctrico,3.12 Refrigeración y equipos de acondicionamiento de aire industriales,SI,2024-11-30,11332,MÁQUINAS DISPENSADORAS DE BEBIDAS CALIENTES,14.2,Gestionado por Reconecta,Aprovechamiento,REP - 14 - 9308,Eco Industria SAS,Parque Industrial San Jorge,MINISTERIO DEL INTERIOR,830142201-4,LUZ DARY LEGUIZAMON,test@mts.com.co,CL 10 S 12B 31,"BOGOTA, D. C.","BOGOTA, D. C.",4.586027,-74.092213,600696.9,506968.42,18N
1. Aparatos electrodomésticos,1.2 Enseres de audio y video,SI,2024-03-28,9028,TELEVISORES,25.23,Centro de Acopio,Aprovechamiento,REP-86-9030,Eco Industria SAS,Parque Industrial San Jorge,MINISTERIO DE MEDIO AMBIENTE Y DESARROLLO SOSTENIBLE,830143447-3,Ana Maria Suarez,test@portal80.com.co,CL 38 8 61,"BOGOTA, D. C.","BOGOTA, D. C.",4.625856,-74.067317,603452.99,511375.13,18N
2. Electrónica y Equipos de Telecomunicación,"2.10 Periféricos, partes y tarjetas para computadores e impresoras",SI,2024-05-21,10633,TONER DE IMPRESORA SUELTOS,6.0,Gestionado por Reconecta,Aprovechamiento,REP - 15 - 9316,Eco Industria SAS,Parque Industrial San Jorge,MINISTERIO DE RELACIONES EXTERIORES,800149695-1,JENNY PRIETO,gestionambiental@cruzverde.com.co,KR 6 9 46,"BOGOTA, D. C.","BOGOTA, D. C.",4.596326,-74.075218,602580.77,508109.4,18N
2. Electrónica y Equipos de Telecomunicación,"2.10 Periféricos, partes y tarjetas para computadores e impresoras",SI,2024-01-29,9318,TONER DE IMPRESORA SUELTOS,4.0,Gestionado por Reconecta,Aprovechamiento,REP - 15 - 9316,Eco Industria SAS,Parque Industrial San Jorge,MINISTERIO DE SALUD Y PROTECCIÓN SOCIAL,860010451-1,DANIELA PEÑA,ambiental@casalimpia.com.co,KR 13 32 76,"BOGOTA, D. C.","BOGOTA, D. C.",4.620086,-74.068361,603338.02,510737.1,18N
2. Electrónica y Equipos de Telecomunicación,"2.10 Periféricos, partes y tarjetas para computadores e impresoras",SI,2024-06-20,10968,ups,25.8,Centro de Acopio,Aprovechamiento,REP - 15 - 9316,Eco Industria SAS,Parque Industrial San Jorge,MOLINO EL LOBO,900836968-7,LEONARDO BENAVIDES,test@signify.com,CL 16 16 68,"BOGOTA, D. C.","BOGOTA, D. C.",4.607784,-74.080246,602021.37,509375.38,18N
1. Aparatos electrodomésticos,1.6 Enseres menores del hogar,SI,2024-11-05,10749,VENTILADORES ELECTRICOS,9.5,Gestionado por Reconecta,Aprovechamiento,REP - 15 - 9316,Eco Industria SAS,Parque Industrial San Jorge,Monalisa Rodriguez,860010451-1,DANIELA PEÑA,ambiental@casalimpia.com.co,CL 69B 105F 39,"BOGOTA, D. C.","BOGOTA, D. C.",4.703237,-74.123361469,597225.41,519921.7,18N
1. Aparatos electrodomésticos,1.6 Enseres menores del hogar,SI,2024-09-07,11001,MAQUINAS DE COSER,88.0,Gestionado por Reconecta,Aprovechamiento,REP - 15 - 9316,Eco Industria SAS,Parque Industrial San Jorge,Mónica,830143447-3,Ana Maria Suarez,test@portal80.com.co,KR 3A BIS 3A 49,"BOGOTA, D. C.","BOGOTA, D. C.",4.589563191,-74.076369904,602453.95,507361.6,18N
3. Maquinaria y Equipo Eléctrico,3.4 Equipos de iluminación,SI,2024-08-27,9841,APARATOS DE ALUMBRADO,14.2,Centro de Acopio,Aprovechamiento,REP-86-9030,Eco Industria SAS,Parque Industrial San Jorge,Mónica Andrea Acosta,860518583-7,MARIA PAULA,ambiental@ccmetropolis.com.co,DG 68D Sur 70C 31,"BOGOTA, D. C.","BOGOTA, D. C.",4.583648061,-74.161488458,593012.21,506696.06,18N
1. Aparatos electrodomésticos,1.6 Enseres menores del hogar,SI,2024-01-06,10762,"HERRAMIENTAS PARA ROCIAR, ESPARCIR, PROPAGAR O APLICAR OTROS TRATAMIENTOS CON SUSTANCIAS LÍQUIDAS O GASEOSAS POR OTROS MEDIOS",988.0,Centro de Acopio,Aprovechamiento,REP - 15 - 9316,Eco Industria SAS,Parque Industrial San Jorge,MOTO CERVANTES 1,830142201-4,LUZ DARY LEGUIZAMON,test@mts.com.co,DG 26 S 35 31,"BOGOTA, D. C.","BOGOTA, D. C.",4.596403,-74.114084,598269.23,508112.45,18N
2. Electrónica y Equipos de Telecomunicación,2.4 Computadores y equipos para tratamiento de datos,SI,2024-05-16,11051,MONITORES,45.0,Centro de Acopio,Aprovechamiento,REP - 14 - 9308,Eco Industria SAS,Parque Industrial San Jorge,MOTOS DE LA 100,800149695-1,JENNY PRIETO,gestionambiental@cruzverde.com.co,AC 100 60D 35,"BOGOTA, D. C.","BOGOTA, D. C.",4.689122,-74.066684,603513.96,518369.4,18N
2. Electrónica y Equipos de Telecomunicación,2.4 Computadores y equipos para tratamiento de datos,SI,2024-11-29,10490,CPU,35.0,Gestionado por Reconecta,Aprovechamiento,REP - 14 - 9308,Eco Industria SAS,Parque Industrial San Jorge,MOTOS DEL CAMI SAS,800149695-1,JENNY PRIETO,gestionambiental@cruzverde.com.co,CL 22 S 29A 50,"BOGOTA, D. C.","BOGOTA, D. C.",4.59215,-74.110883,598624.91,507642.72,18N
2. Electrónica y Equipos de Telecomunicación,2.7 Equipos de instrumentación y control,SI,2024-09-04,9993,BASCULA,3.5,Centro de Acopio,Aprovechamiento,REP - 14 - 9308,Eco Industria SAS,Parque Industrial San Jorge,MOTOS DE SUBA EN AURES,830143447-3,Ana Maria Suarez,test@portal80.com.co,CL 130A 104 06,"BOGOTA, D. C.","BOGOTA, D. C.",4.732244,-74.100743,599730.02,523131.65,18N
1. Aparatos electrodomésticos,1.4 Enseres menores de calentamiento,SI,2024-01-26,10210,FREIDORAS,72.5,Gestionado por Reconecta,Aprovechamiento,REP - 29 - 9315,Eco Industria SAS,Parque Industrial San Jorge,MOTOS DE SUBA SEDE SUBAZAR,830143447-3,Ana Maria Suarez,test@portal80.com.co,AC 145 94D 30,"BOGOTA, D. C.","BOGOTA, D. C.",4.740039,-74.087821,601162.09,523995.26,18N
2. Electrónica y Equipos de Telecomunicación,"2.10 Periféricos, partes y tarjetas para computadores e impresoras",SI,2024-12-30,10137,TONER DE IMPRESORA Y CARTUCHOS USADOS,10.0,Centro de Acopio,Aprovechamiento,REP - 15 - 9316,Eco Industria SAS,Parque Industrial San Jorge,MOTO SELVA MOTOCICLETAS SAS,860518583-7,MARIA PAULA,ambiental@ccmetropolis.com.co,Boyacá # 68 B 71,"BOGOTA, D. C.","BOGOTA, D. C.",4.68389,-74.09763,600082.2,517786.5,18N
2. Electrónica y Equipos de Telecomunicación,2.8 Equipos de telecomunicaciones,SI,2024-06-05,9597,TELÉFONOS CONVENCIONALES,3.0,Centro de Acopio,Aprovechamiento,REP-86-9030,Eco Industria SAS,Parque Industrial San Jorge,MULTICENTRO SAS,860010451-1,DANIELA PEÑA,ambiental@casalimpia.com.co,CL 98 68C 06,"BOGOTA, D. C.","BOGOTA, D. C.",4.689621,-74.07513,602577.06,518423.33,18N
2. Electrónica y Equipos de Telecomunicación,"2.10 Periféricos, partes y tarjetas para computadores e impresoras",SI,2024-03-22,10251,TONNER EN DESUSO,7.0,Centro de Acopio,Aprovechamiento,REP-86-9030,Eco Industria SAS,Parque Industrial San Jorge,MULTIDIMENSIONALES SAS,860007386,ANA LUCIA GOMEZ,enlacesambientales@gmail.com,CL 17F 126 70,"BOGOTA, D. C.","BOGOTA, D. C.",4.691238,-74.159977,593165.78,518590.23,18N
1. Aparatos electrodomésticos,1.6 Enseres menores del hogar,SI,2024-10-16,9213,"HERRAMIENTAS PARA ROCIAR, ESPARCIR, PROPAGAR O APLICAR OTROS TRATAMIENTOS CON SUSTANCIAS LÍQUIDAS O GASEOSAS POR OTROS MEDIOS",988.0,Centro de Acopio,Aprovechamiento,REP - 14 - 9308,Eco Industria SAS,Parque Industrial San Jorge,MULTIDROGAS TERMINAL DE TRANSPORTES,830142201-4,LUZ DARY LEGUIZAMON,test@mts.com.co,DG 23 69 00,"BOGOTA, D. C.","BOGOTA, D. C.",4.65417,-74.114606,598203.37,514498.54,18N
1. Aparatos electrodomésticos,1.4 Enseres menores de calentamiento,SI,2024-04-08,11158,APARATOS ELECTRODOMESTICOS/HORNOS ELECTRICOS,45.0,Centro de Acopio,Aprovechamiento,REP - 14 - 9308,Eco Industria SAS,Parque Industrial San Jorge,Multillantas La Sabana QR S.A.S,800087297-6,LUZ STELLA CELIS,co.recepcionfacturase@la.spectrumbrands.com,KR 21 195 08,"BOGOTA, D. C.","BOGOTA, D. C.",4.772916,-74.041223,606325.3,527636.89,18N
2. Electrónica y Equipos de Telecomunicación,2.4 Computadores y equipos para tratamiento de datos,SI,2024-12-09,10282,MONITORES,127.38,Centro de Acopio,Aprovechamiento,REP - 14 - 9308,Eco Industria SAS,Parque Industrial San Jorge,MUSEO NACIONAL DE COLOMBIA,800149695-1,JENNY PRIETO,gestionambiental@cruzverde.com.co,KR 7 28 66,"BOGOTA, D. C.","BOGOTA, D. C.",4.615586,-74.068838,603285.75,510239.54,18N
1. Aparatos electrodomésticos,1.4 Enseres menores de calentamiento,SI,2024-10-17,10961,FREIDORAS,50.0,Gestionado por Reconecta,Aprovechamiento,REP-86-9030,Eco Industria SAS,Parque Industrial San Jorge,NEPAL,860007386,ANA LUCIA GOMEZ,enlacesambientales@gmail.com,KR 32 25B 90,"BOGOTA, D. C.","BOGOTA, D. C.",4.628432,-74.082307,601789.79,511657.75,18N
2. Electrónica y Equipos de Telecomunicación,2.7 Equipos de instrumentación y control,SI,2024-08-14,10555,BASCULA,2.26,Gestionado por Reconecta,Aprovechamiento,REP - 14 - 9308,Eco Industria SAS,Parque Industrial San Jorge,Ninfa Franco Piñeros,900836968-7,LEONARDO BENAVIDES,test@signify.com,KR 20 194 78,"BOGOTA, D. C.","BOGOTA, D. C.",4.772566,-74.04043,606413.31,527598.32,18N
1. Aparatos electrodomésticos,1.7 Enseres menores personales,SI,2024-11-07,10237,"APARATOS PARA CORTAR EL PELO, PARA SECAR EL PELO, PARA CEPILLARSE LOS DIENTES, MAQUINAS PARA AFEITAR, APARATOS DE MASAJE Y OTROS CUIDADOS CORPORALES",0.6,Centro de Acopio,Aprovechamiento,REP - 29 - 9315,Eco Industria SAS,Parque Industrial San Jorge,NOVARTIS DE COLOMBIA S.A.,800087297-6,LUZ STELLA CELIS,co.recepcionfacturase@la.spectrumbrands.com,CL 93B 16 31,"BOGOTA, D. C.","BOGOTA, D. C.",4.679074,-74.052002,605143.98,517260.76,18N
2. Electrónica y Equipos de Telecomunicación,"2.10 Periféricos, partes y tarjetas para computadores e impresoras",SI,2024-03-22,11888,MODEM,2.8,Centro de Acopio,Aprovechamiento,REP - 14 - 9308,Eco Industria SAS,Parque Industrial San Jorge,NOVAVENTA S.A.S.,900836968-7,LEONARDO BENAVIDES,test@signify.com,CL 19 68A 45,"BOGOTA, D. C.","BOGOTA, D. C.",4.643786,-74.114633,598201.81,513350.58,18N
2. Electrónica y Equipos de Telecomunicación,"2.10 Periféricos, partes y tarjetas para computadores e impresoras",SI,2024-08-05,11247,Tonner De Impresora / Aprovechamiento,2.0,Centro de Acopio,Aprovechamiento,REP - 30 - 9339,Eco Industria SAS,Parque Industrial San Jorge,NOVAVENTA S.A.S.,860007386,ANA LUCIA GOMEZ,enlacesambientales@gmail.com,CL 12 79A 25,"BOGOTA, D. C.","BOGOTA, D. C.",4.649181,-74.136827,595739.21,513943.96,18N
2. Electrónica y Equipos de Telecomunicación,2.4 Computadores y equipos para tratamiento de datos,SI,2024-03-30,11139,MONITORES,10.0,Centro de Acopio,Aprovechamiento,REP - 15 - 9316,Eco Industria SAS,Parque Industrial San Jorge,NOVAVENTA S.A.S.,900836968-7,LEONARDO BENAVIDES,test@signify.com,KR 116 19A 51,"BOGOTA, D. C.","BOGOTA, D. C.",4.686023,-74.151928,594059.25,518014.79,18N
1. Aparatos electrodomésticos,1.6 Enseres menores del hogar,SI,2024-03-31,10969,ASPIRADORAS,602.0,Gestionado por Reconecta,Aprovechamiento,REP - 14 - 9308,Eco Industria SAS,Parque Industrial San Jorge,NUEVO EDIFICIO DEL CONGRESO,860518583-7,MARIA PAULA,ambiental@ccmetropolis.com.co,KR 7 8 68,"BOGOTA, D. C.","BOGOTA, D. C.",4.596156,-74.076461,602442.91,508090.43,18N
3. Maquinaria y Equipo Eléctrico,3.4 Equipos de iluminación,SI,2024-05-19,10017,BOMBILLOS COMPACTOS - SIGNIFY,0.2,Centro de Acopio,Aprovechamiento,REP - 14 - 9308,Eco Industria SAS,Parque Industrial San Jorge,OBSERVATORIO DE SALUD AMBIENTAL SEDE ADMINISTRATIVA,830142201-4,LUZ DARY LEGUIZAMON,test@mts.com.co,CL 9 39 46,"BOGOTA, D. C.","BOGOTA, D. C.",4.616963,-74.103435,599447.7,510386.85,18N
1. Aparatos electrodomésticos,1.4 Enseres menores de calentamiento,SI,2024-04-01,10493,APARATOS ELECTRODOMESTICOS/HORNOS ELECTRICOS,45.0,Centro de Acopio,Aprovechamiento,REP-86-9030,Eco Industria SAS,Parque Industrial San Jorge,OFICINA CENTRAL NACIONAL TIENDAS D1 ,800149695-1,JENNY PRIETO,gestionambiental@cruzverde.com.co,KR 7 155C 22 piso 37 y 38,"BOGOTA, D. C.","BOGOTA, D. C.",4.731324,-74.023701,608275.11,523041.48,18N
2. Electrónica y Equipos de Telecomunicación,2.4 Computadores y equipos para tratamiento de datos,SI,2024-10-18,11177,MONITORES,109.58,Gestionado por Reconecta,Aprovechamiento,REP-86-9030,Eco Industria SAS,Parque Industrial San Jorge,OFICINAS POSCONSUMO,830142201-4,LUZ DARY LEGUIZAMON,test@mts.com.co,CL 72 10 34,"BOGOTA, D. C.","BOGOTA, D. C.",4.656747,-74.057757,604508.93,514791.6,18N
2. Electrónica y Equipos de Telecomunicación,2.8 Equipos de telecomunicaciones,SI,2024-08-27,11576,TERMINALES DE FAX,4.52,Gestionado por Reconecta,Aprovechamiento,REP-86-9030,Eco Industria SAS,Parque Industrial San Jorge,Olga galvis,900836968-7,LEONARDO BENAVIDES,test@signify.com,KR 78p 42c 66sur ,"BOGOTA, D. C.","BOGOTA, D. C.",4.618194307,-74.162963691,592844.08,510514.92,18N
2. Electrónica y Equipos de Telecomunicación,2.4 Computadores y equipos para tratamiento de datos,SI,2024-02-18,11826,CPU,65.0,Gestionado por Reconecta,Aprovechamiento,REP - 29 - 9315,Eco Industria SAS,Parque Industrial San Jorge,OLÍMPICA 100 AUTOPISTA,860518583-7,MARIA PAULA,ambiental@ccmetropolis.com.co,AC 100 45 81,"BOGOTA, D. C.","BOGOTA, D. C.",4.687154,-74.059662,604293.13,518152.88,18N
1. Aparatos electrodomésticos,1.5 Enseres menores de cocina,SI,2024-09-19,10144,OTROS GRANDES APARATOS UTILIZADOS PARA COCINAR Y EN OTROS PROCESOS DE TRANSFORMACION DE LOS ALIMENTOS. APARATOS DE CALEFACCION ELECTRICOS,565.62,Centro de Acopio,Aprovechamiento,REP - 14 - 9308,Eco Industria SAS,Parque Industrial San Jorge,OLÍMPICA 7 DE AGOSTO,860007386,ANA LUCIA GOMEZ,enlacesambientales@gmail.com,KR 24 63 55,"BOGOTA, D. C.","BOGOTA, D. C.",4.651649,-74.072488,602875.64,514225.84,18N
2. Electrónica y Equipos de Telecomunicación,2.8 Equipos de telecomunicaciones,SI,2024-09-03,10364,TERMINALES DE TELEX,16.0,Gestionado por Reconecta,Aprovechamiento,REP - 14 - 9308,Eco Industria SAS,Parque Industrial San Jorge,OLÍMPICA AVENIDA 19,830142201-4,LUZ DARY LEGUIZAMON,test@mts.com.co,KR 4 18 42,"BOGOTA, D. C.","BOGOTA, D. C.",4.603034,-74.06904,603265.16,508851.87,18N
3. Maquinaria y Equipo Eléctrico,3.3 Equipos de control y proteción,SI,2024-08-28,9843,SWITCH,10.0,Centro de Acopio,Aprovechamiento,REP - 15 - 9316,Eco Industria SAS,Parque Industrial San Jorge,OLÍMPICA BOSA NOVA,800149695-1,JENNY PRIETO,gestionambiental@cruzverde.com.co,TV 86B 60 58 S,"BOGOTA, D. C.","BOGOTA, D. C.",4.620133,-74.188626,589997.18,510725.94,18N
2. Electrónica y Equipos de Telecomunicación,2.8 Equipos de telecomunicaciones,SI,2024-09-09,10470,TERMINALES DE TELEX,16.0,Centro de Acopio,Aprovechamiento,REP - 15 - 9316,Eco Industria SAS,Parque Industrial San Jorge,OLÍMPICA CALLE 170,860007386,ANA LUCIA GOMEZ,enlacesambientales@gmail.com,AK 58 169A 55,"BOGOTA, D. C.","BOGOTA, D. C.",4.753676,-74.058557,604405.75,525507.21,18N
2. Electrónica y Equipos de Telecomunicación,"2.10 Periféricos, partes y tarjetas para computadores e impresoras",SI,2024-11-22,11838,ups,25.8,Centro de Acopio,Aprovechamiento,REP - 30 - 9339,Eco Industria SAS,Parque Industrial San Jorge,OLÍMPICA CALLE 67,830143447-3,Ana Maria Suarez,test@portal80.com.co,CL 67 10 06,"BOGOTA, D. C.","BOGOTA, D. C.",4.652321,-74.060589,604195.44,514301.88,18N
2. Electrónica y Equipos de Telecomunicación,2.4 Computadores y equipos para tratamiento de datos,SI,2024-07-14,11705,IMPRESORAS Y SCANNER,18.5,Centro de Acopio,Aprovechamiento,REP - 29 - 9315,Eco Industria SAS,Parque Industrial San Jorge,OLÍMPICA CENTRO NARIÑO,860007386,ANA LUCIA GOMEZ,enlacesambientales@gmail.com,AK 30 22C 10,"BOGOTA, D. C.","BOGOTA, D. C.",4.622448,-74.084548,601542.05,510995.89,18N
2. Electrónica y Equipos de Telecomunicación,2.4 Computadores y equipos para tratamiento de datos,SI,2024-08-03,11485,IMPRESORAS Y SCANNER,10.0,Centro de Acopio,Aprovechamiento,REP - 29 - 9315,Eco Industria SAS,Parque Industrial San Jorge,OLÍMPICA CHAPINERO,860518583-7,MARIA PAULA,ambiental@ccmetropolis.com.co,AC 63 16 02,"BOGOTA, D. C.","BOGOTA, D. C.",4.650111,-74.066794,603507.47,514056.64,18N
1. Aparatos electrodomésticos,1.2 Enseres de audio y video,SI,2024-07-07,11381,APARATOS DE GRABACION DE VIDEO,3.0,Gestionado por Reconecta,Aprovechamiento,REP - 30 - 9339,Eco Industria SAS,Parque Industrial San Jorge,OLÍMPICA CHICO 2,900836968-7,LEONARDO BENAVIDES,test@signify.com,KR 15 97 25,"BOGOTA, D. C.","BOGOTA, D. C.",4.682582,-74.049025,605473.67,517649.02,18N
2. Electrónica y Equipos de Telecomunicación,"2.10 Periféricos, partes y tarjetas para computadores e impresoras",SI,2024-08-19,10113,ups,25.8,Centro de Acopio,Aprovechamiento,REP - 29 - 9315,Eco Industria SAS,Parque Industrial San Jorge,OLÍMPICA COSMOS,900836968-7,LEONARDO BENAVIDES,test@signify.com,CL 64 11 10,"BOGOTA, D. C.","BOGOTA, D. C.",4.650521,-74.0627,603961.54,514102.57,18N
2. Electrónica y Equipos de Telecomunicación,2.4 Computadores y equipos para tratamiento de datos,SI,2024-03-14,11701,SERVIDORES,32.0,Centro de Acopio,Aprovechamiento,REP-86-9030,Eco Industria SAS,Parque Industrial San Jorge,OLÍMPICA KENNEDY 1,830142201-4,LUZ DARY LEGUIZAMON,test@mts.com.co,KR 74 38 10 S,"BOGOTA, D. C.","BOGOTA, D. C.",4.619815,-74.149801,594303.98,510695.82,18N
1. Aparatos electrodomésticos,1.2 Enseres de audio y video,SI,2024-10-21,10914,APARATOS DE GRABACION DE VIDEO,3.0,Gestionado por Reconecta,Aprovechamiento,REP-86-9030,Eco Industria SAS,Parque Industrial San Jorge,OLÍMPICA KENNEDY 2,830143447-3,Ana Maria Suarez,test@portal80.com.co,CL 35 # 80 - 35,"BOGOTA, D. C.","BOGOTA, D. C.",4.62522,-74.15206,594052.68,511293.04,18N
2. Electrónica y Equipos de Telecomunicación,2.8 Equipos de telecomunicaciones,SI,2024-08-27,11756,TELÉFONOS CONVENCIONALES,6.7,Centro de Acopio,Aprovechamiento,REP - 29 - 9315,Eco Industria SAS,Parque Industrial San Jorge,OLIMPICA LA CAROLINA,860518583-7,MARIA PAULA,ambiental@ccmetropolis.com.co,AC 127 13A 74,"BOGOTA, D. C.","BOGOTA, D. C.",4.704252,-74.040637,606400.8,520045.97,18N
2. Electrónica y Equipos de Telecomunicación,"2.10 Periféricos, partes y tarjetas para computadores e impresoras",SI,2024-05-12,10949,REPUESTOS O PARTES DE PC/PORTATILES,5.0,Gestionado por Reconecta,Aprovechamiento,REP - 14 - 9308,Eco Industria SAS,Parque Industrial San Jorge,OLÍMPICA LA ESMERALDA,800149695-1,JENNY PRIETO,gestionambiental@cruzverde.com.co,CL 44 50 52,"BOGOTA, D. C.","BOGOTA, D. C.",4.643181,-74.090733,600853.02,513287.06,18N
1. Aparatos electrodomésticos,1.5 Enseres menores de cocina,SI,2024-02-18,11613,OTROS GRANDES APARATOS UTILIZADOS PARA COCINAR Y EN OTROS PROCESOS DE TRANSFORMACION DE LOS ALIMENTOS. APARATOS DE CALEFACCION ELECTRICOS,819.0,Centro de Acopio,Aprovechamiento,REP - 29 - 9315,Eco Industria SAS,Parque Industrial San Jorge,OLÍMPICA MODELO,800087297-6,LUZ STELLA CELIS,co.recepcionfacturase@la.spectrumbrands.com,CL 70A S 44 20,"BOGOTA, D. C.","BOGOTA, D. C.",4.569365,-74.159718,593210.46,505117.32,18N
2. Electrónica y Equipos de Telecomunicación,"2.10 Periféricos, partes y tarjetas para computadores e impresoras",SI,2024-06-23,11630,TONNER,1.0,Gestionado por Reconecta,Aprovechamiento,REP - 14 - 9308,Eco Industria SAS,Parque Industrial San Jorge,OLÍMPICA NORMANDÍA,860518583-7,MARIA PAULA,ambiental@ccmetropolis.com.co,AVENIDA BOYACÁ 53 - 12,"BOGOTA, D. C.","BOGOTA, D. C.",4.6713,-74.1066,599089.02,516393.4,18N
3. Maquinaria y Equipo Eléctrico,3.9 Otros aparatos y sistemas,SI,2024-03-12,10628,MAQUINA EXPENDEDORA AUTOMATICAS DE DINERO,541.58,Centro de Acopio,Aprovechamiento,REP - 30 - 9339,Eco Industria SAS,Parque Industrial San Jorge,OLIMPICA PLAZA DE LAS AMERICAS,860010451-1,DANIELA PEÑA,ambiental@casalimpia.com.co,TV 64 A 26 50 Sur,"BOGOTA, D. C.","BOGOTA, D. C.",4.61864,-74.135376,595904.28,510567.85,18N
2. Electrónica y Equipos de Telecomunicación,"2.10 Periféricos, partes y tarjetas para computadores e impresoras",SI,2024-05-16,11834,TONNER,1.0,Gestionado por Reconecta,Aprovechamiento,REP - 15 - 9316,Eco Industria SAS,Parque Industrial San Jorge,OLIMPICA PORTAL DE LA 80,800087297-6,LUZ STELLA CELIS,co.recepcionfacturase@la.spectrumbrands.com,AC 80 100 52,"BOGOTA, D. C.","BOGOTA, D. C.",4.71084,-74.11213,598470.09,520763.79,18N
2. Electrónica y Equipos de Telecomunicación,2.8 Equipos de telecomunicaciones,SI,2024-05-02,11719,TELEFONOS INALAMBRICOS,6.0,Gestionado por Reconecta,Aprovechamiento,REP-86-9030,Eco Industria SAS,Parque Industrial San Jorge,OLIMPICA QUINTA RAMOS STO414,830143447-3,Ana Maria Suarez,test@portal80.com.co,KR 10 11 34 S,"BOGOTA, D. C.","BOGOTA, D. C.",4.581588,-74.089951,600948.46,506478.0,18N
1. Aparatos electrodomésticos,1.5 Enseres menores de cocina,SI,2024-07-02,10196,TOSTADORA,2.9,Centro de Acopio,Aprovechamiento,REP - 15 - 9316,Eco Industria SAS,Parque Industrial San Jorge,OLIMPICA RESTREPO STO429,900836968-7,LEONARDO BENAVIDES,test@signify.com,CL 16 S 16 03,"BOGOTA, D. C.","BOGOTA, D. C.",4.58486,-74.098879,599957.57,506838.47,18N
1. Aparatos electrodomésticos,1.2 Enseres de audio y video,SI,2024-02-20,11750,"OTROS PRODUCTOS O APARATOS UTILIZADOS PARA REGISTRAR O REPRODUCIR SONIDO O IMAGENES, INCLUIDAS LAS SEÑALES Y TECNOLOGIAS DE DISTRIBUCION DEL SONIDO E IMAGEN DE LA COMUNICACION",529.63,Centro de Acopio,Aprovechamiento,REP - 14 - 9308,Eco Industria SAS,Parque Industrial San Jorge,OLÍMPICA RICAURTE,830143447-3,Ana Maria Suarez,test@portal80.com.co,CL 10 27 56,"BOGOTA, D. C.","BOGOTA, D. C.",4.608696,-74.09286,600621.95,509474.41,18N
1. Aparatos electrodomésticos,1.6 Enseres menores del hogar,SI,2024-02-17,9669,OTROS APARATOS DE LIMPIEZA QUE NO SEAN ASPIRADORAS O LIMPIA MOQUETAS,0.5,Centro de Acopio,Aprovechamiento,REP - 15 - 9316,Eco Industria SAS,Parque Industrial San Jorge,OLÍMPICA SANTA ISABEL,830143447-3,Ana Maria Suarez,test@portal80.com.co,AK 30 2B 53,"BOGOTA, D. C.","BOGOTA, D. C.",4.603391,-74.101068,599712.16,508886.78,18N
2. Electrónica y Equipos de Telecomunicación,"2.10 Periféricos, partes y tarjetas para computadores e impresoras",SI,2024-08-20,10803,"PERIFERICOS (MOUSE, TECLADO, AUDIFONOS, CAMARAS Y OTROS)",0.6,Gestionado por Reconecta,Aprovechamiento,REP - 15 - 9316,Eco Industria SAS,Parque Industrial San Jorge,OLÍMPICA SAO SUBA,860518583-7,MARIA PAULA,ambiental@ccmetropolis.com.co,AC 145 91 19,"BOGOTA, D. C.","BOGOTA, D. C.",4.73772,-74.085542,601415.19,523739.23,18N
2. Electrónica y Equipos de Telecomunicación,2.6 Equipos de electrónica de potencia,SI,2024-04-18,11610,UPS O FUENTES DE PODER,265.0,Gestionado por Reconecta,Aprovechamiento,REP - 15 - 9316,Eco Industria SAS,Parque Industrial San Jorge,OLÍMPICA SÚPER TIENDA QUINTA RAMOS,860518583-7,MARIA PAULA,ambiental@ccmetropolis.com.co,KR 10 11 34 S,"BOGOTA, D. C.","BOGOTA, D. C.",4.581588,-74.089951,600948.46,506478.0,18N
1. Aparatos electrodomésticos,1.4 Enseres menores de calentamiento,SI,2024-12-17,10310,Sanduchera / Tostadora,6.8,Gestionado por Reconecta,Aprovechamiento,REP - 29 - 9315,Eco Industria SAS,Parque Industrial San Jorge,OLÍMPICA VENECIA,800149695-1,JENNY PRIETO,gestionambiental@cruzverde.com.co,CL 46 S 21 56,"BOGOTA, D. C.","BOGOTA, D. C.",4.573958,-74.126045,596945.39,505629.52,18N
1. Aparatos electrodomésticos,1.6 Enseres menores del hogar,SI,2024-11-13,10422,OTROS APARATOS DE LIMPIEZA QUE NO SEAN ASPIRADORAS O LIMPIA MOQUETAS,28.28,Centro de Acopio,Aprovechamiento,REP - 15 - 9316,Eco Industria SAS,Parque Industrial San Jorge,ONE CLICK MOTOS,860010451-1,DANIELA PEÑA,ambiental@casalimpia.com.co,Av. Boyacá # 49 a sur 44,"BOGOTA, D. C.","BOGOTA, D. C.",4.5917,-74.14508,594831.4,507588.35,18N
2. Electrónica y Equipos de Telecomunicación,2.4 Computadores y equipos para tratamiento de datos,SI,2024-11-17,10668,CPU,7.0,Gestionado por Reconecta,Aprovechamiento,REP - 14 - 9308,Eco Industria SAS,Parque Industrial San Jorge,OPERADOR DE ACTIVOS INMOVILIARIOS,860007386,ANA LUCIA GOMEZ,enlacesambientales@gmail.com,CL 12B 71D 61,"BOGOTA, D. C.","BOGOTA, D. C.",4.645339,-74.129641,596536.83,513520.2,18N
2. Electrónica y Equipos de Telecomunicación,2.8 Equipos de telecomunicaciones,SI,2024-12-04,11126,ROUTER,4.0,Gestionado por Reconecta,Aprovechamiento,REP-86-9030,Eco Industria SAS,Parque Industrial San Jorge,ORTOPÉDICOS FUTURO CAOLOMBIA SAS,860518583-7,MARIA PAULA,ambiental@ccmetropolis.com.co,KR 14 79 71,"BOGOTA, D. C.","BOGOTA, D. C.",4.665704,-74.056633,604632.29,515781.98,18N
3. Maquinaria y Equipo Eléctrico,3.11 Pilas y acumuladores,SI,2024-12-25,11169,BATERIAS DE LITIO,40.0,Centro de Acopio,Aprovechamiento,REP - 15 - 9316,Eco Industria SAS,Parque Industrial San Jorge,OXYMASTER,860010451-1,DANIELA PEÑA,ambiental@casalimpia.com.co,CL 21 42 81,"BOGOTA, D. C.","BOGOTA, D. C.",4.629277,-74.097058,600153.37,511749.06,18N
1. Aparatos electrodomésticos,1.1 Cocinas y hornos,SI,2024-08-15,9569,HORNOS DE MICROONDAS,10.0,Centro de Acopio,Aprovechamiento,REP - 29 - 9315,Eco Industria SAS,Parque Industrial San Jorge,PACTIA SAS,800087297-6,LUZ STELLA CELIS,co.recepcionfacturase@la.spectrumbrands.com,CL 59C S 51 21,"BOGOTA, D. C.","BOGOTA, D. C.",4.581634,-74.155664,593658.6,506474.17,18N
2. Electrónica y Equipos de Telecomunicación,2.8 Equipos de telecomunicaciones,SI,2024-11-03,9147,TERMINALES DE FAX,4.81,Centro de Acopio,Aprovechamiento,REP - 15 - 9316,Eco Industria SAS,Parque Industrial San Jorge,PACTIA SAS,860518583-7,MARIA PAULA,ambiental@ccmetropolis.com.co,CL 65 S 78H 51,"BOGOTA, D. C.","BOGOTA, D. C.",4.605002,-74.183788,590535.77,509053.85,18N
1. Aparatos electrodomésticos,1.6 Enseres menores del hogar,SI,2024-06-24,9716,MAQUINAS DE COSER,93.1,Gestionado por Reconecta,Aprovechamiento,REP - 15 - 9316,Eco Industria SAS,Parque Industrial San Jorge,PANALPINA S.A.,800149695-1,JENNY PRIETO,gestionambiental@cruzverde.com.co,DG 24C 96B 65,"BOGOTA, D. C.","BOGOTA, D. C.",4.681382,-74.130304,596458.37,517504.67,18N
1. Aparatos electrodomésticos,1.1 Cocinas y hornos,SI,2024-03-14,9237,HORNOS DE MICROONDAS,38.87,Gestionado por Reconecta,Aprovechamiento,REP-86-9030,Eco Industria SAS,Parque Industrial San Jorge,PANAMERICANA LIBRERIA Y PAPELERIA SA,830143447-3,Ana Maria Suarez,test@portal80.com.co,AK 45 168 30,"BOGOTA, D. C.","BOGOTA, D. C.",4.749588,-74.046367,605758.36,525057.12,18N
2. Electrónica y Equipos de Telecomunicación,2.4 Computadores y equipos para tratamiento de datos,SI,2024-10-15,11023,CPU,20.0,Gestionado por Reconecta,Aprovechamiento,REP - 30 - 9339,Eco Industria SAS,Parque Industrial San Jorge,PANAMERICANA LIBRERIA Y PAPELERIA SA,900836968-7,LEONARDO BENAVIDES,test@signify.com,KR 38A 34D 50 SUR,"BOGOTA, D. C.","BOGOTA, D. C.",4.5903,-74.1239,597181.14,507436.42,18N
1. Aparatos electrodomésticos,1.1 Cocinas y hornos,SI,2024-02-03,10694,HORNOS DE MICROONDAS,9.0,Centro de Acopio,Aprovechamiento,REP - 14 - 9308,Eco Industria SAS,Parque Industrial San Jorge,PAREX RESOURCES COLOMBIA LTD.,860007386,ANA LUCIA GOMEZ,enlacesambientales@gmail.com,CL 113 7 21,"BOGOTA, D. C.","BOGOTA, D. C.",4.691688,-74.034651,607066.67,518657.89,18N
2. Electrónica y Equipos de Telecomunicación,"2.10 Periféricos, partes y tarjetas para computadores e impresoras",SI,2024-09-08,9978,Tonner De Impresora / Aprovechamiento,2.0,Centro de Acopio,Aprovechamiento,REP - 14 - 9308,Eco Industria SAS,Parque Industrial San Jorge,PARQUE COMERCIAL COLINA 138,830143447-3,Ana Maria Suarez,test@portal80.com.co,CL 138 55 53,"BOGOTA, D. C.","BOGOTA, D. C.",4.72645,-74.06079,604162.16,522496.97,18N
3. Maquinaria y Equipo Eléctrico,3.9 Otros aparatos y sistemas,SI,2024-04-13,10075,MAQUINA EXPENDEDORA AUTOMATICAS DE DINERO,478.07,Gestionado por Reconecta,Aprovechamiento,REP - 15 - 9316,Eco Industria SAS,Parque Industrial San Jorge,PARQUE ECOLÓGICO DISTRITAL DE MONTAÑA ENTRE NUBES,860007386,ANA LUCIA GOMEZ,enlacesambientales@gmail.com,Carrera 3 Este No. 50 - 00 Sur,"BOGOTA, D. C.","BOGOTA, D. C.",4.5389,-74.09739,600129.12,501757.77,18N
2. Electrónica y Equipos de Telecomunicación,2.4 Computadores y equipos para tratamiento de datos,SI,2024-10-26,10348,COMPUTADORES TODO EN UNO,2.0,Gestionado por Reconecta,Aprovechamiento,REP - 15 - 9316,Eco Industria SAS,Parque Industrial San Jorge,PARQUE MIRADOR DE LOS NEVADOS,900836968-7,LEONARDO BENAVIDES,test@signify.com,KR 84C 145 50,"BOGOTA, D. C.","BOGOTA, D. C.",4.736659,-74.081236,601892.93,523622.56,18N
2. Electrónica y Equipos de Telecomunicación,2.4 Computadores y equipos para tratamiento de datos,SI,2024-04-07,10680,DM - IMPRESORAS Y SCANNER,30.3,Gestionado por Reconecta,Aprovechamiento,REP - 14 - 9308,Eco Industria SAS,Parque Industrial San Jorge,PARQUE RESIDENCIAL Y COMERCIAL VICTORIA,830142201-4,LUZ DARY LEGUIZAMON,test@mts.com.co,Av. Caracas 9-48,"BOGOTA, D. C.","BOGOTA, D. C.",4.60055,-74.08177,601853.34,508575.43,18N
1. Aparatos electrodomésticos,1.6 Enseres menores del hogar,SI,2024-01-24,10082,ASPIRADORAS,42.61,Centro de Acopio,Aprovechamiento,REP - 15 - 9316,Eco Industria SAS,Parque Industrial San Jorge,PARQUES NACIONALES NATURALES DE COLOMBIA - SEDE CENTRAL,830143447-3,Ana Maria Suarez,test@portal80.com.co,CL 74 11 81,"BOGOTA, D. C.","BOGOTA, D. C.",4.659846,-74.058797,604393.11,515134.04,18N
1. Aparatos electrodomésticos,1.6 Enseres menores del hogar,SI,2024-04-17,10384,"RELOJES Y APARATOS DESTINADOS A MEDIR, INDICAR O REGISTRAR EL TIEMPO",2.6,Gestionado por Reconecta,Aprovechamiento,REP - 14 - 9308,Eco Industria SAS,Parque Industrial San Jorge,PARQUES NACIONALES NATURALES - TERRITORIAL AMAZONIA,900836968-7,LEONARDO BENAVIDES,test@signify.com,CL 9 8 79,"BOGOTA, D. C.","BOGOTA, D. C.",4.597426,-74.077927,602280.1,508230.62,18N
1. Aparatos electrodomésticos,1.8 Equipos de acondicionamiento de aire,SI,2024-03-10,10110,APARATOS DE AIRE ACONDICIONADO,18.4,Gestionado por Reconecta,Aprovechamiento,REP - 15 - 9316,Eco Industria SAS,Parque Industrial San Jorge,PAVCO,860010451-1,DANIELA PEÑA,ambiental@casalimpia.com.co,TV 18JBISB 71 75 S,"BOGOTA, D. C.","BOGOTA, D. C.",4.545671,-74.150616,594223.29,502499.15,18N
1. Aparatos electrodomésticos,1.9 Herramientas para el hogar,SI,2024-10-02,10645,TALADRADORAS,2.0,Gestionado por Reconecta,Aprovechamiento,REP - 30 - 9339,Eco Industria SAS,Parque Industrial San Jorge,PEPSICO ALIMENTOS COLOMBIA,860010451-1,DANIELA PEÑA,ambiental@casalimpia.com.co,CL 110 9 25,"BOGOTA, D. C.","BOGOTA, D. C.",4.691015,-74.038598,606628.97,518582.89,18N
2. Electrónica y Equipos de Telecomunicación,"2.10 Periféricos, partes y tarjetas para computadores e impresoras",SI,2024-07-18,10644,REPUESTOS O PARTES DE PC/PORTATILES,5.0,Centro de Acopio,Aprovechamiento,REP - 29 - 9315,Eco Industria SAS,Parque Industrial San Jorge,Periódico EL Tiempo (Casa editorial),860518583-7,MARIA PAULA,ambiental@ccmetropolis.com.co,AC 26 59 70,"BOGOTA, D. C.","BOGOTA, D. C.",4.657293,-74.105238,599242.06,514845.1,18N
2. Electrónica y Equipos de Telecomunicación,"2.10 Periféricos, partes y tarjetas para computadores e impresoras",SI,2024-04-15,10117,REPUESTOS O PARTES DE PC/PORTATILES,5.0,Gestionado por Reconecta,Aprovechamiento,REP - 14 - 9308,Eco Industria SAS,Parque Industrial San Jorge,PHARMA 26 EXPRESS,860007386,ANA LUCIA GOMEZ,enlacesambientales@gmail.com,CL 25G 74B 51,"BOGOTA, D. C.","BOGOTA, D. C.",4.669554,-74.115828,598065.68,516199.08,18N
2. Electrónica y Equipos de Telecomunicación,"2.10 Periféricos, partes y tarjetas para computadores e impresoras",SI,2024-09-18,11310,TONNER Y CARTUCHOS EN DESUSO,4.0,Centro de Acopio,Aprovechamiento,REP - 30 - 9339,Eco Industria SAS,Parque Industrial San Jorge,PHARMETIQUE S.A.,900836968-7,LEONARDO BENAVIDES,test@signify.com,KR 65B 13 13,"BOGOTA, D. C.","BOGOTA, D. C.",4.636057,-74.116043,598046.47,512495.94,18N
3. Maquinaria y Equipo Eléctrico,3.4 Equipos de iluminación,SI,2024-04-17,11894,BOMBILLOS COMPACTOS - SIGNIFY,0.2,Centro de Acopio,Aprovechamiento,REP-86-9030,Eco Industria SAS,Parque Industrial San Jorge,POLICIA METROPOLITANA DE BOGOTA,830142201-4,LUZ DARY LEGUIZAMON,test@mts.com.co,AK 36 11A 54,"BOGOTA, D. C.","BOGOTA, D. C.",4.616599,-74.098568,599987.64,510347.29,18N
3. Maquinaria y Equipo Eléctrico,3.11 Pilas y acumuladores,SI,2024-07-22,9628,BATERIAS DE LITIO,726.33,Gestionado por Reconecta,Aprovechamiento,REP - 29 - 9315,Eco Industria SAS,Parque Industrial San Jorge,POLICIA METROPOLITANA DE BOGOTA,830142201-4,LUZ DARY LEGUIZAMON,test@mts.com.co,KR 14 6 04 S,"BOGOTA, D. C.","BOGOTA, D. C.",4.587812,-74.092455,600669.8,507165.72,18N
3. Maquinaria y Equipo Eléctrico,3.11 Pilas y acumuladores,SI,2024-03-06,10888,BATERIAS DE LITIO,15.0,Gestionado por Reconecta,Aprovechamiento,REP - 15 - 9316,Eco Industria SAS,Parque Industrial San Jorge,POLICIA METROPOLITANA DE BOGOTA,900836968-7,LEONARDO BENAVIDES,test@signify.com,CL 165 8A 43,"BOGOTA, D. C.","BOGOTA, D. C.",4.741806,-74.026631,607948.51,524199.84,18N
2. Electrónica y Equipos de Telecomunicación,"2.10 Periféricos, partes y tarjetas para computadores e impresoras",SI,2024-08-20,11628,TONER DE IMPRESORA/APROVECHAMIENTO,33.39,Centro de Acopio,Aprovechamiento,REP - 29 - 9315,Eco Industria SAS,Parque Industrial San Jorge,POLICIA METROPOLITANA DE BOGOTA,800087297-6,LUZ STELLA CELIS,co.recepcionfacturase@la.spectrumbrands.com,CL 22F 103 09,"BOGOTA, D. C.","BOGOTA, D. C.",4.678374,-74.141568,595209.39,517170.6,18N
2. Electrónica y Equipos de Telecomunicación,2.7 Equipos de instrumentación y control,SI,2024-03-15,11194,OTROS INSTRUMENTOS DE VIGILANCIA Y CONTROL UTILIZADOS EN INSTALACIONES INDUSTRIALES,13.25,Gestionado por Reconecta,Aprovechamiento,REP - 14 - 9308,Eco Industria SAS,Parque Industrial San Jorge,POLICIA METROPOLITANA DE BOGOTA,860010451-1,DANIELA PEÑA,ambiental@casalimpia.com.co,KR 7 34 86,"BOGOTA, D. C.","BOGOTA, D. C.",4.622102,-74.066616,603531.3,510960.22,18N
1. Aparatos electrodomésticos,1.6 Enseres menores del hogar,SI,2024-06-15,9507,ASPIRADORAS,4.0,Gestionado por Reconecta,Aprovechamiento,REP - 15 - 9316,Eco Industria SAS,Parque Industrial San Jorge,POLICIA METROPOLITANA DE BOGOTA,900836968-7,LEONARDO BENAVIDES,test@signify.com,KR 33 48C 02 S,"BOGOTA, D. C.","BOGOTA, D. C.",4.585373,-74.133176,596152.79,506890.49,18N
1. Aparatos electrodomésticos,1.7 Enseres menores personales,SI,2024-05-25,9224,"APARATOS PARA CORTAR EL PELO, PARA SECAR EL PELO, PARA CEPILLARSE LOS DIENTES, MAQUINAS PARA AFEITAR, APARATOS DE MASAJE Y OTROS CUIDADOS CORPORALES",8.2,Centro de Acopio,Aprovechamiento,REP - 30 - 9339,Eco Industria SAS,Parque Industrial San Jorge,POLICIA METROPOLITANA DE BOGOTA,900836968-7,LEONARDO BENAVIDES,test@signify.com,KR 2 56 40,"BOGOTA, D. C.","BOGOTA, D. C.",4.641138,-74.058869,604387.88,513065.82,18N
2. Electrónica y Equipos de Telecomunicación,2.8 Equipos de telecomunicaciones,SI,2024-08-17,10130,TERMINALES DE TELEX,16.0,Gestionado por Reconecta,Aprovechamiento,REP - 29 - 9315,Eco Industria SAS,Parque Industrial San Jorge,POLICIA METROPOLITANA DE BOGOTA,800149695-1,JENNY PRIETO,gestionambiental@cruzverde.com.co,KR 5 29 01 S,"BOGOTA, D. C.","BOGOTA, D. C.",4.567123,-74.095241,600363.62,504878.14,18N
1. Aparatos electrodomésticos,1.4 Enseres menores de calentamiento,SI,2024-04-27,9991,PLANCHAS Y OTROS APARATOS UTILIZADOS PARA PLANCHAR Y PARA DAR OTRO TIPO DE CUIDADOR A LA ROPA,1.9,Gestionado por Reconecta,Aprovechamiento,REP - 14 - 9308,Eco Industria SAS,Parque Industrial San Jorge,POLICIA METROPOLITANA DE BOGOTA,800087297-6,LUZ STELLA CELIS,co.recepcionfacturase@la.spectrumbrands.com,AV 1 de mayo 1 90 este,"BOGOTA, D. C.","BOGOTA, D. C.",4.57078,-74.08822,601142.01,505283.41,18N
2. Electrónica y Equipos de Telecomunicación,2.8 Equipos de telecomunicaciones,SI,2024-04-01,11494,ROUTER,4.0,Centro de Acopio,Aprovechamiento,REP-86-9030,Eco Industria SAS,Parque Industrial San Jorge,POLICIA METROPOLITANA DE BOGOTA,830142201-4,LUZ DARY LEGUIZAMON,test@mts.com.co,Av. Boyaca 142 A - 55,"BOGOTA, D. C.","BOGOTA, D. C.",4.73138,-74.0686,603295.2,523040.83,18N
1. Aparatos electrodomésticos,1.2 Enseres de audio y video,SI,2024-06-17,11767,TELEVISORES,15.0,Gestionado por Reconecta,Aprovechamiento,REP-86-9030,Eco Industria SAS,Parque Industrial San Jorge,POLICIA METROPOLITANA DE BOGOTA,860518583-7,MARIA PAULA,ambiental@ccmetropolis.com.co,AV usme 96a 97 sur,"BOGOTA, D. C.","BOGOTA, D. C.",4.5009,-74.1174,597914.28,497554.13,18N
2. Electrónica y Equipos de Telecomunicación,"2.10 Periféricos, partes y tarjetas para computadores e impresoras",SI,2024-09-27,9078,"PERIFERICOS (MOUSE, TECLADO, AUDIFONOS, CAMARAS Y OTROS)",103.0,Gestionado por Reconecta,Aprovechamiento,REP - 15 - 9316,Eco Industria SAS,Parque Industrial San Jorge,POLICIA METROPOLITANA DE BOGOTA,830143447-3,Ana Maria Suarez,test@portal80.com.co,KR 33 48C 02 S,"BOGOTA, D. C.","BOGOTA, D. C.",4.585373,-74.133176,596152.79,506890.49,18N
1. Aparatos electrodomésticos,1.4 Enseres menores de calentamiento,SI,2024-02-22,10870,Sanduchera / Tostadora,6.8,Gestionado por Reconecta,Aprovechamiento,REP - 29 - 9315,Eco Industria SAS,Parque Industrial San Jorge,POLICIA METROPOLITANA DE BOGOTA,830143447-3,Ana Maria Suarez,test@portal80.com.co,CL 68B S 77 23,"BOGOTA, D. C.","BOGOTA, D. C.",4.57889,-74.178777,591094.95,506167.85,18N
1. Aparatos electrodomésticos,1.6 Enseres menores del hogar,SI,2024-06-10,9091,ASPIRADORAS,472.86,Centro de Acopio,Aprovechamiento,REP - 14 - 9308,Eco Industria SAS,Parque Industrial San Jorge,POLICIA METROPOLITANA DE BOGOTA,860518583-7,MARIA PAULA,ambiental@ccmetropolis.com.co,CL 41D S 78N 05,"BOGOTA, D. C.","BOGOTA, D. C.",4.619669,-74.159089,593273.7,510678.46,18N
1. Aparatos electrodomésticos,1.6 Enseres menores del hogar,SI,2024-12-02,10434,"HERRAMIENTAS PARA ROCIAR, ESPARCIR, PROPAGAR O APLICAR OTROS TRATAMIENTOS CON SUSTANCIAS LÍQUIDAS O GASEOSAS POR OTROS MEDIOS",209.6,Gestionado por Reconecta,Aprovechamiento,REP - 15 - 9316,Eco Industria SAS,Parque Industrial San Jorge,POLICIA METROPOLITANA DE BOGOTA,900836968-7,LEONARDO BENAVIDES,test@signify.com,KR 98 16B 50,"BOGOTA, D. C.","BOGOTA, D. C.",4.668082,-74.148549,594436.44,516031.88,18N
2. Electrónica y Equipos de Telecomunicación,2.6 Equipos de electrónica de potencia,SI,2024-09-01,11231,UPS O FUENTES DE PODER,24.9,Gestionado por Reconecta,Aprovechamiento,REP - 29 - 9315,Eco Industria SAS,Parque Industrial San Jorge,POLICIA METROPOLITANA DE BOGOTA,860518583-7,MARIA PAULA,ambiental@ccmetropolis.com.co,KR 78A 70 54,"BOGOTA, D. C.","BOGOTA, D. C.",4.69022,-74.10269,599520.05,518485.57,18N
1. Aparatos electrodomésticos,1.4 Enseres menores de calentamiento,SI,2024-06-13,10883,APARATOS DE CALEFACCIÓN ELÉCTRICOS,108.26,Centro de Acopio,Aprovechamiento,REP-86-9030,Eco Industria SAS,Parque Industrial San Jorge,POLICIA METROPOLITANA DE BOGOTA,860010451-1,DANIELA PEÑA,ambiental@casalimpia.com.co,KR 92 146 02,"BOGOTA, D. C.","BOGOTA, D. C.",4.739723,-74.085221,601450.5,523960.71,18N
3. Maquinaria y Equipo Eléctrico,3.11 Pilas y acumuladores,SI,2024-02-02,10967,BATERIAS DE LITIO,1053.41,Centro de Acopio,Aprovechamiento,REP - 15 - 9316,Eco Industria SAS,Parque Industrial San Jorge,POLICIA METROPOLITANA DE BOGOTA,900836968-7,LEONARDO BENAVIDES,test@signify.com,CL 72 62 81,"BOGOTA, D. C.","BOGOTA, D. C.",4.673933,-74.081597,601862.01,516688.05,18N
3. Maquinaria y Equipo Eléctrico,3.12 Refrigeración y equipos de acondicionamiento de aire industriales,SI,2024-04-08,9336,MÁQUINAS DISPENSADORAS DE BEBIDAS CALIENTES,14.2,Gestionado por Reconecta,Aprovechamiento,REP - 14 - 9308,Eco Industria SAS,Parque Industrial San Jorge,POLICIA METROPOLITANA DE BOGOTA,800087297-6,LUZ STELLA CELIS,co.recepcionfacturase@la.spectrumbrands.com,KR 13 40A 26,"BOGOTA, D. C.","BOGOTA, D. C.",4.627526,-74.067092,603477.71,511559.79,18N
2. Electrónica y Equipos de Telecomunicación,2.4 Computadores y equipos para tratamiento de datos,SI,2024-04-18,9541,CPU,35.0,Centro de Acopio,Aprovechamiento,REP - 29 - 9315,Eco Industria SAS,Parque Industrial San Jorge,POLICIA METROPOLITANA DE BOGOTA,830143447-3,Ana Maria Suarez,test@portal80.com.co,KR 24 12 32,"BOGOTA, D. C.","BOGOTA, D. C.",4.609112,-74.088807,601071.49,509520.97,18N
2. Electrónica y Equipos de Telecomunicación,"2.10 Periféricos, partes y tarjetas para computadores e impresoras",SI,2024-03-01,9297,"PERIFERICOS (MOUSE, TECLADO, AUDIFONOS, CAMARAS Y OTROS)",1.5,Centro de Acopio,Aprovechamiento,REP - 15 - 9316,Eco Industria SAS,Parque Industrial San Jorge,POLICIA METROPOLITANA DE BOGOTA,900836968-7,LEONARDO BENAVIDES,test@signify.com,AC 45A S 50A 10,"BOGOTA, D. C.","BOGOTA, D. C.",4.59384,-74.129267,596585.29,507827.04,18N
2. Electrónica y Equipos de Telecomunicación,2.4 Computadores y equipos para tratamiento de datos,SI,2024-10-17,11743,DISCO DURO,358.0,Centro de Acopio,Aprovechamiento,REP-86-9030,Eco Industria SAS,Parque Industrial San Jorge,POLICIA METROPOLITANA DE BOGOTA,900836968-7,LEONARDO BENAVIDES,test@signify.com,KR 24 18 90 S,"BOGOTA, D. C.","BOGOTA, D. C.",4.585756,-74.103383,599457.8,506936.9,18N
2. Electrónica y Equipos de Telecomunicación,2.4 Computadores y equipos para tratamiento de datos,SI,2024-11-22,10946,DISCO DURO,1.2,Gestionado por Reconecta,Aprovechamiento,REP - 14 - 9308,Eco Industria SAS,Parque Industrial San Jorge,POLICIA METROPOLITANA DE BOGOTA,830143447-3,Ana Maria Suarez,test@portal80.com.co,KR 39 10 08,"BOGOTA, D. C.","BOGOTA, D. C.",4.617116,-74.102641,599535.75,510403.87,18N
2. Electrónica y Equipos de Telecomunicación,2.5 Electrónica de consumo,SI,2024-12-31,10008,AMPLIFICADOR DE SONIDO,4.04,Gestionado por Reconecta,Aprovechamiento,REP - 14 - 9308,Eco Industria SAS,Parque Industrial San Jorge,POLICIA METROPOLITANA DE BOGOTA,860010451-1,DANIELA PEÑA,ambiental@casalimpia.com.co,KR 7 6A 12,"BOGOTA, D. C.","BOGOTA, D. C.",4.591525,-74.079086,602152.36,507578.09,18N
2. Electrónica y Equipos de Telecomunicación,2.8 Equipos de telecomunicaciones,SI,2024-06-24,11433,"TELÉFONOS; PÚBLICOS, INALÁMBRICOS Y MÓVILES",3.0,Gestionado por Reconecta,Aprovechamiento,REP - 30 - 9339,Eco Industria SAS,Parque Industrial San Jorge,POLICIA METROPOLITANA DE BOGOTA,830142201-4,LUZ DARY LEGUIZAMON,test@mts.com.co,CL 19 S 24C 51,"BOGOTA, D. C.","BOGOTA, D. C.",4.58705,-74.10484,599295.99,507079.75,18N
2. Electrónica y Equipos de Telecomunicación,"2.10 Periféricos, partes y tarjetas para computadores e impresoras",SI,2024-08-19,10939,TONER DE IMPRESORA/APROVECHAMIENTO,80.0,Centro de Acopio,Aprovechamiento,REP - 30 - 9339,Eco Industria SAS,Parque Industrial San Jorge,POLICIA METROPOLITANA DE BOGOTA,900836968-7,LEONARDO BENAVIDES,test@signify.com,DG 70 S 54 05,"BOGOTA, D. C.","BOGOTA, D. C.",4.576851,-74.164492,592679.9,505944.27,18N
2. Electrónica y Equipos de Telecomunicación,2.8 Equipos de telecomunicaciones,SI,2024-02-15,9676,TELEFONOS INALAMBRICOS,6.0,Gestionado por Reconecta,Aprovechamiento,REP - 30 - 9339,Eco Industria SAS,Parque Industrial San Jorge,POLICIA METROPOLITANA DE BOGOTA,800149695-1,JENNY PRIETO,gestionambiental@cruzverde.com.co,DG 23 69 00,"BOGOTA, D. C.","BOGOTA, D. C.",4.65417,-74.114606,598203.37,514498.54,18N
2. Electrónica y Equipos de Telecomunicación,2.8 Equipos de telecomunicaciones,SI,2024-04-20,9096,"TELÉFONOS; PÚBLICOS, INALÁMBRICOS Y MÓVILES",4.0,Centro de Acopio,Aprovechamiento,REP - 14 - 9308,Eco Industria SAS,Parque Industrial San Jorge,POLICLINICO 20 DE JULIO LTDA.,830142201-4,LUZ DARY LEGUIZAMON,test@mts.com.co,CL 27 S 5 55,"BOGOTA, D. C.","BOGOTA, D. C.",4.568827,-74.094356,600461.57,505066.64,18N
2. Electrónica y Equipos de Telecomunicación,2.4 Computadores y equipos para tratamiento de datos,SI,2024-02-08,11248,CPU,10.0,Gestionado por Reconecta,Aprovechamiento,REP-86-9030,Eco Industria SAS,Parque Industrial San Jorge,POLICLÍNICO ESPECIALIZADO MAC- AUDIFARMA,830142201-4,LUZ DARY LEGUIZAMON,test@mts.com.co,KR 20 22 31 S,"BOGOTA, D. C.","BOGOTA, D. C.",4.583496,-74.104961,599283.05,506686.84,18N
3. Maquinaria y Equipo Eléctrico,3.9 Otros aparatos y sistemas,SI,2024-01-29,9540,MAQUINA EXPENDEDORA AUTOMATICAS DE DINERO,83.0,Centro de Acopio,Aprovechamiento,REP-86-9030,Eco Industria SAS,Parque Industrial San Jorge,POLYUPROTEC S.A,800149695-1,JENNY PRIETO,gestionambiental@cruzverde.com.co,KR 123 14A 11,"BOGOTA, D. C.","BOGOTA, D. C.",4.681587,-74.167213,592364.46,517522.36,18N
1. Aparatos electrodomésticos,1.4 Enseres menores de calentamiento,SI,2024-08-26,9018,APARATOS ELECTRODOMESTICOS/HORNOS DE MICROONDAS,21.7,Gestionado por Reconecta,Aprovechamiento,REP - 29 - 9315,Eco Industria SAS,Parque Industrial San Jorge,PONTIFICIA UNIVERSIDAD JAVERIANA,860518583-7,MARIA PAULA,ambiental@ccmetropolis.com.co,AC 8 S 40 62,"BOGOTA, D. C.","BOGOTA, D. C.",4.606386,-74.115868,598069.96,509215.83,18N
2. Electrónica y Equipos de Telecomunicación,"2.10 Periféricos, partes y tarjetas para computadores e impresoras",SI,2024-02-09,11581,Tonner De Impresora / Aprovechamiento,2.0,Centro de Acopio,Aprovechamiento,REP-86-9030,Eco Industria SAS,Parque Industrial San Jorge,Presidencia de la Republica,800149695-1,JENNY PRIETO,gestionambiental@cruzverde.com.co,CL 7 # 6 - 54,"BOGOTA, D. C.","BOGOTA, D. C.",4.5943,-74.0779,602283.54,507885.04,18N
1. Aparatos electrodomésticos,1.4 Enseres menores de calentamiento,SI,2024-03-21,10842,Sanduchera / Tostadora,6.8,Centro de Acopio,Aprovechamiento,REP - 29 - 9315,Eco Industria SAS,Parque Industrial San Jorge,PRICESMART COLOMBIA CLUB,800087297-6,LUZ STELLA CELIS,co.recepcionfacturase@la.spectrumbrands.com,KR 8 167D 88,"BOGOTA, D. C.","BOGOTA, D. C.",4.746461,-74.025202,608106.28,524714.69,18N
1. Aparatos electrodomésticos,1.6 Enseres menores del hogar,SI,2024-08-01,9075,OTROS APARATOS DE LIMPIEZA QUE NO SEAN ASPIRADORAS O LIMPIA MOQUETAS,30.4,Gestionado por Reconecta,Aprovechamiento,REP-86-9030,Eco Industria SAS,Parque Industrial San Jorge,PRICESMART SALITRE,860010451-1,DANIELA PEÑA,ambiental@casalimpia.com.co,AC 26 71A 16,"BOGOTA, D. C.","BOGOTA, D. C.",4.665215,-74.110307,598678.69,515720.17,18N
1. Aparatos electrodomésticos,1.6 Enseres menores del hogar,SI,2024-05-29,9655,"HERRAMIENTAS PARA ROCIAR, ESPARCIR, PROPAGAR O APLICAR OTROS TRATAMIENTOS CON SUSTANCIAS LÍQUIDAS O GASEOSAS POR OTROS MEDIOS",2.0,Centro de Acopio,Aprovechamiento,REP - 14 - 9308,Eco Industria SAS,Parque Industrial San Jorge,Procar Bogotá,830142201-4,LUZ DARY LEGUIZAMON,test@mts.com.co,CL 18 # 68D - 37,"BOGOTA, D. C.","BOGOTA, D. C.",4.644729,-74.119144,597701.3,513454.21,18N
3. Maquinaria y Equipo Eléctrico,3.11 Pilas y acumuladores,SI,2024-03-04,9430,PILAS,22.0,Centro de Acopio,Aprovechamiento,REP - 29 - 9315,Eco Industria SAS,Parque Industrial San Jorge,PROCURADURÍA GENERAL DE LA NACIÓN,830142201-4,LUZ DARY LEGUIZAMON,test@mts.com.co,KR 5 15 50 Piso 3,"BOGOTA, D. C.","BOGOTA, D. C.",4.600942,-74.071944,602943.31,508620.18,18N
1. Aparatos electrodomésticos,1.4 Enseres menores de calentamiento,SI,2024-04-01,9220,HORNOS DE MICROONDAS/ APARATOS ELECTRODOMESTICOS,67.0,Gestionado por Reconecta,Aprovechamiento,REP - 15 - 9316,Eco Industria SAS,Parque Industrial San Jorge,PRODUCTOS ROCHE S.A,830142201-4,LUZ DARY LEGUIZAMON,test@mts.com.co,KR 44 20 21,"BOGOTA, D. C.","BOGOTA, D. C.",4.627532,-74.100902,599727.21,511555.61,18N
2. Electrónica y Equipos de Telecomunicación,2.8 Equipos de telecomunicaciones,SI,2024-01-08,10829,TERMINALES DE FAX,4.0,Centro de Acopio,Aprovechamiento,REP - 29 - 9315,Eco Industria SAS,Parque Industrial San Jorge,PROFAMILIA,800149695-1,JENNY PRIETO,gestionambiental@cruzverde.com.co,CL 34 14 52,"BOGOTA, D. C.","BOGOTA, D. C.",4.623147,-74.070019,603153.65,511075.25,18N
1. Aparatos electrodomésticos,1.7 Enseres menores personales,SI,2024-07-10,9844,"APARATOS PARA CORTAR EL PELO, PARA SECAR EL PELO, PARA CEPILLARSE LOS DIENTES, MAQUINAS PARA AFEITAR, APARATOS DE MASAJE Y OTROS CUIDADOS CORPORALES",0.2,Gestionado por Reconecta,Aprovechamiento,REP - 29 - 9315,Eco Industria SAS,Parque Industrial San Jorge,PROQUINAL S.A,830142201-4,LUZ DARY LEGUIZAMON,test@mts.com.co,CL 11A 34 50,"BOGOTA, D. C.","BOGOTA, D. C.",4.615349,-74.097963,600054.93,510209.18,18N
2. Electrónica y Equipos de Telecomunicación,"2.10 Periféricos, partes y tarjetas para computadores e impresoras",SI,2024-07-13,9652,CD,8.0,Gestionado por Reconecta,Aprovechamiento,REP - 29 - 9315,Eco Industria SAS,Parque Industrial San Jorge,PROSPERIDAD SOCIAL SEDE CHAPINERO,860518583-7,MARIA PAULA,ambiental@ccmetropolis.com.co,KR 13 60 67,"BOGOTA, D. C.","BOGOTA, D. C.",4.647455,-74.063948,603823.56,513763.43,18N
2. Electrónica y Equipos de Telecomunicación,"2.10 Periféricos, partes y tarjetas para computadores e impresoras",SI,2024-08-15,9840,ups,25.8,Gestionado por Reconecta,Aprovechamiento,REP - 30 - 9339,Eco Industria SAS,Parque Industrial San Jorge,PROSPERIDAD SOCIAL SEDE PRINCIPAL,860007386,ANA LUCIA GOMEZ,enlacesambientales@gmail.com,CL 7 6 70,"BOGOTA, D. C.","BOGOTA, D. C.",4.594473,-74.077241,602356.62,507904.26,18N
1. Aparatos electrodomésticos,1.4 Enseres menores de calentamiento,SI,2024-03-02,11905,HORNOS DE MICROONDAS/ APARATOS ELECTRODOMESTICOS,67.0,Gestionado por Reconecta,Aprovechamiento,REP - 15 - 9316,Eco Industria SAS,Parque Industrial San Jorge,PUNTO DE ATENCIÓN EN SALUD SUBA,860518583-7,MARIA PAULA,ambiental@ccmetropolis.com.co,CL 147 101 56,"BOGOTA, D. C.","BOGOTA, D. C.",4.74444,-74.092709,600619.32,524481.09,18N
3. Maquinaria y Equipo Eléctrico,3.4 Equipos de iluminación,SI,2024-10-07,9077,APARATOS DE ALUMBRADO,22.72,Gestionado por Reconecta,Aprovechamiento,REP - 29 - 9315,Eco Industria SAS,Parque Industrial San Jorge,QUIFARMED LTDA,800087297-6,LUZ STELLA CELIS,co.recepcionfacturase@la.spectrumbrands.com,CL 51 74B 23,"BOGOTA, D. C.","BOGOTA, D. C.",4.672904,-74.1122,598467.64,516569.93,18N
3. Maquinaria y Equipo Eléctrico,3.4 Equipos de iluminación,SI,2024-10-25,10001,TUBOS FLUORESCENTES - SIGNIFY,1.8,Gestionado por Reconecta,Aprovechamiento,REP - 15 - 9316,Eco Industria SAS,Parque Industrial San Jorge,RACAFE & CIA SCA,800149695-1,JENNY PRIETO,gestionambiental@cruzverde.com.co,KR 11 82 01,"BOGOTA, D. C.","BOGOTA, D. C.",4.66621,-74.053,605035.2,515838.46,18N
2. Electrónica y Equipos de Telecomunicación,2.4 Computadores y equipos para tratamiento de datos,SI,2024-07-22,10416,TABLETAS,1.67,Centro de Acopio,Aprovechamiento,REP - 14 - 9308,Eco Industria SAS,Parque Industrial San Jorge,RAMGUZ,830142201-4,LUZ DARY LEGUIZAMON,test@mts.com.co,KR 55B 79B 40,"BOGOTA, D. C.","BOGOTA, D. C.",4.676678,-74.07274,602844.05,516992.8,18N
1. Aparatos electrodomésticos,1.5 Enseres menores de cocina,SI,2024-10-17,9808,"MOLINOS, CAFETERAS Y APARATOS PARA ABRIR O PRECINTAR ENVASES O PAQUETES",468.0,Centro de Acopio,Aprovechamiento,REP - 14 - 9308,Eco Industria SAS,Parque Industrial San Jorge,RCN RADIO,830142201-4,LUZ DARY LEGUIZAMON,test@mts.com.co,CL 37 13A 19,"BOGOTA, D. C.","BOGOTA, D. C.",4.625188,-74.068386,603334.5,511301.13,18N
2. Electrónica y Equipos de Telecomunicación,2.8 Equipos de telecomunicaciones,SI,2024-07-29,9127,CELULARES,1.8,Gestionado por Reconecta,Aprovechamiento,REP - 14 - 9308,Eco Industria SAS,Parque Industrial San Jorge,RCN TELEVISIÓN,860007386,ANA LUCIA GOMEZ,enlacesambientales@gmail.com,AC 9 65 09,"BOGOTA, D. C.","BOGOTA, D. C.",4.628074,-74.119332,597682.73,511612.97,18N
2. Electrónica y Equipos de Telecomunicación,"2.10 Periféricos, partes y tarjetas para computadores e impresoras",SI,2024-09-02,11866,ups,25.8,Gestionado por Reconecta,Aprovechamiento,REP - 29 - 9315,Eco Industria SAS,Parque Industrial San Jorge,REBAJA BOGOTÁ No. 47 GERMANIA,860010451-1,DANIELA PEÑA,ambiental@casalimpia.com.co,KR 4 18 72,"BOGOTA, D. C.","BOGOTA, D. C.",4.60327,-74.068944,603275.77,508877.97,18N
3. Maquinaria y Equipo Eléctrico,3.9 Otros aparatos y sistemas,SI,2024-01-06,10683,MAQUINA EXPENDEDORA AUTOMATICAS DE DINERO,353.15,Gestionado por Reconecta,Aprovechamiento,REP - 14 - 9308,Eco Industria SAS,Parque Industrial San Jorge,REBAJA BOGOTÁ No. 52 RESTREPO 1 PRINCIPAL,830142201-4,LUZ DARY LEGUIZAMON,test@mts.com.co,KR 24 15 04 S,"BOGOTA, D. C.","BOGOTA, D. C.",4.58794,-74.101083,599712.64,507178.66,18N
2. Electrónica y Equipos de Telecomunicación,2.3 Componentes electrónicos,SI,2024-03-27,11247,PANELES FOTOVOLTAICOS,3.0,Centro de Acopio,Aprovechamiento,REP - 30 - 9339,Eco Industria SAS,Parque Industrial San Jorge,REBAJA BOGOTÁ No. 53 RESTREPO 2,830142201-4,LUZ DARY LEGUIZAMON,test@mts.com.co,AV 1 MAYO 18 - 03 SUR,"BOGOTA, D. C.","BOGOTA, D. C.",4.58251,-74.10394,599396.46,506577.97,18N
1. Aparatos electrodomésticos,1.4 Enseres menores de calentamiento,SI,2024-06-24,11358,Sanduchera / Tostadora,6.8,Gestionado por Reconecta,Aprovechamiento,REP - 15 - 9316,Eco Industria SAS,Parque Industrial San Jorge,REBAJA No. 78 BOGOTA SANTA LIBRADA 3,900836968-7,LEONARDO BENAVIDES,test@signify.com,AVENIDA USME KR 1 76 A- 22 SUR,"BOGOTA, D. C.","BOGOTA, D. C.",4.51217,-74.11499,598180.15,498800.36,18N
1. Aparatos electrodomésticos,1.8 Equipos de acondicionamiento de aire,SI,2024-08-26,9804,APARATOS DE AIRE ACONDICIONADO,21.0,Gestionado por Reconecta,Aprovechamiento,REP - 29 - 9315,Eco Industria SAS,Parque Industrial San Jorge,REBAJA PLUS 10 TEQUENDAMA,860007386,ANA LUCIA GOMEZ,enlacesambientales@gmail.com,KR 7 29 18,"BOGOTA, D. C.","BOGOTA, D. C.",4.616333,-74.068577,603314.6,510322.16,18N
1. Aparatos electrodomésticos,1.4 Enseres menores de calentamiento,SI,2024-01-21,10044,Sanduchera / Tostadora,6.8,Gestionado por Reconecta,Aprovechamiento,REP-86-9030,Eco Industria SAS,Parque Industrial San Jorge,Red Interllantas Calle 170,860007386,ANA LUCIA GOMEZ,enlacesambientales@gmail.com,CL 175 # 22 - 13,"BOGOTA, D. C.","BOGOTA, D. C.",4.754501,-74.044439,605971.45,525600.56,18N
1. Aparatos electrodomésticos,1.7 Enseres menores personales,SI,2024-02-13,11381,"APARATOS PARA CORTAR EL PELO, PARA SECAR EL PELO, PARA CEPILLARSE LOS DIENTES, MAQUINAS PARA AFEITAR, APARATOS DE MASAJE Y OTROS CUIDADOS CORPORALES",29.81,Gestionado por Reconecta,Aprovechamiento,REP - 30 - 9339,Eco Industria SAS,Parque Industrial San Jorge,Red Interllantas Calle 80,830142201-4,LUZ DARY LEGUIZAMON,test@mts.com.co,KR 59A # 79 - 30,"BOGOTA, D. C.","BOGOTA, D. C.",4.73293,-74.066244,603556.28,523212.53,18N
2. Electrónica y Equipos de Telecomunicación,"2.10 Periféricos, partes y tarjetas para computadores e impresoras",SI,2024-04-22,10193,REPUESTOS O PARTES DE PC/PORTATILES,5.0,Centro de Acopio,Aprovechamiento,REP - 14 - 9308,Eco Industria SAS,Parque Industrial San Jorge,Red Interllantas Villa Mayor,800149695-1,JENNY PRIETO,gestionambiental@cruzverde.com.co,CL 38A Sur # 34D - 50,"BOGOTA, D. C.","BOGOTA, D. C.",4.591792,-74.123859,597185.49,507601.37,18N
1. Aparatos electrodomésticos,1.4 Enseres menores de calentamiento,SI,2024-04-01,10302,FREIDORAS,2929.36,Centro de Acopio,Aprovechamiento,REP-86-9030,Eco Industria SAS,Parque Industrial San Jorge,REGISTRADURIA NACIONAL DEL ESTADO CIVIL,860518583-7,MARIA PAULA,ambiental@ccmetropolis.com.co,AC 26 51 50,"BOGOTA, D. C.","BOGOTA, D. C.",4.642285,-74.094744,600408.22,513187.44,18N
2. Electrónica y Equipos de Telecomunicación,"2.10 Periféricos, partes y tarjetas para computadores e impresoras",SI,2024-01-12,11132,TONNER EN DESUSO,7.0,Gestionado por Reconecta,Aprovechamiento,REP - 30 - 9339,Eco Industria SAS,Parque Industrial San Jorge,Representaciónes Oil Filter´S S.A.,800149695-1,JENNY PRIETO,gestionambiental@cruzverde.com.co,Avenida Américas # 64 - 89,"BOGOTA, D. C.","BOGOTA, D. C.",4.62802,-74.11871,597751.73,511607.08,18N
1. Aparatos electrodomésticos,1.2 Enseres de audio y video,SI,2024-02-18,11904,VIDEOCAMARAS,57.25,Centro de Acopio,Aprovechamiento,REP - 14 - 9308,Eco Industria SAS,Parque Industrial San Jorge,RINCON DE BOLONIA,830143447-3,Ana Maria Suarez,test@portal80.com.co,KR 10 80 01,"BOGOTA, D. C.","BOGOTA, D. C.",4.663959,-74.053172,605016.45,515589.58,18N
1. Aparatos electrodomésticos,1.4 Enseres menores de calentamiento,SI,2024-11-16,10876,APARATOS ELECTRODOMESTICOS,185.0,Gestionado por Reconecta,Aprovechamiento,REP - 30 - 9339,Eco Industria SAS,Parque Industrial San Jorge,ROPSOHN THERAPEUTICS LTDA.,900836968-7,LEONARDO BENAVIDES,test@signify.com,KR 13 50 01,"BOGOTA, D. C.","BOGOTA, D. C.",4.637318,-74.065673,603633.69,512642.52,18N
2. Electrónica y Equipos de Telecomunicación,"2.10 Periféricos, partes y tarjetas para computadores e impresoras",SI,2024-06-13,11383,TONER DE IMPRESORA SUELTOS,13.24,Gestionado por Reconecta,Aprovechamiento,REP - 15 - 9316,Eco Industria SAS,Parque Industrial San Jorge,Ruby Bonilla,800087297-6,LUZ STELLA CELIS,co.recepcionfacturase@la.spectrumbrands.com,AC 61 Sur 20B 60,"BOGOTA, D. C.","BOGOTA, D. C.",4.568339809,-74.145157945,594825.83,505005.89,18N
1. Aparatos electrodomésticos,1.2 Enseres de audio y video,SI,2024-08-01,9386,APARATOS DE GRABACION DE VIDEO,3.0,Gestionado por Reconecta,Aprovechamiento,REP-86-9030,Eco Industria SAS,Parque Industrial San Jorge,SANAMBIENTE S.A.S,860518583-7,MARIA PAULA,ambiental@ccmetropolis.com.co,TV 26 57 29,"BOGOTA, D. C.","BOGOTA, D. C.",4.645943,-74.07381,602729.82,513594.84,18N
2. Electrónica y Equipos de Telecomunicación,"2.10 Periféricos, partes y tarjetas para computadores e impresoras",SI,2024-07-29,9422,TONER DE IMPRESORA SUELTOS,22.97,Gestionado por Reconecta,Aprovechamiento,REP - 30 - 9339,Eco Industria SAS,Parque Industrial San Jorge,Sandra Romero,830142201-4,LUZ DARY LEGUIZAMON,test@mts.com.co,TV 70 A 71 35 ,"BOGOTA, D. C.","BOGOTA, D. C.",4.69162388,-74.08876108,601064.82,518642.77,18N
1. Aparatos electrodomésticos,1.6 Enseres menores del hogar,SI,2024-06-29,9320,"RELOJES Y APARATOS DESTINADOS A MEDIR, INDICAR O REGISTRAR EL TIEMPO",45.0,Gestionado por Reconecta,Aprovechamiento,REP - 14 - 9308,Eco Industria SAS,Parque Industrial San Jorge,SANIGGI SAS,860518583-7,MARIA PAULA,ambiental@ccmetropolis.com.co,KR 31A 7 67,"BOGOTA, D. C.","BOGOTA, D. C.",4.609604,-74.098189,600030.67,509574.04,18N
2. Electrónica y Equipos de Telecomunicación,2.3 Componentes electrónicos,SI,2024-03-27,9421,PANELES FOTOVOLTAICOS,77.0,Gestionado por Reconecta,Aprovechamiento,REP-86-9030,Eco Industria SAS,Parque Industrial San Jorge,SAN MATEO EDUCACIÓN SUPERIOR,860518583-7,MARIA PAULA,ambiental@ccmetropolis.com.co,TV 17 25 25,"BOGOTA, D. C.","BOGOTA, D. C.",4.61475,-74.073999,602713.36,510146.38,18N
2. Electrónica y Equipos de Telecomunicación,"2.10 Periféricos, partes y tarjetas para computadores e impresoras",SI,2024-06-08,11526,TONNER Y CARTUCHOS EN DESUSO,4.0,Gestionado por Reconecta,Aprovechamiento,REP - 30 - 9339,Eco Industria SAS,Parque Industrial San Jorge,SANTA ANA CENTRO COMERCIAL Y DE OFICINAS P.H.,860007386,ANA LUCIA GOMEZ,enlacesambientales@gmail.com,AK 9 110 50,"BOGOTA, D. C.","BOGOTA, D. C.",4.690824,-74.037022,606803.81,518562.01,18N
1. Aparatos electrodomésticos,1.6 Enseres menores del hogar,SI,2024-09-05,10110,OTROS APARATOS DE LIMPIEZA QUE NO SEAN ASPIRADORAS O LIMPIA MOQUETAS,10.0,Gestionado por Reconecta,Aprovechamiento,REP - 15 - 9316,Eco Industria SAS,Parque Industrial San Jorge,SAO CHAPINERO,830143447-3,Ana Maria Suarez,test@portal80.com.co,CL 63 A # 16 A 55,"BOGOTA, D. C.","BOGOTA, D. C.",4.651141,-74.067021,603482.14,514170.48,18N
2. Electrónica y Equipos de Telecomunicación,"2.10 Periféricos, partes y tarjetas para computadores e impresoras",SI,2024-03-13,10295,TONNER,1.0,Centro de Acopio,Aprovechamiento,REP - 15 - 9316,Eco Industria SAS,Parque Industrial San Jorge,Sebastian Rodriguez,830142201-4,LUZ DARY LEGUIZAMON,test@mts.com.co,KR 71B 69G 36,"BOGOTA, D. C.","BOGOTA, D. C.",4.67969344,-74.0986479,599969.89,517322.42,18N
2. Electrónica y Equipos de Telecomunicación,2.8 Equipos de telecomunicaciones,SI,2024-02-12,9880,TERMINALES DE FAX,4.0,Gestionado por Reconecta,Aprovechamiento,REP - 30 - 9339,Eco Industria SAS,Parque Industrial San Jorge,SECRETARIA DE EDUCACIÓN DISTRITAL,830143447-3,Ana Maria Suarez,test@portal80.com.co,AC 26 66 63,"BOGOTA, D. C.","BOGOTA, D. C.",4.64968,-74.101444,599663.98,514004.01,18N
2. Electrónica y Equipos de Telecomunicación,"2.10 Periféricos, partes y tarjetas para computadores e impresoras",SI,2024-01-24,9089,TONNER EN DESUSO,7.0,Gestionado por Reconecta,Aprovechamiento,REP - 14 - 9308,Eco Industria SAS,Parque Industrial San Jorge,Secretaría de Planeación Distrital,800149695-1,JENNY PRIETO,gestionambiental@cruzverde.com.co,AK 30 # 25 - 90,"BOGOTA, D. C.","BOGOTA, D. C.",4.625278,-74.081111,601922.91,511309.24,18N
2. Electrónica y Equipos de Telecomunicación,2.8 Equipos de telecomunicaciones,SI,2024-04-17,9173,TERMINALES DE TELEX,16.0,Centro de Acopio,Aprovechamiento,REP-86-9030,Eco Industria SAS,Parque Industrial San Jorge,SECRETARIA DISTRITA DE LA MUJER,860007386,ANA LUCIA GOMEZ,enlacesambientales@gmail.com,AC 26 69 01,"BOGOTA, D. C.","BOGOTA, D. C.",4.657838,-74.106789,599069.94,514905.14,18N
1. Aparatos electrodomésticos,1.4 Enseres menores de calentamiento,SI,2024-10-27,9068,PLANCHAS Y OTROS APARATOS UTILIZADOS PARA PLANCHAR Y PARA DAR OTRO TIPO DE CUIDADOR A LA ROPA,1.7,Gestionado por Reconecta,Aprovechamiento,REP - 29 - 9315,Eco Industria SAS,Parque Industrial San Jorge,SECRETARIA DISTRITAL DE AMBIENTE,860518583-7,MARIA PAULA,ambiental@ccmetropolis.com.co,AK 14 54 38,"BOGOTA, D. C.","BOGOTA, D. C.",4.641913,-74.06583,603615.6,513150.48,18N
2. Electrónica y Equipos de Telecomunicación,"2.10 Periféricos, partes y tarjetas para computadores e impresoras",SI,2024-05-14,9887,TONER DE IMPRESORA Y CARTUCHOS USADOS,10.0,Gestionado por Reconecta,Aprovechamiento,REP - 15 - 9316,Eco Industria SAS,Parque Industrial San Jorge,SECRETARIA DISTRITAL DE AMBIENTE KR 3,830143447-3,Ana Maria Suarez,test@portal80.com.co,KR 3 ESTE 50 B 00,"BOGOTA, D. C.","BOGOTA, D. C.",4.53955,-74.09757,600109.06,501829.6,18N
1. Aparatos electrodomésticos,1.5 Enseres menores de cocina,SI,2024-06-06,9939,TOSTADORA,2.9,Centro de Acopio,Aprovechamiento,REP - 14 - 9308,Eco Industria SAS,Parque Industrial San Jorge,SECRETARIA DISTRITAL DE AMBIENTE KR 76,860010451-1,DANIELA PEÑA,ambiental@casalimpia.com.co,KR 76 75B 03,"BOGOTA, D. C.","BOGOTA, D. C.",4.694436,-74.095967,600265.15,518952.61,18N
2. Electrónica y Equipos de Telecomunicación,"2.10 Periféricos, partes y tarjetas para computadores e impresoras",SI,2024-02-12,10078,"PERIFERICOS (MOUSE, TECLADO, AUDIFONOS, CAMARAS Y OTROS)",21.0,Gestionado por Reconecta,Aprovechamiento,REP - 29 - 9315,Eco Industria SAS,Parque Industrial San Jorge,SECRETARIA DISTRITAL DE AMBIENTE KR 86,860518583-7,MARIA PAULA,ambiental@ccmetropolis.com.co,KR 84C 145 50,"BOGOTA, D. C.","BOGOTA, D. C.",4.736659,-74.081236,601892.93,523622.56,18N
3. Maquinaria y Equipo Eléctrico,3.12 Refrigeración y equipos de acondicionamiento de aire industriales,SI,2024-09-28,10053,MÁQUINAS DISPENSADORAS DE BEBIDAS CALIENTES,14.2,Gestionado por Reconecta,Aprovechamiento,REP - 14 - 9308,Eco Industria SAS,Parque Industrial San Jorge,"SECRETARIA DISTRITAL DE CULTURA, RECREACION Y DEPORTE",900836968-7,LEONARDO BENAVIDES,test@signify.com,KR 8 9 83,"BOGOTA, D. C.","BOGOTA, D. C.",4.5979,-74.07679,602406.16,508283.18,18N
2. Electrónica y Equipos de Telecomunicación,"2.10 Periféricos, partes y tarjetas para computadores e impresoras",SI,2024-10-19,9854,CD,19.0,Centro de Acopio,Aprovechamiento,REP - 29 - 9315,Eco Industria SAS,Parque Industrial San Jorge,Secretaría Distrital de Desarrollo Económico,860518583-7,MARIA PAULA,ambiental@ccmetropolis.com.co,KR 60 # 63A - 52,"BOGOTA, D. C.","BOGOTA, D. C.",4.6705,-74.0978,600065.24,516306.2,18N
2. Electrónica y Equipos de Telecomunicación,2.6 Equipos de electrónica de potencia,SI,2024-05-27,10060,BALASTOS,61.29,Centro de Acopio,Aprovechamiento,REP - 15 - 9316,Eco Industria SAS,Parque Industrial San Jorge,SECRETARÍA DISTRITAL DE DESARROLLO ECONÓMICO,900836968-7,LEONARDO BENAVIDES,test@signify.com,KR 69L 63A 52,"BOGOTA, D. C.","BOGOTA, D. C.",4.671262,-74.098869,599946.56,516390.29,18N
2. Electrónica y Equipos de Telecomunicación,"2.10 Periféricos, partes y tarjetas para computadores e impresoras",SI,2024-07-17,9319,TONNER,1.0,Centro de Acopio,Aprovechamiento,REP - 29 - 9315,Eco Industria SAS,Parque Industrial San Jorge,SECRETARIA DISTRITAL DE GOBIERNO,860007386,ANA LUCIA GOMEZ,enlacesambientales@gmail.com,CL 11 8 17,"BOGOTA, D. C.","BOGOTA, D. C.",4.598926,-74.076463,602442.29,508396.65,18N
1. Aparatos electrodomésticos,1.4 Enseres menores de calentamiento,SI,2024-08-21,10341,HORNOS DE MICROONDAS/ APARATOS ELECTRODOMESTICOS,67.0,Gestionado por Reconecta,Aprovechamiento,REP - 30 - 9339,Eco Industria SAS,Parque Industrial San Jorge,SECRETARIA DISTRITAL DE HABITAT,800149695-1,JENNY PRIETO,gestionambiental@cruzverde.com.co,CL 52 13 64,"BOGOTA, D. C.","BOGOTA, D. C.",4.639304,-74.065597,603641.83,512862.08,18N
2. Electrónica y Equipos de Telecomunicación,2.4 Computadores y equipos para tratamiento de datos,SI,2024-06-23,9747,DM - IMPRESORAS Y SCANNER,30.3,Centro de Acopio,Aprovechamiento,REP - 30 - 9339,Eco Industria SAS,Parque Industrial San Jorge,SECRETARIA DISTRITAL DE INTEGRACION SOCIAL – CDC BOSA PAZ PORVENIR,830142201-4,LUZ DARY LEGUIZAMON,test@mts.com.co,KR 100 52 -24 SUR,"BOGOTA, D. C.","BOGOTA, D. C.",4.64318,-74.18842,590017.12,513273.78,18N
2. Electrónica y Equipos de Telecomunicación,2.4 Computadores y equipos para tratamiento de datos,SI,2024-03-30,11575,EQUIPOS DE COMPUTO DE MESA,105.0,Gestionado por Reconecta,Aprovechamiento,REP - 29 - 9315,Eco Industria SAS,Parque Industrial San Jorge,SECRETARIA DISTRITAL DE MOVILIDAD,900836968-7,LEONARDO BENAVIDES,test@signify.com,CL 13 37 35,"BOGOTA, D. C.","BOGOTA, D. C.",4.61933,-74.09797,600053.6,510649.29,18N
2. Electrónica y Equipos de Telecomunicación,2.8 Equipos de telecomunicaciones,SI,2024-07-21,9838,ROUTER,4.0,Gestionado por Reconecta,Aprovechamiento,REP - 30 - 9339,Eco Industria SAS,Parque Industrial San Jorge,SECRETARIA DISTRITAL DE SALUD,800087297-6,LUZ STELLA CELIS,co.recepcionfacturase@la.spectrumbrands.com,KR 32 12 81,"BOGOTA, D. C.","BOGOTA, D. C.",4.615432,-74.093824,600514.06,510218.94,18N
1. Aparatos electrodomésticos,1.6 Enseres menores del hogar,SI,2024-11-16,10946,"RELOJES Y APARATOS DESTINADOS A MEDIR, INDICAR O REGISTRAR EL TIEMPO",0.2,Centro de Acopio,Aprovechamiento,REP - 15 - 9316,Eco Industria SAS,Parque Industrial San Jorge,SECRETARÍA GENERAL DE LA ALCALDÍA MAYOR DE BOGOTÁ,830142201-4,LUZ DARY LEGUIZAMON,test@mts.com.co,KR 8 10 65,"BOGOTA, D. C.","BOGOTA, D. C.",4.598483,-74.076421,602447.01,508347.69,18N
1. Aparatos electrodomésticos,1.4 Enseres menores de calentamiento,SI,2024-12-22,11461,APARATOS ELECTRODOMESTICOS/HORNOS DE MICROONDAS,21.7,Gestionado por Reconecta,Aprovechamiento,REP - 30 - 9339,Eco Industria SAS,Parque Industrial San Jorge,SEDE PASAPORTES CALLE 53 MINISTERIO DE RELACIONES EXTERIORES,830142201-4,LUZ DARY LEGUIZAMON,test@mts.com.co,CL 53 10 60,"BOGOTA, D. C.","BOGOTA, D. C.",4.640225,-74.064733,603737.54,512964.03,18N
2. Electrónica y Equipos de Telecomunicación,2.4 Computadores y equipos para tratamiento de datos,SI,2024-03-31,10801,SERVIDORES,60.0,Gestionado por Reconecta,Aprovechamiento,REP-86-9030,Eco Industria SAS,Parque Industrial San Jorge,SEDE PASAPORTES CALLE 98 MINISTERIO DE RELACIONES EXTERIORES,860007386,ANA LUCIA GOMEZ,enlacesambientales@gmail.com,KR 19 98 03,"BOGOTA, D. C.","BOGOTA, D. C.",4.685064,-74.052374,605101.83,517922.91,18N
1. Aparatos electrodomésticos,1.4 Enseres menores de calentamiento,SI,2024-04-02,9386,APARATOS DE CALEFACCIÓN ELÉCTRICOS,118.47,Gestionado por Reconecta,Aprovechamiento,REP - 30 - 9339,Eco Industria SAS,Parque Industrial San Jorge,SEDE SALUD PÚBLICA,860007386,ANA LUCIA GOMEZ,enlacesambientales@gmail.com,KR 98 16H 60,"BOGOTA, D. C.","BOGOTA, D. C.",4.670277,-74.145758,594745.73,516274.91,18N
1. Aparatos electrodomésticos,1.6 Enseres menores del hogar,SI,2024-10-26,9715,VENTILADORES ELECTRICOS,20.0,Centro de Acopio,Aprovechamiento,REP - 14 - 9308,Eco Industria SAS,Parque Industrial San Jorge,SEDE SOCIAL CL 220,860007386,ANA LUCIA GOMEZ,enlacesambientales@gmail.com,AK 7 - Cl 220,"BOGOTA, D. C.","BOGOTA, D. C.",4.7982,-74.03088,607468.47,530433.73,18N
1. Aparatos electrodomésticos,1.2 Enseres de audio y video,SI,2024-02-22,10900,"OTROS PRODUCTOS O APARATOS DE TRANSMISION DE SONIDO, IMAGENES U OTRA INFORMACION POR TELECOMUNICACION",60.0,Gestionado por Reconecta,Aprovechamiento,REP-86-9030,Eco Industria SAS,Parque Industrial San Jorge,SENA (PALOQUEMAO),860007386,ANA LUCIA GOMEZ,enlacesambientales@gmail.com,CL 15 31 42,"BOGOTA, D. C.","BOGOTA, D. C.",4.616329,-74.091995,600716.83,510318.36,18N
1. Aparatos electrodomésticos,1.4 Enseres menores de calentamiento,SI,2024-06-25,9034,APARATOS ELECTRODOMESTICOS/HORNOS ELECTRICOS,45.0,Gestionado por Reconecta,Aprovechamiento,REP - 14 - 9308,Eco Industria SAS,Parque Industrial San Jorge,SEÑAL COLOMBIA,800087297-6,LUZ STELLA CELIS,co.recepcionfacturase@la.spectrumbrands.com,KR 45 26 29,"BOGOTA, D. C.","BOGOTA, D. C.",4.63762,-74.09171,600745.43,512672.15,18N
1. Aparatos electrodomésticos,1.6 Enseres menores del hogar,SI,2024-07-15,10253,"RELOJES Y APARATOS DESTINADOS A MEDIR, INDICAR O REGISTRAR EL TIEMPO",0.2,Gestionado por Reconecta,Aprovechamiento,REP - 15 - 9316,Eco Industria SAS,Parque Industrial San Jorge,SÉPTIMA SUCURSAL No. 4,860518583-7,MARIA PAULA,ambiental@ccmetropolis.com.co,KR 7 67 28,"BOGOTA, D. C.","BOGOTA, D. C.",4.650884,-74.057834,604501.26,514143.42,18N
1. Aparatos electrodomésticos,1.6 Enseres menores del hogar,SI,2024-09-29,9395,"HERRAMIENTAS PARA ROCIAR, ESPARCIR, PROPAGAR O APLICAR OTROS TRATAMIENTOS CON SUSTANCIAS LÍQUIDAS O GASEOSAS POR OTROS MEDIOS",209.6,Gestionado por Reconecta,Aprovechamiento,REP - 14 - 9308,Eco Industria SAS,Parque Industrial San Jorge,SERVICENTRO DUNCAN,860010451-1,DANIELA PEÑA,ambiental@casalimpia.com.co,KR 45A 130 34,"BOGOTA, D. C.","BOGOTA, D. C.",4.716788,-74.053257,604999.13,521429.95,18N
2. Electrónica y Equipos de Telecomunicación,"2.10 Periféricos, partes y tarjetas para computadores e impresoras",SI,2024-12-17,10134,TONNER,1.0,Centro de Acopio,Aprovechamiento,REP - 14 - 9308,Eco Industria SAS,Parque Industrial San Jorge,SERVICENTRO DUNCAN SUR,860007386,ANA LUCIA GOMEZ,enlacesambientales@gmail.com,CL 27 S 19 02,"BOGOTA, D. C.","BOGOTA, D. C.",4.580193,-74.107332,599020.48,506321.36,18N
1. Aparatos electrodomésticos,1.6 Enseres menores del hogar,SI,2024-01-21,9471,"HERRAMIENTAS PARA ROCIAR, ESPARCIR, PROPAGAR O APLICAR OTROS TRATAMIENTOS CON SUSTANCIAS LÍQUIDAS O GASEOSAS POR OTROS MEDIOS",294.13,Centro de Acopio,Aprovechamiento,REP-86-9030,Eco Industria SAS,Parque Industrial San Jorge,SETRONICS S.A.S,860007386,ANA LUCIA GOMEZ,enlacesambientales@gmail.com,AK 20 89A 21,"BOGOTA, D. C.","BOGOTA, D. C.",4.677571,-74.059227,604342.8,517093.52,18N
2. Electrónica y Equipos de Telecomunicación,"2.10 Periféricos, partes y tarjetas para computadores e impresoras",SI,2024-04-30,10612,REPUESTOS O PARTES DE PC/PORTATILES,5.0,Gestionado por Reconecta,Aprovechamiento,REP - 15 - 9316,Eco Industria SAS,Parque Industrial San Jorge,SF ACUARELA,830143447-3,Ana Maria Suarez,test@portal80.com.co,AC 145 92 30,"BOGOTA, D. C.","BOGOTA, D. C.",4.738428,-74.085953,601369.51,523817.44,18N
3. Maquinaria y Equipo Eléctrico,3.11 Pilas y acumuladores,SI,2024-07-14,10607,PILAS,2.99,Gestionado por Reconecta,Aprovechamiento,REP - 30 - 9339,Eco Industria SAS,Parque Industrial San Jorge,SFARMA DROGUERÍAS No. 13,860518583-7,MARIA PAULA,ambiental@ccmetropolis.com.co,CL 3 27 36,"BOGOTA, D. C.","BOGOTA, D. C.",4.601755,-74.098112,600040.3,508706.33,18N
2. Electrónica y Equipos de Telecomunicación,2.4 Computadores y equipos para tratamiento de datos,SI,2024-09-10,9727,SERVIDORES,32.0,Centro de Acopio,Aprovechamiento,REP - 30 - 9339,Eco Industria SAS,Parque Industrial San Jorge,SFARMA DROGUERÍAS No. 14,800087297-6,LUZ STELLA CELIS,co.recepcionfacturase@la.spectrumbrands.com,CL 1B 28 05,"BOGOTA, D. C.","BOGOTA, D. C.",4.597541,-74.102819,599518.73,508239.82,18N
2. Electrónica y Equipos de Telecomunicación,2.7 Equipos de instrumentación y control,SI,2024-08-05,10989,OTROS INSTRUMENTOS DE VIGILANCIA Y CONTROL UTILIZADOS EN INSTALACIONES INDUSTRIALES,1.0,Gestionado por Reconecta,Aprovechamiento,REP - 15 - 9316,Eco Industria SAS,Parque Industrial San Jorge,S.F. BOSA A.C.,900836968-7,LEONARDO BENAVIDES,test@signify.com,CL 65 S 78F 01,"BOGOTA, D. C.","BOGOTA, D. C.",4.603302,-74.182975,590626.17,508866.02,18N
1. Aparatos electrodomésticos,1.6 Enseres menores del hogar,SI,2024-02-03,10215,MAQUINAS DE COSER,108.8,Centro de Acopio,Aprovechamiento,REP - 29 - 9315,Eco Industria SAS,Parque Industrial San Jorge,SF CHAPINERO SURA,900836968-7,LEONARDO BENAVIDES,test@signify.com,KR 7 56 29,"BOGOTA, D. C.","BOGOTA, D. C.",4.642482,-74.062235,604014.3,513213.91,18N
3. Maquinaria y Equipo Eléctrico,3.9 Otros aparatos y sistemas,SI,2024-12-13,10730,MAQUINA EXPENDEDORA AUTOMATICAS DE DINERO,65.0,Gestionado por Reconecta,Aprovechamiento,REP - 15 - 9316,Eco Industria SAS,Parque Industrial San Jorge,SF COLSUBSIDIO CALLE 63,860007386,ANA LUCIA GOMEZ,enlacesambientales@gmail.com,KR 24 62 50,"BOGOTA, D. C.","BOGOTA, D. C.",4.65073,-74.072362,602889.75,514124.26,18N
2. Electrónica y Equipos de Telecomunicación,2.4 Computadores y equipos para tratamiento de datos,SI,2024-09-16,11607,TABLETAS,1.5,Gestionado por Reconecta,Aprovechamiento,REP - 15 - 9316,Eco Industria SAS,Parque Industrial San Jorge,SF COLSUBSIDIO CHICALÁ,800149695-1,JENNY PRIETO,gestionambiental@cruzverde.com.co,KR 82B 53B 06 S,"BOGOTA, D. C.","BOGOTA, D. C.",4.621885,-74.177701,591208.84,510921.02,18N
2. Electrónica y Equipos de Telecomunicación,"2.10 Periféricos, partes y tarjetas para computadores e impresoras",SI,2024-04-17,11813,REPUESTOS O PARTES DE PC/PORTATILES,5.0,Gestionado por Reconecta,Aprovechamiento,REP - 30 - 9339,Eco Industria SAS,Parque Industrial San Jorge,S.F. COLSUBSIDIO HEROES,830143447-3,Ana Maria Suarez,test@portal80.com.co,KR 20 78 30,"BOGOTA, D. C.","BOGOTA, D. C.",4.665838,-74.060413,604212.98,515796.23,18N
2. Electrónica y Equipos de Telecomunicación,"2.10 Periféricos, partes y tarjetas para computadores e impresoras",SI,2024-07-09,10499,TONER DE IMPRESORA Y CARTUCHOS USADOS,10.0,Centro de Acopio,Aprovechamiento,REP-86-9030,Eco Industria SAS,Parque Industrial San Jorge,SF KENNEDY SURA,800087297-6,LUZ STELLA CELIS,co.recepcionfacturase@la.spectrumbrands.com,CL 35A S 78K 17,"BOGOTA, D. C.","BOGOTA, D. C.",4.626003,-74.151993,594060.01,511379.61,18N
2. Electrónica y Equipos de Telecomunicación,2.4 Computadores y equipos para tratamiento de datos,SI,2024-07-24,10291,COMPUTADORES TODO EN UNO,451.79,Gestionado por Reconecta,Aprovechamiento,REP-86-9030,Eco Industria SAS,Parque Industrial San Jorge,SF NIZA SURA,800087297-6,LUZ STELLA CELIS,co.recepcionfacturase@la.spectrumbrands.com,AC 127 70D 85,"BOGOTA, D. C.","BOGOTA, D. C.",4.710433,-74.074734,602617.94,520724.19,18N
2. Electrónica y Equipos de Telecomunicación,2.4 Computadores y equipos para tratamiento de datos,SI,2024-12-29,9798,EQUIPOS DE COMPUTO DE MESA,105.0,Gestionado por Reconecta,Aprovechamiento,REP - 30 - 9339,Eco Industria SAS,Parque Industrial San Jorge,SF RESTREPO COLSUBSIDIO,860010451-1,DANIELA PEÑA,ambiental@casalimpia.com.co,TV 21A 21A 34 S,"BOGOTA, D. C.","BOGOTA, D. C.",4.58441,-74.104543,599329.3,506787.94,18N
2. Electrónica y Equipos de Telecomunicación,"2.10 Periféricos, partes y tarjetas para computadores e impresoras",SI,2024-01-26,11959,TONER DE IMPRESORA Y CARTUCHOS USADOS,10.0,Gestionado por Reconecta,Aprovechamiento,REP - 14 - 9308,Eco Industria SAS,Parque Industrial San Jorge,SF USAQUÉN COLSUBSIDIO,900836968-7,LEONARDO BENAVIDES,test@signify.com,KR 7 123 65,"BOGOTA, D. C.","BOGOTA, D. C.",4.698932,-74.029471,607640.13,519459.54,18N
2. Electrónica y Equipos de Telecomunicación,2.5 Electrónica de consumo,SI,2024-02-21,11307,AMPLIFICADOR DE SONIDO,0.9,Centro de Acopio,Aprovechamiento,REP - 30 - 9339,Eco Industria SAS,Parque Industrial San Jorge,SICTE S.A.S,900836968-7,LEONARDO BENAVIDES,test@signify.com,CL 77 69 Q 27,"BOGOTA, D. C.","BOGOTA, D. C.",4.688084,-74.087113,601248.14,518251.67,18N
1. Aparatos electrodomésticos,1.4 Enseres menores de calentamiento,SI,2024-01-26,9343,Sanduchera / Tostadora,6.8,Centro de Acopio,Aprovechamiento,REP - 30 - 9339,Eco Industria SAS,Parque Industrial San Jorge,Sigra,830142201-4,LUZ DARY LEGUIZAMON,test@mts.com.co,KR 46 13 95,"BOGOTA, D. C.","BOGOTA, D. C.",4.626289,-74.103282,599463.37,511417.86,18N
1. Aparatos electrodomésticos,1.2 Enseres de audio y video,SI,2024-07-23,11033,"OTROS PRODUCTOS O APARATOS DE TRANSMISION DE SONIDO, IMAGENES U OTRA INFORMACION POR TELECOMUNICACION",65.89,Gestionado por Reconecta,Aprovechamiento,REP - 14 - 9308,Eco Industria SAS,Parque Industrial San Jorge,SOCIEDAD DE ACTIVOS ESPECIALES,900836968-7,LEONARDO BENAVIDES,test@signify.com,CL 93B 13 47,"BOGOTA, D. C.","BOGOTA, D. C.",4.677818,-74.049541,605417.15,517122.27,18N
2. Electrónica y Equipos de Telecomunicación,2.4 Computadores y equipos para tratamiento de datos,SI,2024-11-10,11502,TABLETAS,1.2,Centro de Acopio,Aprovechamiento,REP - 29 - 9315,Eco Industria SAS,Parque Industrial San Jorge,SOCIEDAD DE SEGURIDAD ELECTRÓNICA Y TELECOMUNICACIONES SAS,800149695-1,JENNY PRIETO,gestionambiental@cruzverde.com.co,AK 20 85A 21,"BOGOTA, D. C.","BOGOTA, D. C.",4.673238,-74.059957,604262.46,516614.39,18N
1. Aparatos electrodomésticos,1.5 Enseres menores de cocina,SI,2024-03-18,10825,OTROS GRANDES APARATOS UTILIZADOS PARA COCINAR Y EN OTROS PROCESOS DE TRANSFORMACION DE LOS ALIMENTOS. APARATOS DE CALEFACCION ELECTRICOS,1353.83,Gestionado por Reconecta,Aprovechamiento,REP - 14 - 9308,Eco Industria SAS,Parque Industrial San Jorge,SODEXO FIX MANTENIMIENTO,800087297-6,LUZ STELLA CELIS,co.recepcionfacturase@la.spectrumbrands.com,CL 71B 75 66,"BOGOTA, D. C.","BOGOTA, D. C.",4.68977,-74.099039,599925.08,518436.34,18N
1. Aparatos electrodomésticos,1.2 Enseres de audio y video,SI,2024-11-11,10824,VIDEOCAMARAS,42.4,Centro de Acopio,Aprovechamiento,REP - 30 - 9339,Eco Industria SAS,Parque Industrial San Jorge,Sofia Lozano,900836968-7,LEONARDO BENAVIDES,test@signify.com,CL 132 123A 22,"BOGOTA, D. C.","BOGOTA, D. C.",4.738460548,-74.106153286,599129.07,523818.12,18N
2. Electrónica y Equipos de Telecomunicación,"2.10 Periféricos, partes y tarjetas para computadores e impresoras",SI,2024-06-18,11746,TONNER EN DESUSO,7.0,Centro de Acopio,Aprovechamiento,REP - 14 - 9308,Eco Industria SAS,Parque Industrial San Jorge,Sonia Valencia Valencia,800087297-6,LUZ STELLA CELIS,co.recepcionfacturase@la.spectrumbrands.com,KR 9A 8 21 Sur,"BOGOTA, D. C.","BOGOTA, D. C.",4.58323351,-74.08839305,601121.06,506660.13,18N
1. Aparatos electrodomésticos,1.5 Enseres menores de cocina,SI,2024-11-22,11316,OTROS GRANDES APARATOS UTILIZADOS PARA COCINAR Y EN OTROS PROCESOS DE TRANSFORMACION DE LOS ALIMENTOS,827.0,Centro de Acopio,Aprovechamiento,REP - 30 - 9339,Eco Industria SAS,Parque Industrial San Jorge,SPECILIZED COLOMBIA,860518583-7,MARIA PAULA,ambiental@ccmetropolis.com.co,KR 12A 83 29,"BOGOTA, D. C.","BOGOTA, D. C.",4.667721,-74.053934,604931.37,516005.37,18N
2. Electrónica y Equipos de Telecomunicación,"2.10 Periféricos, partes y tarjetas para computadores e impresoras",SI,2024-08-03,10580,REPUESTOS O PARTES DE PC/PORTATILES,5.0,Gestionado por Reconecta,Aprovechamiento,REP-86-9030,Eco Industria SAS,Parque Industrial San Jorge,SPECILIZED COLOMBIA,860007386,ANA LUCIA GOMEZ,enlacesambientales@gmail.com,CL 96 10 57,"BOGOTA, D. C.","BOGOTA, D. C.",4.678892,-74.044828,605939.76,517241.71,18N
2. Electrónica y Equipos de Telecomunicación,"2.10 Periféricos, partes y tarjetas para computadores e impresoras",SI,2024-07-18,9107,REPUESTOS O PARTES DE PC/PORTATILES,5.0,Centro de Acopio,Aprovechamiento,REP - 30 - 9339,Eco Industria SAS,Parque Industrial San Jorge,SPECILIZED COLOMBIA,860007386,ANA LUCIA GOMEZ,enlacesambientales@gmail.com,AV 127 20 35,"BOGOTA, D. C.","BOGOTA, D. C.",4.705928,-74.050736,605280.39,520229.72,18N
2. Electrónica y Equipos de Telecomunicación,2.8 Equipos de telecomunicaciones,SI,2024-02-02,11041,TERMINALES DE TELEX,16.0,Centro de Acopio,Aprovechamiento,REP - 30 - 9339,Eco Industria SAS,Parque Industrial San Jorge,Stella Villanueva Quiroga,800087297-6,LUZ STELLA CELIS,co.recepcionfacturase@la.spectrumbrands.com,CL 71 Sur 14G 63,"BOGOTA, D. C.","BOGOTA, D. C.",4.52087357,-74.11994532,597629.21,499761.87,18N
1. Aparatos electrodomésticos,1.8 Equipos de acondicionamiento de aire,SI,2024-07-18,10376,APARATOS DE AIRE ACONDICIONADO,26.0,Centro de Acopio,Aprovechamiento,REP-86-9030,Eco Industria SAS,Parque Industrial San Jorge,SUBDIRECCIÓN LOCAL DE INTEGRACIÓN SOCIAL,800149695-1,JENNY PRIETO,gestionambiental@cruzverde.com.co,KR 33 4A 23,"BOGOTA, D. C.","BOGOTA, D. C.",4.60746,-74.103491,599442.81,509336.27,18N
2. Electrónica y Equipos de Telecomunicación,2.4 Computadores y equipos para tratamiento de datos,SI,2024-03-16,11683,DISCO DURO,120.08,Centro de Acopio,Aprovechamiento,REP - 29 - 9315,Eco Industria SAS,Parque Industrial San Jorge,SUBDIRECCIÓN LOCAL DE INTEGRACIÓN SOCIAL BOSA,800087297-6,LUZ STELLA CELIS,co.recepcionfacturase@la.spectrumbrands.com,CL 73 S 81B 10,"BOGOTA, D. C.","BOGOTA, D. C.",4.611144,-74.197357,589029.8,509731.13,18N
2. Electrónica y Equipos de Telecomunicación,2.4 Computadores y equipos para tratamiento de datos,SI,2024-02-19,10364,ORDENADORES PERSONALES O PORTATILES,100.0,Gestionado por Reconecta,Aprovechamiento,REP - 15 - 9316,Eco Industria SAS,Parque Industrial San Jorge,SUBRED INTEGRADA DE SERVICIOS DE SALUD SUR E.S.E. A,860518583-7,MARIA PAULA,ambiental@ccmetropolis.com.co,KR 18C 66A 02 S,"BOGOTA, D. C.","BOGOTA, D. C.",4.552505,-74.144461,594905.22,503255.45,18N
1. Aparatos electrodomésticos,1.1 Cocinas y hornos,SI,2024-12-15,9879,HORNOS DE MICROONDAS,25.47,Centro de Acopio,Aprovechamiento,REP - 30 - 9339,Eco Industria SAS,Parque Industrial San Jorge,SUBRED INTEGRADA DE SERVICIOS DE SALUD SUR E.S.E. B,800149695-1,JENNY PRIETO,gestionambiental@cruzverde.com.co,KR 27 47B 35 S,"BOGOTA, D. C.","BOGOTA, D. C.",4.582017,-74.130786,596418.37,506519.81,18N
1. Aparatos electrodomésticos,1.6 Enseres menores del hogar,SI,2024-06-09,11760,MAQUINAS DE COSER,115.5,Gestionado por Reconecta,Aprovechamiento,REP - 29 - 9315,Eco Industria SAS,Parque Industrial San Jorge,SUBRED INTEGRADA DE SERVICIOS DE SALUD SUR E.S.E. C,860010451-1,DANIELA PEÑA,ambiental@casalimpia.com.co,KR 18B 60 G 36 SUR,"BOGOTA, D. C.","BOGOTA, D. C.",4.5595,-74.1383,595587.79,504029.56,18N
3. Maquinaria y Equipo Eléctrico,3.3 Equipos de control y proteción,SI,2024-08-02,9853,SWITCH,36.2,Centro de Acopio,Aprovechamiento,REP-86-9030,Eco Industria SAS,Parque Industrial San Jorge,SUPERCADE 20 DE JULIO,860518583-7,MARIA PAULA,ambiental@ccmetropolis.com.co,KR 5A 30D 19 S,"BOGOTA, D. C.","BOGOTA, D. C.",4.566278,-74.097357,600129.0,504784.43,18N
3. Maquinaria y Equipo Eléctrico,3.4 Equipos de iluminación,SI,2024-03-10,11358,BOMBILLOS COMPACTOS - SIGNIFY,0.2,Gestionado por Reconecta,Aprovechamiento,REP-86-9030,Eco Industria SAS,Parque Industrial San Jorge,SUPERCADE 20 DE JULIO,830142201-4,LUZ DARY LEGUIZAMON,test@mts.com.co,KR 5A 30D 19 S,"BOGOTA, D. C.","BOGOTA, D. C.",4.566278,-74.097357,600129.0,504784.43,18N
1. Aparatos electrodomésticos,1.6 Enseres menores del hogar,SI,2024-02-02,9304,ASPIRADORAS,302.4,Centro de Acopio,Aprovechamiento,REP-86-9030,Eco Industria SAS,Parque Industrial San Jorge,SUPERCADE BOSA,830143447-3,Ana Maria Suarez,test@portal80.com.co,AC 57R S 72D 12,"BOGOTA, D. C.","BOGOTA, D. C.",4.596205,-74.167785,592312.1,508083.4,18N
1. Aparatos electrodomésticos,1.4 Enseres menores de calentamiento,SI,2024-01-01,9066,Sanduchera / Tostadora,6.8,Centro de Acopio,Aprovechamiento,REP-86-9030,Eco Industria SAS,Parque Industrial San Jorge,SUPERCADE CAD,860010451-1,DANIELA PEÑA,ambiental@casalimpia.com.co,AK 30 25 90,"BOGOTA, D. C.","BOGOTA, D. C.",4.625614,-74.081564,601872.62,511346.32,18N
2. Electrónica y Equipos de Telecomunicación,"2.10 Periféricos, partes y tarjetas para computadores e impresoras",SI,2024-09-24,9653,TONER DE IMPRESORA SUELTO,19.0,Centro de Acopio,Aprovechamiento,REP - 30 - 9339,Eco Industria SAS,Parque Industrial San Jorge,SUPERCADE CALLE 13,860518583-7,MARIA PAULA,ambiental@ccmetropolis.com.co,AC 13 37 35,"BOGOTA, D. C.","BOGOTA, D. C.",4.619318,-74.097908,600060.48,510647.97,18N
1. Aparatos electrodomésticos,1.4 Enseres menores de calentamiento,SI,2024-12-01,9508,PLANCHAS Y OTROS APARATOS UTILIZADOS PARA PLANCHAR Y PARA DAR OTRO TIPO DE CUIDADOR A LA ROPA,64.77,Gestionado por Reconecta,Aprovechamiento,REP - 29 - 9315,Eco Industria SAS,Parque Industrial San Jorge,SUPERCADE ENGATIVÁ,860518583-7,MARIA PAULA,ambiental@ccmetropolis.com.co,TV 113B 66 54,"BOGOTA, D. C.","BOGOTA, D. C.",4.709062,-74.135817,595843.1,520563.93,18N
2. Electrónica y Equipos de Telecomunicación,2.5 Electrónica de consumo,SI,2024-09-20,9027,AMPLIFICADOR DE SONIDO,5.0,Gestionado por Reconecta,Aprovechamiento,REP - 15 - 9316,Eco Industria SAS,Parque Industrial San Jorge,SUPERCADE SUBA,800149695-1,JENNY PRIETO,gestionambiental@cruzverde.com.co,AC 145 103B 90,"BOGOTA, D. C.","BOGOTA, D. C.",4.746502,-74.095702,600287.07,524708.61,18N
2. Electrónica y Equipos de Telecomunicación,"2.10 Periféricos, partes y tarjetas para computadores e impresoras",SI,2024-07-13,9269,MODEM,4.0,Centro de Acopio,Aprovechamiento,REP - 29 - 9315,Eco Industria SAS,Parque Industrial San Jorge,SUPERDROGUERÍA BOCHICA,800149695-1,JENNY PRIETO,gestionambiental@cruzverde.com.co,CL 46 S 81B 03,"BOGOTA, D. C.","BOGOTA, D. C.",4.622565,-74.170147,592046.69,510997.16,18N
1. Aparatos electrodomésticos,1.2 Enseres de audio y video,SI,2024-03-01,11989,"OTROS PRODUCTOS O APARATOS UTILIZADOS PARA REGISTRAR O REPRODUCIR SONIDO O IMAGENES, INCLUIDAS LAS SEÑALES Y TECNOLOGIAS DE DISTRIBUCION DEL SONIDO E IMAGEN DE LA COMUNICACION",414.39,Gestionado por Reconecta,Aprovechamiento,REP - 15 - 9316,Eco Industria SAS,Parque Industrial San Jorge,SUPERINTENDECIA DE SOCIEDADES,800149695-1,JENNY PRIETO,gestionambiental@cruzverde.com.co,CL 26 51 80,"BOGOTA, D. C.","BOGOTA, D. C.",4.643246,-74.095396,600335.76,513293.58,18N
2. Electrónica y Equipos de Telecomunicación,2.4 Computadores y equipos para tratamiento de datos,SI,2024-03-05,9982,IMPRESORAS Y SCANNER,94.4,Centro de Acopio,Aprovechamiento,REP-86-9030,Eco Industria SAS,Parque Industrial San Jorge,SUPERINTENDENCIA DE INDUSTRIA Y COMERCIO,860010451-1,DANIELA PEÑA,ambiental@casalimpia.com.co,KR 13 27 08 S,"BOGOTA, D. C.","BOGOTA, D. C.",4.578585,-74.106542,599108.34,506143.7,18N
3. Maquinaria y Equipo Eléctrico,3.4 Equipos de iluminación,SI,2024-10-21,11455,BOMBILLOS COMPACTOS - SIGNIFY,1.4,Centro de Acopio,Aprovechamiento,REP-86-9030,Eco Industria SAS,Parque Industrial San Jorge,SUPERINTENDENCIA DE SERVICIOS PUBLICOS DOCMILIARIOS,830142201-4,LUZ DARY LEGUIZAMON,test@mts.com.co,KR 18 84 35,"BOGOTA, D. C.","BOGOTA, D. C.",4.670108,-74.057353,604551.77,516268.75,18N
2. Electrónica y Equipos de Telecomunicación,2.4 Computadores y equipos para tratamiento de datos,SI,2024-01-28,10889,COMPUTADORES TODO EN UNO,27.19,Gestionado por Reconecta,Aprovechamiento,REP - 30 - 9339,Eco Industria SAS,Parque Industrial San Jorge,SUPERINTENDENCIA FINANCIERA DE COLOMBIA ,860518583-7,MARIA PAULA,ambiental@ccmetropolis.com.co,CL 7 4 49 ,"BOGOTA, D. C.","BOGOTA, D. C.",4.593849,-74.074791,602628.5,507835.62,18N
2. Electrónica y Equipos de Telecomunicación,2.4 Computadores y equipos para tratamiento de datos,SI,2024-02-14,11757,CPU,1.5,Gestionado por Reconecta,Aprovechamiento,REP - 29 - 9315,Eco Industria SAS,Parque Industrial San Jorge,SUPERTIENDAS Y DROGUERIAS OLIMPICA SA,900836968-7,LEONARDO BENAVIDES,test@signify.com,AC 8O 100 51,"BOGOTA, D. C.","BOGOTA, D. C.",4.71128,-74.11189,598496.64,520812.47,18N
2. Electrónica y Equipos de Telecomunicación,"2.10 Periféricos, partes y tarjetas para computadores e impresoras",SI,2024-05-26,10974,TONER DE IMPRESORA SUELTOS,3.7,Centro de Acopio,Aprovechamiento,REP-86-9030,Eco Industria SAS,Parque Industrial San Jorge,SURTIMAX PARQUE FONTIBÓN,830142201-4,LUZ DARY LEGUIZAMON,test@mts.com.co,KR 99 18A 25,"BOGOTA, D. C.","BOGOTA, D. C.",4.673803,-74.143486,594997.26,516665.01,18N
2. Electrónica y Equipos de Telecomunicación,"2.10 Periféricos, partes y tarjetas para computadores e impresoras",SI,2024-05-19,9965,"OTROS PRODUCTOS Y APARATOS PARA LA RECOGIDA, ALMACENAMIENTO, PROCESAMIENTO, PRESENTACIÓN O COMUNICACIÓN DE LA INFORMACIÓN DE MANERA ELECTRÓNICA",0.5,Gestionado por Reconecta,Aprovechamiento,REP - 15 - 9316,Eco Industria SAS,Parque Industrial San Jorge,SURTIMAX PLAZA DE LAS AMÉRICAS,860518583-7,MARIA PAULA,ambiental@ccmetropolis.com.co,CL 8 S 71C 19,"BOGOTA, D. C.","BOGOTA, D. C.",4.617488,-74.136936,595731.39,510440.29,18N
2. Electrónica y Equipos de Telecomunicación,"2.10 Periféricos, partes y tarjetas para computadores e impresoras",SI,2024-10-19,10029,TONNER,1.0,Centro de Acopio,Aprovechamiento,REP - 15 - 9316,Eco Industria SAS,Parque Industrial San Jorge,SURTIMAX PRADO VERANIEGO,860007386,ANA LUCIA GOMEZ,enlacesambientales@gmail.com,KR 51 134A 52,"BOGOTA, D. C.","BOGOTA, D. C.",4.720647,-74.056731,604613.23,521856.04,18N
1. Aparatos electrodomésticos,1.4 Enseres menores de calentamiento,SI,2024-03-22,10693,APARATOS DE CALEFACCIÓN ELÉCTRICOS,66.0,Centro de Acopio,Aprovechamiento,REP - 15 - 9316,Eco Industria SAS,Parque Industrial San Jorge,SURTIMAX PRIMAVERA,860007386,ANA LUCIA GOMEZ,enlacesambientales@gmail.com,CL 3 36 86,"BOGOTA, D. C.","BOGOTA, D. C.",4.609454,-74.108516,598885.1,509556.01,18N
1. Aparatos electrodomésticos,1.2 Enseres de audio y video,SI,2024-10-30,11271,"OTROS PRODUCTOS O APARATOS DE TRANSMISION DE SONIDO, IMAGENES U OTRA INFORMACION POR TELECOMUNICACION",27.05,Centro de Acopio,Aprovechamiento,REP - 15 - 9316,Eco Industria SAS,Parque Industrial San Jorge,SURTIMAYORISTA ZARZAMORA,830143447-3,Ana Maria Suarez,test@portal80.com.co,AC 72 90 00,"BOGOTA, D. C.","BOGOTA, D. C.",4.698378,-74.109384,598776.42,519386.5,18N
2. Electrónica y Equipos de Telecomunicación,"2.10 Periféricos, partes y tarjetas para computadores e impresoras",SI,2024-02-18,11245,TONER DE IMPRESORA Y CARTUCHOS USADOS,10.0,Centro de Acopio,Aprovechamiento,REP-86-9030,Eco Industria SAS,Parque Industrial San Jorge,TAKEDA S.A.S,900836968-7,LEONARDO BENAVIDES,test@signify.com,CL 64 93 11,"BOGOTA, D. C.","BOGOTA, D. C.",4.689381,-74.117727,597852.29,518390.7,18N
1. Aparatos electrodomésticos,1.6 Enseres menores del hogar,SI,2024-12-13,10934,"RELOJES Y APARATOS DESTINADOS A MEDIR, INDICAR O REGISTRAR EL TIEMPO",45.0,Gestionado por Reconecta,Aprovechamiento,REP - 14 - 9308,Eco Industria SAS,Parque Industrial San Jorge,Tanya Jinerlly Mejia Lázaro,860007386,ANA LUCIA GOMEZ,enlacesambientales@gmail.com,KR 74B 58 46 Sur,"BOGOTA, D. C.","BOGOTA, D. C.",4.593775448,-74.173238328,591707.47,507814.12,18N
1. Aparatos electrodomésticos,1.4 Enseres menores de calentamiento,SI,2024-02-18,10540,Sanduchera / Tostadora,6.8,Gestionado por Reconecta,Aprovechamiento,REP - 14 - 9308,Eco Industria SAS,Parque Industrial San Jorge,Tecniruedas Colombia S.A.,900836968-7,LEONARDO BENAVIDES,test@signify.com,AK 72 76 08,"BOGOTA, D. C.","BOGOTA, D. C.",4.692347,-74.091474,600763.81,518722.32,18N
2. Electrónica y Equipos de Telecomunicación,2.4 Computadores y equipos para tratamiento de datos,SI,2024-10-20,9112,DISCO DURO,2.8,Gestionado por Reconecta,Aprovechamiento,REP - 14 - 9308,Eco Industria SAS,Parque Industrial San Jorge,TELEFÓNICA MOVISTAR,830142201-4,LUZ DARY LEGUIZAMON,test@mts.com.co,TV 60 114A 55,"BOGOTA, D. C.","BOGOTA, D. C.",4.697828,-74.069611,603188.02,519331.44,18N
1. Aparatos electrodomésticos,1.6 Enseres menores del hogar,SI,2024-10-24,11721,"RELOJES Y APARATOS DESTINADOS A MEDIR, INDICAR O REGISTRAR EL TIEMPO",0.2,Gestionado por Reconecta,Aprovechamiento,REP-86-9030,Eco Industria SAS,Parque Industrial San Jorge,TERMINAL DE TRANSPORTE S.A. DEL NORTE,860007386,ANA LUCIA GOMEZ,enlacesambientales@gmail.com,CL 192 19 43,"BOGOTA, D. C.","BOGOTA, D. C.",4.770728,-74.041609,606282.83,527394.94,18N
1. Aparatos electrodomésticos,1.6 Enseres menores del hogar,SI,2024-04-24,9510,OTROS APARATOS DE LIMPIEZA QUE NO SEAN ASPIRADORAS O LIMPIA MOQUETAS,0.6,Gestionado por Reconecta,Aprovechamiento,REP - 30 - 9339,Eco Industria SAS,Parque Industrial San Jorge,TERMINAL DE TRANSPORTE S.A DEL SUR,830142201-4,LUZ DARY LEGUIZAMON,test@mts.com.co,CL 57Q S 75F 82,"BOGOTA, D. C.","BOGOTA, D. C.",4.597093,-74.176075,591392.37,508180.51,18N
2. Electrónica y Equipos de Telecomunicación,2.4 Computadores y equipos para tratamiento de datos,SI,2024-04-06,10465,CPU,46.1,Gestionado por Reconecta,Aprovechamiento,REP - 29 - 9315,Eco Industria SAS,Parque Industrial San Jorge,TERMINAL DE TRANSPORTE S.A SALITRE,800149695-1,JENNY PRIETO,gestionambiental@cruzverde.com.co,DG 23 69 00,"BOGOTA, D. C.","BOGOTA, D. C.",4.65417,-74.114606,598203.37,514498.54,18N
1. Aparatos electrodomésticos,1.4 Enseres menores de calentamiento,SI,2024-03-02,9869,FREIDORAS,3158.0,Gestionado por Reconecta,Aprovechamiento,REP - 30 - 9339,Eco Industria SAS,Parque Industrial San Jorge,TGI- TRANSPORTADORA DE GAS INTERNACIONAL S.A. ESP,800087297-6,LUZ STELLA CELIS,co.recepcionfacturase@la.spectrumbrands.com,KR 9 73 44 piso 7,"BOGOTA, D. C.","BOGOTA, D. C.",4.657446,-74.055873,604717.81,514869.15,18N
2. Electrónica y Equipos de Telecomunicación,2.4 Computadores y equipos para tratamiento de datos,SI,2024-02-08,9616,MONITORES,202.12,Centro de Acopio,Aprovechamiento,REP - 30 - 9339,Eco Industria SAS,Parque Industrial San Jorge,TIENDA ARA 20 DE JULIO SAN CRISTOBAL,830142201-4,LUZ DARY LEGUIZAMON,test@mts.com.co,CL 23S 6 29,"BOGOTA, D. C.","BOGOTA, D. C.",4.571366,-74.093111,600599.33,505347.51,18N
1. Aparatos electrodomésticos,1.6 Enseres menores del hogar,SI,2024-06-06,11024,ASPIRADORAS,70.6,Gestionado por Reconecta,Aprovechamiento,REP-86-9030,Eco Industria SAS,Parque Industrial San Jorge,TIENDA ARA ALCAZARES,800087297-6,LUZ STELLA CELIS,co.recepcionfacturase@la.spectrumbrands.com,AC 72 20B 37,"BOGOTA, D. C.","BOGOTA, D. C.",4.660957,-74.064319,603780.43,515256.05,18N
2. Electrónica y Equipos de Telecomunicación,2.8 Equipos de telecomunicaciones,SI,2024-05-03,11250,TERMINALES DE TELEX,16.0,Centro de Acopio,Aprovechamiento,REP - 14 - 9308,Eco Industria SAS,Parque Industrial San Jorge,TIENDA ARA ARBOLEDA SAN GABRIEL,830143447-3,Ana Maria Suarez,test@portal80.com.co,KR 70 21 15 Sur,"BOGOTA, D. C.","BOGOTA, D. C.",4.617553,-74.132066,596271.6,510448.13,18N
1. Aparatos electrodomésticos,1.5 Enseres menores de cocina,SI,2024-11-04,9417,OTROS GRANDES APARATOS UTILIZADOS PARA COCINAR Y EN OTROS PROCESOS DE TRANSFORMACION DE LOS ALIMENTOS. APARATOS DE CALEFACCION ELECTRICOS,819.0,Gestionado por Reconecta,Aprovechamiento,REP-86-9030,Eco Industria SAS,Parque Industrial San Jorge,TIENDA ARA AURES DOS,900836968-7,LEONARDO BENAVIDES,test@signify.com,CL 142 104 60,"BOGOTA, D. C.","BOGOTA, D. C.",4.745843,-74.09713,600128.79,524635.55,18N
3. Maquinaria y Equipo Eléctrico,3.4 Equipos de iluminación,SI,2024-08-17,11027,TUBOS FLUORESCENTES - SIGNIFY,1.8,Gestionado por Reconecta,Aprovechamiento,REP - 15 - 9316,Eco Industria SAS,Parque Industrial San Jorge,TIENDA ARA BARRANCAS DOS,800087297-6,LUZ STELLA CELIS,co.recepcionfacturase@la.spectrumbrands.com,CL 156 7B 37,"BOGOTA, D. C.","BOGOTA, D. C.",4.731845,-74.025144,608114.98,523098.85,18N
1. Aparatos electrodomésticos,1.6 Enseres menores del hogar,SI,2024-10-05,10298,ASPIRADORAS,424.0,Gestionado por Reconecta,Aprovechamiento,REP - 15 - 9316,Eco Industria SAS,Parque Industrial San Jorge,TIENDA ARA BARRIOS UNIDOS LOS ANDES,800149695-1,JENNY PRIETO,gestionambiental@cruzverde.com.co,AK 68 94A 36,"BOGOTA, D. C.","BOGOTA, D. C.",4.688498,-74.072683,602848.64,518299.53,18N
2. Electrónica y Equipos de Telecomunicación,"2.10 Periféricos, partes y tarjetas para computadores e impresoras",SI,2024-02-18,9537,CD,6.0,Gestionado por Reconecta,Aprovechamiento,REP - 30 - 9339,Eco Industria SAS,Parque Industrial San Jorge,TIENDA ARA BODEGA LAS FERIAS,860010451-1,DANIELA PEÑA,ambiental@casalimpia.com.co,KR 70 71 25,"BOGOTA, D. C.","BOGOTA, D. C.",4.682976,-74.092355,600667.43,517686.21,18N
1. Aparatos electrodomésticos,1.6 Enseres menores del hogar,SI,2024-05-01,10441,"HERRAMIENTAS PARA ROCIAR, ESPARCIR, PROPAGAR O APLICAR OTROS TRATAMIENTOS CON SUSTANCIAS LÍQUIDAS O GASEOSAS POR OTROS MEDIOS",209.6,Gestionado por Reconecta,Aprovechamiento,REP - 14 - 9308,Eco Industria SAS,Parque Industrial San Jorge,TIENDA ARA BOGOTA FONTIBON CENTRO,860518583-7,MARIA PAULA,ambiental@ccmetropolis.com.co,KR 100 20 C 56,"BOGOTA, D. C.","BOGOTA, D. C.",4.676046,-74.141759,595188.52,516913.21,18N
2. Electrónica y Equipos de Telecomunicación,2.4 Computadores y equipos para tratamiento de datos,SI,2024-10-16,9762,DISCO DURO,312.11,Gestionado por Reconecta,Aprovechamiento,REP - 15 - 9316,Eco Industria SAS,Parque Industrial San Jorge,TIENDA ARA BOGOTA GRAN COLOMBIANO BOSA,860010451-1,DANIELA PEÑA,ambiental@casalimpia.com.co,KR 81 72 38 Sur,"BOGOTA, D. C.","BOGOTA, D. C.",4.610295,-74.196472,589128.08,509637.39,18N
1. Aparatos electrodomésticos,1.2 Enseres de audio y video,SI,2024-08-23,11939,TELEVISORES,99.59,Centro de Acopio,Aprovechamiento,REP-86-9030,Eco Industria SAS,Parque Industrial San Jorge,TIENDA ARA BOGOTA ISLA DEL SOL,900836968-7,LEONARDO BENAVIDES,test@signify.com,CL 46 Sur 23 29,"BOGOTA, D. C.","BOGOTA, D. C.",4.576124,-74.126833,596857.68,505868.87,18N
1. Aparatos electrodomésticos,1.2 Enseres de audio y video,SI,2024-12-10,11629,APARATOS DE GRABACION DE VIDEO,3.0,Gestionado por Reconecta,Aprovechamiento,REP - 29 - 9315,Eco Industria SAS,Parque Industrial San Jorge,TIENDA ARA BOGOTA LA FRAGÜITA,830142201-4,LUZ DARY LEGUIZAMON,test@mts.com.co,KR 24 6 33 sur,"BOGOTA, D. C.","BOGOTA, D. C.",4.591961,-74.097915,600063.52,507623.63,18N
2. Electrónica y Equipos de Telecomunicación,2.7 Equipos de instrumentación y control,SI,2024-09-07,10817,OTROS INSTRUMENTOS DE VIGILANCIA Y CONTROL UTILIZADOS EN INSTALACIONES INDUSTRIALES,1.0,Centro de Acopio,Aprovechamiento,REP - 15 - 9316,Eco Industria SAS,Parque Industrial San Jorge,TIENDA ARA BOGOTÁ SUBA LAS FLORES,860518583-7,MARIA PAULA,ambiental@ccmetropolis.com.co,CL 145 94 D 60,"BOGOTA, D. C.","BOGOTA, D. C.",4.740287,-74.088079,601133.44,524022.64,18N
2. Electrónica y Equipos de Telecomunicación,2.4 Computadores y equipos para tratamiento de datos,SI,2024-03-28,10013,COMPUTADORES TODO EN UNO,1319.5,Centro de Acopio,Aprovechamiento,REP - 29 - 9315,Eco Industria SAS,Parque Industrial San Jorge,TIENDA ARA BOGOTÁ SUR LAS GRANJAS,900836968-7,LEONARDO BENAVIDES,test@signify.com,AK 14 37 48 SUR,"BOGOTA, D. C.","BOGOTA, D. C.",4.575861,-74.118622,597768.61,505840.91,18N
1. Aparatos electrodomésticos,1.4 Enseres menores de calentamiento,SI,2024-02-20,11953,PLANCHAS Y OTROS APARATOS UTILIZADOS PARA PLANCHAR Y PARA DAR OTRO TIPO DE CUIDADOR A LA ROPA,163.0,Gestionado por Reconecta,Aprovechamiento,REP - 30 - 9339,Eco Industria SAS,Parque Industrial San Jorge,TIENDA ARA BOGOTA SUR MARICHUELA,860007386,ANA LUCIA GOMEZ,enlacesambientales@gmail.com,KR 14 L 87 35,"BOGOTA, D. C.","BOGOTA, D. C.",4.675599,-74.060255,604229.06,516875.36,18N
2. Electrónica y Equipos de Telecomunicación,"2.10 Periféricos, partes y tarjetas para computadores e impresoras",SI,2024-04-17,10508,"OTROS PRODUCTOS Y APARATOS PARA LA RECOGIDA, ALMACENAMIENTO, PROCESAMIENTO, PRESENTACIÓN O COMUNICACIÓN DE LA INFORMACIÓN DE MANERA ELECTRÓNICA",2.0,Centro de Acopio,Aprovechamiento,REP - 15 - 9316,Eco Industria SAS,Parque Industrial San Jorge,TIENDA ARA BOGOTÁ TERMINAL DE TRANSPORTES,830143447-3,Ana Maria Suarez,test@portal80.com.co,CL 22C68F 20,"BOGOTA, D. C.","BOGOTA, D. C.",4.652559,-74.112969,598385.17,514320.67,18N
2. Electrónica y Equipos de Telecomunicación,"2.10 Periféricos, partes y tarjetas para computadores e impresoras",SI,2024-06-16,11840,TONER DE IMPRESORA SUELTOS,12.23,Centro de Acopio,Aprovechamiento,REP - 14 - 9308,Eco Industria SAS,Parque Industrial San Jorge,TIENDA ARA BOGOTÁ TINTALA,860010451-1,DANIELA PEÑA,ambiental@casalimpia.com.co,KR 87B 6D 10,"BOGOTA, D. C.","BOGOTA, D. C.",4.645803,-74.154458,593783.97,513568.16,18N
1. Aparatos electrodomésticos,1.9 Herramientas para el hogar,SI,2024-02-03,10405,TALADRADORAS,2.0,Centro de Acopio,Aprovechamiento,REP - 29 - 9315,Eco Industria SAS,Parque Industrial San Jorge,TIENDA ARA BOGOTÁ UNIVERSIDADES NIEVES,800149695-1,JENNY PRIETO,gestionambiental@cruzverde.com.co,CL 23 4A 20,"BOGOTA, D. C.","BOGOTA, D. C.",4.607723,-74.068095,603369.31,509370.38,18N
1. Aparatos electrodomésticos,1.2 Enseres de audio y video,SI,2024-08-12,10616,VIDEOCAMARAS,3.0,Centro de Acopio,Aprovechamiento,REP - 14 - 9308,Eco Industria SAS,Parque Industrial San Jorge,TIENDA ARA BOSA ANDALUCÍA,900836968-7,LEONARDO BENAVIDES,test@signify.com,KR 77 G 60 17,"BOGOTA, D. C.","BOGOTA, D. C.",4.676231,-74.077371,602330.43,516942.71,18N
3. Maquinaria y Equipo Eléctrico,3.11 Pilas y acumuladores,SI,2024-09-21,10146,BATERIAS DE LITIO,567.65,Centro de Acopio,Aprovechamiento,REP-86-9030,Eco Industria SAS,Parque Industrial San Jorge,TIENDA ARA BOYACÁ REAL,860010451-1,DANIELA PEÑA,ambiental@casalimpia.com.co,KR 74 66B 28,"BOGOTA, D. C.","BOGOTA, D. C.",4.683194,-74.101187,599687.76,517709.05,18N
2. Electrónica y Equipos de Telecomunicación,2.7 Equipos de instrumentación y control,SI,2024-09-05,10907,BASCULA,5.6,Centro de Acopio,Aprovechamiento,REP - 30 - 9339,Eco Industria SAS,Parque Industrial San Jorge,TIENDA ARA CARRERA 13,860010451-1,DANIELA PEÑA,ambiental@casalimpia.com.co,KR 13 60 66,"BOGOTA, D. C.","BOGOTA, D. C.",4.647427,-74.063786,603841.53,513760.36,18N
1. Aparatos electrodomésticos,1.4 Enseres menores de calentamiento,SI,2024-11-02,9614,APARATOS ELECTRODOMESTICOS,1010.0,Centro de Acopio,Aprovechamiento,REP - 14 - 9308,Eco Industria SAS,Parque Industrial San Jorge,TIENDA ARA CARVAJAL KENNEDY CR 72,800087297-6,LUZ STELLA CELIS,co.recepcionfacturase@la.spectrumbrands.com,AK 72 31 25 Sur,"BOGOTA, D. C.","BOGOTA, D. C.",4.618214,-74.139951,595396.84,510520.14,18N
2. Electrónica y Equipos de Telecomunicación,2.6 Equipos de electrónica de potencia,SI,2024-06-11,9355,BALASTOS,475.0,Centro de Acopio,Aprovechamiento,REP - 14 - 9308,Eco Industria SAS,Parque Industrial San Jorge,TIENDA ARA CENTENARIO,830142201-4,LUZ DARY LEGUIZAMON,test@mts.com.co,CL 63 14 76,"BOGOTA, D. C.","BOGOTA, D. C.",4.649897,-74.065523,603648.49,514033.17,18N
3. Maquinaria y Equipo Eléctrico,3.4 Equipos de iluminación,SI,2024-11-10,9538,TUBOS FLUORESCENTES - SIGNIFY,1.8,Gestionado por Reconecta,Aprovechamiento,REP - 30 - 9339,Eco Industria SAS,Parque Industrial San Jorge,TIENDA ARA CENTUM,900836968-7,LEONARDO BENAVIDES,test@signify.com,CL 100 49 29,"BOGOTA, D. C.","BOGOTA, D. C.",4.687705,-74.061428,604097.16,518213.53,18N
2. Electrónica y Equipos de Telecomunicación,"2.10 Periféricos, partes y tarjetas para computadores e impresoras",SI,2024-09-11,10588,TONNER Y CARTUCHOS EN DESUSO,4.0,Gestionado por Reconecta,Aprovechamiento,REP - 15 - 9316,Eco Industria SAS,Parque Industrial San Jorge,TIENDA ARA CHAPINERO CALLE 58,830142201-4,LUZ DARY LEGUIZAMON,test@mts.com.co,KR 13 58 23,"BOGOTA, D. C.","BOGOTA, D. C.",4.644778,-74.064397,603774.14,513467.42,18N
1. Aparatos electrodomésticos,1.6 Enseres menores del hogar,SI,2024-08-17,11987,"HERRAMIENTAS PARA ROCIAR, ESPARCIR, PROPAGAR O APLICAR OTROS TRATAMIENTOS CON SUSTANCIAS LÍQUIDAS O GASEOSAS POR OTROS MEDIOS",813.81,Gestionado por Reconecta,Aprovechamiento,REP-86-9030,Eco Industria SAS,Parque Industrial San Jorge,TIENDA ARA CHAPINERO MARLY CL 47,800149695-1,JENNY PRIETO,gestionambiental@cruzverde.com.co,AK 7 47 50 LC 1,"BOGOTA, D. C.","BOGOTA, D. C.",4.634184,-74.063716,603851.23,512296.33,18N
2. Electrónica y Equipos de Telecomunicación,2.6 Equipos de electrónica de potencia,SI,2024-07-29,9027,BALASTOS,349.0,Gestionado por Reconecta,Aprovechamiento,REP-86-9030,Eco Industria SAS,Parque Industrial San Jorge,TIENDA ARA CHICO CARRERA 15,860518583-7,MARIA PAULA,ambiental@ccmetropolis.com.co,KR 15 96 23,"BOGOTA, D. C.","BOGOTA, D. C.",4.681756,-74.049486,605422.66,517557.64,18N
3. Maquinaria y Equipo Eléctrico,3.4 Equipos de iluminación,SI,2024-06-17,10700,APARATOS DE ALUMBRADO,71.4,Gestionado por Reconecta,Aprovechamiento,REP - 15 - 9316,Eco Industria SAS,Parque Industrial San Jorge,TIENDA ARA CHICO LAGO,860518583-7,MARIA PAULA,ambiental@ccmetropolis.com.co,TV 18 79 23,"BOGOTA, D. C.","BOGOTA, D. C.",4.666878,-74.059923,604267.18,515911.28,18N
3. Maquinaria y Equipo Eléctrico,3.2 Equipo industrial,SI,2024-11-01,9063,"HERRAMIENTAS PARA MOLDEAR, TORNEAR, PULIR, PUNZAR, PLEGAR, CORTAR Y SOLDAR",32.0,Centro de Acopio,Aprovechamiento,REP - 14 - 9308,Eco Industria SAS,Parque Industrial San Jorge,TIENDA ARA CHICO NORTE TRES,860518583-7,MARIA PAULA,ambiental@ccmetropolis.com.co,CL 100 17 13,"BOGOTA, D. C.","BOGOTA, D. C.",4.685268,-74.049981,605367.23,517945.82,18N
3. Maquinaria y Equipo Eléctrico,3.11 Pilas y acumuladores,SI,2024-03-12,10857,BATERIAS DE LITIO,40.0,Centro de Acopio,Aprovechamiento,REP - 15 - 9316,Eco Industria SAS,Parque Industrial San Jorge,TIENDA ARA CITY U,800087297-6,LUZ STELLA CELIS,co.recepcionfacturase@la.spectrumbrands.com,CL 19 2A 10,"BOGOTA, D. C.","BOGOTA, D. C.",4.602972,-74.067509,603435.0,508845.24,18N
2. Electrónica y Equipos de Telecomunicación,2.4 Computadores y equipos para tratamiento de datos,SI,2024-05-30,9069,SERVIDORES,38.57,Centro de Acopio,Aprovechamiento,REP - 29 - 9315,Eco Industria SAS,Parque Industrial San Jorge,TIENDA ARA CONNECTA ALAMOS,860518583-7,MARIA PAULA,ambiental@ccmetropolis.com.co,AC 26 92 32,"BOGOTA, D. C.","BOGOTA, D. C.",4.682633,-74.121418,597443.83,517644.19,18N
2. Electrónica y Equipos de Telecomunicación,2.8 Equipos de telecomunicaciones,SI,2024-05-23,11079,CELULARES,3.0,Gestionado por Reconecta,Aprovechamiento,REP - 15 - 9316,Eco Industria SAS,Parque Industrial San Jorge,TIENDA ARA COSTA AZUL SUBA,900836968-7,LEONARDO BENAVIDES,test@signify.com,CL 139 103 C 73,"BOGOTA, D. C.","BOGOTA, D. C.",4.741045,-74.096987,600145.34,524105.15,18N
2. Electrónica y Equipos de Telecomunicación,2.6 Equipos de electrónica de potencia,SI,2024-10-07,11151,UPS O FUENTES DE PODER,65.8,Gestionado por Reconecta,Aprovechamiento,REP-86-9030,Eco Industria SAS,Parque Industrial San Jorge,TIENDA ARA EDIFICIO SAN PEDRO,900836968-7,LEONARDO BENAVIDES,test@signify.com,AC 26 Sur 68 H 14 Loc 1,"BOGOTA, D. C.","BOGOTA, D. C.",4.611684,-74.132562,596217.37,509799.25,18N
1. Aparatos electrodomésticos,1.2 Enseres de audio y video,SI,2024-06-26,9623,"OTROS PRODUCTOS O APARATOS UTILIZADOS PARA REGISTRAR O REPRODUCIR SONIDO O IMAGENES, INCLUIDAS LAS SEÑALES Y TECNOLOGIAS DE DISTRIBUCION DEL SONIDO E IMAGEN DE LA COMUNICACION",1.9,Gestionado por Reconecta,Aprovechamiento,REP-86-9030,Eco Industria SAS,Parque Industrial San Jorge,TIENDA ARA EDUARDO FREY,860007386,ANA LUCIA GOMEZ,enlacesambientales@gmail.com,KR 27 31C 63 Sur,"BOGOTA, D. C.","BOGOTA, D. C.",4.588857,-74.116855,597962.87,507277.86,18N
1. Aparatos electrodomésticos,1.2 Enseres de audio y video,SI,2024-02-02,11569,"OTROS PRODUCTOS O APARATOS DE TRANSMISION DE SONIDO, IMAGENES U OTRA INFORMACION POR TELECOMUNICACION",64.48,Centro de Acopio,Aprovechamiento,REP - 30 - 9339,Eco Industria SAS,Parque Industrial San Jorge,TIENDA ARA EL RESTREPO,830143447-3,Ana Maria Suarez,test@portal80.com.co,CL 22 Sur 18 38,"BOGOTA, D. C.","BOGOTA, D. C.",4.583019,-74.103798,599412.14,506634.26,18N
2. Electrónica y Equipos de Telecomunicación,2.4 Computadores y equipos para tratamiento de datos,SI,2024-01-18,10809,TABLETAS,1.2,Gestionado por Reconecta,Aprovechamiento,REP-86-9030,Eco Industria SAS,Parque Industrial San Jorge,TIENDA ARA ENGATIVÁ LA CABAÑA,800087297-6,LUZ STELLA CELIS,co.recepcionfacturase@la.spectrumbrands.com,AK 70 63 D 35,"BOGOTA, D. C.","BOGOTA, D. C.",4.673216,-74.099124,599918.0,516606.27,18N
1. Aparatos electrodomésticos,1.6 Enseres menores del hogar,SI,2024-03-20,9933,ASPIRADORAS,71.89,Gestionado por Reconecta,Aprovechamiento,REP - 30 - 9339,Eco Industria SAS,Parque Industrial San Jorge,TIENDA ARA FERIAS OCCIDENTAL,860518583-7,MARIA PAULA,ambiental@ccmetropolis.com.co,AC 72 69 C 24,"BOGOTA, D. C.","BOGOTA, D. C.",4.682083,-74.089613,600971.7,517587.89,18N
2. Electrónica y Equipos de Telecomunicación,2.4 Computadores y equipos para tratamiento de datos,SI,2024-04-02,11332,TABLETAS,2.6,Gestionado por Reconecta,Aprovechamiento,REP - 30 - 9339,Eco Industria SAS,Parque Industrial San Jorge,TIENDA ARA FLORENCIA,830142201-4,LUZ DARY LEGUIZAMON,test@mts.com.co,KR 88 72A 36,"BOGOTA, D. C.","BOGOTA, D. C.",4.697852,-74.106713,599072.75,519328.72,18N
1. Aparatos electrodomésticos,1.6 Enseres menores del hogar,SI,2024-08-02,10151,OTROS APARATOS DE LIMPIEZA QUE NO SEAN ASPIRADORAS O LIMPIA MOQUETAS,0.6,Gestionado por Reconecta,Aprovechamiento,REP-86-9030,Eco Industria SAS,Parque Industrial San Jorge,TIENDA ARA FONTIBÓN CL 20,800149695-1,JENNY PRIETO,gestionambiental@cruzverde.com.co,KR 100 20 46,"BOGOTA, D. C.","BOGOTA, D. C.",4.675421,-74.142759,595077.69,516843.98,18N
2. Electrónica y Equipos de Telecomunicación,2.4 Computadores y equipos para tratamiento de datos,SI,2024-04-25,10363,DM - IMPRESORAS Y SCANNER,30.3,Centro de Acopio,Aprovechamiento,REP - 29 - 9315,Eco Industria SAS,Parque Industrial San Jorge,TIENDA ARA FONTIBÓN COLORES,800149695-1,JENNY PRIETO,gestionambiental@cruzverde.com.co,CL 17 97 32,"BOGOTA, D. C.","BOGOTA, D. C.",4.671039,-74.144226,594915.56,516359.35,18N
1. Aparatos electrodomésticos,1.6 Enseres menores del hogar,SI,2024-09-14,9903,"RELOJES Y APARATOS DESTINADOS A MEDIR, INDICAR O REGISTRAR EL TIEMPO",0.4,Centro de Acopio,Aprovechamiento,REP - 29 - 9315,Eco Industria SAS,Parque Industrial San Jorge,TIENDA ARA FONTIBÓN HAYUELOS,860010451-1,DANIELA PEÑA,ambiental@casalimpia.com.co,CL 18 86 25,"BOGOTA, D. C.","BOGOTA, D. C.",4.661652,-74.134426,596003.85,515322.95,18N
3. Maquinaria y Equipo Eléctrico,3.9 Otros aparatos y sistemas,SI,2024-04-08,9192,MAQUINA EXPENDEDORA AUTOMATICAS DE DINERO,670.0,Centro de Acopio,Aprovechamiento,REP - 30 - 9339,Eco Industria SAS,Parque Industrial San Jorge,TIENDA ARA GALERÍAS,860518583-7,MARIA PAULA,ambiental@ccmetropolis.com.co,AC 53 21 21,"BOGOTA, D. C.","BOGOTA, D. C.",4.641379,-74.072357,602891.66,513090.49,18N
2. Electrónica y Equipos de Telecomunicación,"2.10 Periféricos, partes y tarjetas para computadores e impresoras",SI,2024-12-04,9212,"OTROS PRODUCTOS Y APARATOS PARA LA RECOGIDA, ALMACENAMIENTO, PROCESAMIENTO, PRESENTACIÓN O COMUNICACIÓN DE LA INFORMACIÓN DE MANERA ELECTRÓNICA",2.0,Gestionado por Reconecta,Aprovechamiento,REP - 14 - 9308,Eco Industria SAS,Parque Industrial San Jorge,TIENDA ARA GRAN AMÉRICA,830143447-3,Ana Maria Suarez,test@portal80.com.co,KR 32 A 25 53,"BOGOTA, D. C.","BOGOTA, D. C.",4.627542,-74.08518,601471.22,511558.94,18N
1. Aparatos electrodomésticos,1.5 Enseres menores de cocina,SI,2024-12-02,9916,"MOLINOS, CAFETERAS Y APARATOS PARA ABRIR O PRECINTAR ENVASES O PAQUETES",211.0,Centro de Acopio,Aprovechamiento,REP - 14 - 9308,Eco Industria SAS,Parque Industrial San Jorge,TIENDA ARA KENNEDY MARIA PAZ,800149695-1,JENNY PRIETO,gestionambiental@cruzverde.com.co,CL 2 83 64,"BOGOTA, D. C.","BOGOTA, D. C.",4.638793,-74.157656,593430.15,512792.79,18N
2. Electrónica y Equipos de Telecomunicación,2.4 Computadores y equipos para tratamiento de datos,SI,2024-06-11,11698,COMPUTADORES TODO EN UNO,20.0,Gestionado por Reconecta,Aprovechamiento,REP - 15 - 9316,Eco Industria SAS,Parque Industrial San Jorge,TIENDA ARA LA CANDELARIA,800087297-6,LUZ STELLA CELIS,co.recepcionfacturase@la.spectrumbrands.com,DG 62 Sur 21A 60,"BOGOTA, D. C.","BOGOTA, D. C.",4.566751,-74.144343,594916.44,504830.35,18N
1. Aparatos electrodomésticos,1.4 Enseres menores de calentamiento,SI,2024-05-29,9603,APARATOS ELECTRODOMESTICOS/HORNOS DE MICROONDAS,21.7,Centro de Acopio,Aprovechamiento,REP - 14 - 9308,Eco Industria SAS,Parque Industrial San Jorge,TIENDA ARA LAS NIEVES ,860518583-7,MARIA PAULA,ambiental@ccmetropolis.com.co,CL 22 9 08,"BOGOTA, D. C.","BOGOTA, D. C.",4.608773,-74.071944,602942.18,509485.91,18N
1. Aparatos electrodomésticos,1.6 Enseres menores del hogar,SI,2024-08-12,11184,OTROS APARATOS DE LIMPIEZA QUE NO SEAN ASPIRADORAS O LIMPIA MOQUETAS,0.6,Gestionado por Reconecta,Aprovechamiento,REP - 14 - 9308,Eco Industria SAS,Parque Industrial San Jorge,TIENDA ARA LOS LAGARTOS,800087297-6,LUZ STELLA CELIS,co.recepcionfacturase@la.spectrumbrands.com,KR 72 95 23,"BOGOTA, D. C.","BOGOTA, D. C.",4.698721,-74.085375,601439.38,519427.85,18N
2. Electrónica y Equipos de Telecomunicación,2.4 Computadores y equipos para tratamiento de datos,SI,2024-04-04,10464,DM - IMPRESORAS Y SCANNER,30.3,Centro de Acopio,Aprovechamiento,REP - 15 - 9316,Eco Industria SAS,Parque Industrial San Jorge,TIENDA ARA LUCERO BAJO,830142201-4,LUZ DARY LEGUIZAMON,test@mts.com.co,DG 64 A Bis Sur 17 B 31/3,"BOGOTA, D. C.","BOGOTA, D. C.",4.55444,-74.138547,595561.06,503470.14,18N
2. Electrónica y Equipos de Telecomunicación,2.5 Electrónica de consumo,SI,2024-01-17,11497,AMPLIFICADOR DE SONIDO,20.16,Gestionado por Reconecta,Aprovechamiento,REP-86-9030,Eco Industria SAS,Parque Industrial San Jorge,TIENDA ARA MARCO FIDEL SUAREZ,860007386,ANA LUCIA GOMEZ,enlacesambientales@gmail.com,CL 47 Sur 17 20,"BOGOTA, D. C.","BOGOTA, D. C.",4.563135,-74.132303,596252.6,504432.2,18N
1. Aparatos electrodomésticos,1.2 Enseres de audio y video,SI,2024-07-15,10538,"OTROS PRODUCTOS O APARATOS UTILIZADOS PARA REGISTRAR O REPRODUCIR SONIDO O IMAGENES, INCLUIDAS LAS SEÑALES Y TECNOLOGIAS DE DISTRIBUCION DEL SONIDO E IMAGEN DE LA COMUNICACION",639.0,Gestionado por Reconecta,Aprovechamiento,REP - 29 - 9315,Eco Industria SAS,Parque Industrial San Jorge,TIENDA ARA MINUTO DE DIOS,830143447-3,Ana Maria Suarez,test@portal80.com.co,DG 82 C 75 A 76,"BOGOTA, D. C.","BOGOTA, D. C.",4.702484,-74.092014,600702.46,519842.9,18N
2. Electrónica y Equipos de Telecomunicación,2.4 Computadores y equipos para tratamiento de datos,SI,2024-08-04,9417,DM - IMPRESORAS Y SCANNER,30.3,Centro de Acopio,Aprovechamiento,REP-86-9030,Eco Industria SAS,Parque Industrial San Jorge,TIENDA ARA MIRAFLORES,830142201-4,LUZ DARY LEGUIZAMON,test@mts.com.co,KR 92 147D 06,"BOGOTA, D. C.","BOGOTA, D. C.",4.743771,-74.084429,601537.75,524408.34,18N
2. Electrónica y Equipos de Telecomunicación,2.8 Equipos de telecomunicaciones,SI,2024-02-24,10781,TERMINALES DE TELEX,16.0,Gestionado por Reconecta,Aprovechamiento,REP - 30 - 9339,Eco Industria SAS,Parque Industrial San Jorge,TIENDA ARA MODELIA,860010451-1,DANIELA PEÑA,ambiental@casalimpia.com.co,KR 82 23 A 57,"BOGOTA, D. C.","BOGOTA, D. C.",4.666992,-74.125301,597015.28,515914.54,18N
1. Aparatos electrodomésticos,1.4 Enseres menores de calentamiento,SI,2024-10-04,9470,APARATOS ELECTRODOMESTICOS/HORNOS ELECTRICOS,45.0,Centro de Acopio,Aprovechamiento,REP - 29 - 9315,Eco Industria SAS,Parque Industrial San Jorge,TIENDA ARA MODELIA CL 25,860010451-1,DANIELA PEÑA,ambiental@casalimpia.com.co,CL 25G 73B 90,"BOGOTA, D. C.","BOGOTA, D. C.",4.667476,-74.11375,598296.47,515969.65,18N
1. Aparatos electrodomésticos,1.4 Enseres menores de calentamiento,SI,2024-08-18,10844,FREIDORAS,20.0,Centro de Acopio,Aprovechamiento,REP-86-9030,Eco Industria SAS,Parque Industrial San Jorge,TIENDA ARA NORMANDÍA,830142201-4,LUZ DARY LEGUIZAMON,test@mts.com.co,AC 53 71 43/03,"BOGOTA, D. C.","BOGOTA, D. C.",4.669871,-74.10556,599204.58,516235.57,18N
1. Aparatos electrodomésticos,1.5 Enseres menores de cocina,SI,2024-11-26,10726,"MOLINOS, CAFETERAS Y APARATOS PARA ABRIR O PRECINTAR ENVASES O PAQUETES",468.0,Centro de Acopio,Aprovechamiento,REP - 14 - 9308,Eco Industria SAS,Parque Industrial San Jorge,TIENDA ARA NUEVO 54,830143447-3,Ana Maria Suarez,test@portal80.com.co,KR 13 54 44,"BOGOTA, D. C.","BOGOTA, D. C.",4.641309,-74.064749,603735.6,513083.86,18N
2. Electrónica y Equipos de Telecomunicación,2.8 Equipos de telecomunicaciones,SI,2024-07-28,11689,TELÉFONOS CONVENCIONALES,6.0,Centro de Acopio,Aprovechamiento,REP - 15 - 9316,Eco Industria SAS,Parque Industrial San Jorge,TIENDA ARA PARQUEADERO CRA 100,830143447-3,Ana Maria Suarez,test@portal80.com.co,KR 100 24 27,"BOGOTA, D. C.","BOGOTA, D. C.",4.681728,-74.133907,596058.69,517542.42,18N
2. Electrónica y Equipos de Telecomunicación,"2.10 Periféricos, partes y tarjetas para computadores e impresoras",SI,2024-10-21,10759,TONNER EN DESUSO,7.0,Gestionado por Reconecta,Aprovechamiento,REP - 30 - 9339,Eco Industria SAS,Parque Industrial San Jorge,TIENDA ARA PARQUE ENGATIVÁ,800149695-1,JENNY PRIETO,gestionambiental@cruzverde.com.co,CL 64 122 A 15,"BOGOTA, D. C.","BOGOTA, D. C.",4.714957,-74.142175,595137.11,521214.76,18N
1. Aparatos electrodomésticos,1.6 Enseres menores del hogar,SI,2024-06-30,10149,ASPIRADORAS,6.0,Gestionado por Reconecta,Aprovechamiento,REP - 14 - 9308,Eco Industria SAS,Parque Industrial San Jorge,TIENDA ARA PERDOMO DIAGONAL 62,800087297-6,LUZ STELLA CELIS,co.recepcionfacturase@la.spectrumbrands.com,DIAG 62 G Sur 71 I 01,"BOGOTA, D. C.","BOGOTA, D. C.",4.588534,-74.166208,592488.03,507235.59,18N
2. Electrónica y Equipos de Telecomunicación,2.6 Equipos de electrónica de potencia,SI,2024-12-24,11273,BALASTOS,349.0,Centro de Acopio,Aprovechamiento,REP - 14 - 9308,Eco Industria SAS,Parque Industrial San Jorge,TIENDA ARA PORCIUNCULA,830142201-4,LUZ DARY LEGUIZAMON,test@mts.com.co,CL 74 15 38,"BOGOTA, D. C.","BOGOTA, D. C.",4.661375,-74.060689,604183.02,515302.8,18N
2. Electrónica y Equipos de Telecomunicación,2.4 Computadores y equipos para tratamiento de datos,SI,2024-08-29,9011,CPU,172.6,Centro de Acopio,Aprovechamiento,REP-86-9030,Eco Industria SAS,Parque Industrial San Jorge,TIENDA ARA QUINTA PAREDES,860518583-7,MARIA PAULA,ambiental@ccmetropolis.com.co,AC 20 39 78,"BOGOTA, D. C.","BOGOTA, D. C.",4.626648,-74.095266,600352.52,511458.68,18N
2. Electrónica y Equipos de Telecomunicación,2.4 Computadores y equipos para tratamiento de datos,SI,2024-04-07,11144,CPU,79.0,Gestionado por Reconecta,Aprovechamiento,REP - 30 - 9339,Eco Industria SAS,Parque Industrial San Jorge,TIENDA ARA QUIRIGUÁ,900836968-7,LEONARDO BENAVIDES,test@signify.com,CL 84 Bis 92 16,"BOGOTA, D. C.","BOGOTA, D. C.",4.709714,-74.102449,599544.01,520640.69,18N
2. Electrónica y Equipos de Telecomunicación,2.3 Componentes electrónicos,SI,2024-05-26,11910,PANELES FOTOVOLTAICOS,182.0,Gestionado por Reconecta,Aprovechamiento,REP - 29 - 9315,Eco Industria SAS,Parque Industrial San Jorge,TIENDA ARA QUIROGA CENTRAL,860518583-7,MARIA PAULA,ambiental@ccmetropolis.com.co,KR 24 35 37 Sur,"BOGOTA, D. C.","BOGOTA, D. C.",4.581876,-74.118357,597797.19,506505.9,18N
1. Aparatos electrodomésticos,1.5 Enseres menores de cocina,SI,2024-05-27,9669,OTROS GRANDES APARATOS UTILIZADOS PARA COCINAR Y EN OTROS PROCESOS DE TRANSFORMACION DE LOS ALIMENTOS,37.1,Gestionado por Reconecta,Aprovechamiento,REP - 15 - 9316,Eco Industria SAS,Parque Industrial San Jorge,TIENDA ARA RESTREPO CENTRO,800149695-1,JENNY PRIETO,gestionambiental@cruzverde.com.co,KR 19 17 25,"BOGOTA, D. C.","BOGOTA, D. C.",4.611716,-74.078676,602194.97,509810.29,18N
3. Maquinaria y Equipo Eléctrico,3.12 Refrigeración y equipos de acondicionamiento de aire industriales,SI,2024-08-23,11344,MÁQUINAS DISPENSADORAS DE BEBIDAS CALIENTES,14.2,Centro de Acopio,Aprovechamiento,REP-86-9030,Eco Industria SAS,Parque Industrial San Jorge,TIENDA ARA  RICAURTE,860010451-1,DANIELA PEÑA,ambiental@casalimpia.com.co,CL 9 26 70,"BOGOTA, D. C.","BOGOTA, D. C.",4.607329,-74.092675,600642.66,509323.31,18N
2. Electrónica y Equipos de Telecomunicación,"2.10 Periféricos, partes y tarjetas para computadores e impresoras",SI,2024-01-21,9244,MODEM,102.25,Centro de Acopio,Aprovechamiento,REP - 30 - 9339,Eco Industria SAS,Parque Industrial San Jorge,TIENDA ARA SAN CRISTOBAL SUR ,860007386,ANA LUCIA GOMEZ,enlacesambientales@gmail.com,CL 17 A SUR 6 18 Este,"BOGOTA, D. C.","BOGOTA, D. C.",4.571937,-74.082545,601771.41,505412.12,18N
1. Aparatos electrodomésticos,1.4 Enseres menores de calentamiento,SI,2024-08-17,9323,APARATOS ELECTRODOMESTICOS,35.0,Centro de Acopio,Aprovechamiento,REP - 30 - 9339,Eco Industria SAS,Parque Industrial San Jorge,TIENDA ARA SAN MARCOS,800087297-6,LUZ STELLA CELIS,co.recepcionfacturase@la.spectrumbrands.com,KR 13 40B 74,"BOGOTA, D. C.","BOGOTA, D. C.",4.628451,-74.066927,603495.88,511662.07,18N
1. Aparatos electrodomésticos,1.1 Cocinas y hornos,SI,2024-10-21,9514,HORNOS ELECTRICOS,23.0,Centro de Acopio,Aprovechamiento,REP - 29 - 9315,Eco Industria SAS,Parque Industrial San Jorge,TIENDA ARA SANTA HELENITA,860007386,ANA LUCIA GOMEZ,enlacesambientales@gmail.com,AC 72 81A 20,"BOGOTA, D. C.","BOGOTA, D. C.",4.693739,-74.102987,599486.61,518874.56,18N
1. Aparatos electrodomésticos,1.5 Enseres menores de cocina,SI,2024-09-30,9445,OTROS GRANDES APARATOS UTILIZADOS PARA COCINAR Y EN OTROS PROCESOS DE TRANSFORMACION DE LOS ALIMENTOS,61.2,Centro de Acopio,Aprovechamiento,REP - 30 - 9339,Eco Industria SAS,Parque Industrial San Jorge,TIENDA ARA SANTA ISABEL,860010451-1,DANIELA PEÑA,ambiental@casalimpia.com.co,AC 3 24 33,"BOGOTA, D. C.","BOGOTA, D. C.",4.599518,-74.095306,600351.89,508459.43,18N
3. Maquinaria y Equipo Eléctrico,3.4 Equipos de iluminación,SI,2024-04-20,11228,BOMBILLOS COMPACTOS - SIGNIFY,1.4,Gestionado por Reconecta,Aprovechamiento,REP-86-9030,Eco Industria SAS,Parque Industrial San Jorge,TIENDA ARA SAN VICTORINO,860007386,ANA LUCIA GOMEZ,enlacesambientales@gmail.com,CL 13 13 13,"BOGOTA, D. C.","BOGOTA, D. C.",4.602809,-74.079206,602137.45,508825.53,18N
2. Electrónica y Equipos de Telecomunicación,2.5 Electrónica de consumo,SI,2024-01-07,11514,AMPLIFICADOR DE SONIDO,3.2,Centro de Acopio,Aprovechamiento,REP - 14 - 9308,Eco Industria SAS,Parque Industrial San Jorge,TIENDA ARA SIETE DE AGOSTO,830143447-3,Ana Maria Suarez,test@portal80.com.co,CL 66 24 24,"BOGOTA, D. C.","BOGOTA, D. C.",4.657607,-74.070947,603045.71,514884.73,18N
2. Electrónica y Equipos de Telecomunicación,"2.10 Periféricos, partes y tarjetas para computadores e impresoras",SI,2024-07-09,10443,CD,8.0,Gestionado por Reconecta,Aprovechamiento,REP - 30 - 9339,Eco Industria SAS,Parque Industrial San Jorge,TIENDA ARA SOCORRO KENNEDY,800087297-6,LUZ STELLA CELIS,co.recepcionfacturase@la.spectrumbrands.com,CL 49 Sur 78 66,"BOGOTA, D. C.","BOGOTA, D. C.",4.611402,-74.166087,592498.5,509763.63,18N
1. Aparatos electrodomésticos,1.2 Enseres de audio y video,SI,2024-05-08,11096,APARATOS DE GRABACION DE VIDEO,3.0,Centro de Acopio,Aprovechamiento,REP - 29 - 9315,Eco Industria SAS,Parque Industrial San Jorge,TIENDA ARA SUBA CAMPANIA TR 60,860010451-1,DANIELA PEÑA,ambiental@casalimpia.com.co,TV 60 128A 58,"BOGOTA, D. C.","BOGOTA, D. C.",4.716933,-74.073292,602776.92,521442.99,18N
1. Aparatos electrodomésticos,1.4 Enseres menores de calentamiento,SI,2024-06-15,10440,FREIDORAS,130.6,Gestionado por Reconecta,Aprovechamiento,REP-86-9030,Eco Industria SAS,Parque Industrial San Jorge,TIENDA ARA SUBA JULIO FLORES,830143447-3,Ana Maria Suarez,test@portal80.com.co,CL 98A 68 35,"BOGOTA, D. C.","BOGOTA, D. C.",4.689257,-74.073973,602705.44,518383.25,18N
2. Electrónica y Equipos de Telecomunicación,2.8 Equipos de telecomunicaciones,SI,2024-10-01,10176,TERMINALES DE FAX,4.56,Centro de Acopio,Aprovechamiento,REP - 14 - 9308,Eco Industria SAS,Parque Industrial San Jorge,TIENDA ARA SUBA - TUNA BAJA - CALLE 153,800087297-6,LUZ STELLA CELIS,co.recepcionfacturase@la.spectrumbrands.com,AC 153 103B 76,"BOGOTA, D. C.","BOGOTA, D. C.",4.754214,-74.091759,600723.27,525561.76,18N
2. Electrónica y Equipos de Telecomunicación,"2.10 Periféricos, partes y tarjetas para computadores e impresoras",SI,2024-09-29,11220,"OTROS PRODUCTOS Y APARATOS PARA LA RECOGIDA, ALMACENAMIENTO, PROCESAMIENTO, PRESENTACIÓN O COMUNICACIÓN DE LA INFORMACIÓN DE MANERA ELECTRÓNICA",2.0,Gestionado por Reconecta,Aprovechamiento,REP - 15 - 9316,Eco Industria SAS,Parque Industrial San Jorge,TIENDA ARA SUCRE,860007386,ANA LUCIA GOMEZ,enlacesambientales@gmail.com,KR 14 42 06,"BOGOTA, D. C.","BOGOTA, D. C.",4.630119,-74.06793,603384.37,511846.32,18N
1. Aparatos electrodomésticos,1.6 Enseres menores del hogar,SI,2024-05-20,9699,ASPIRADORAS,305.0,Centro de Acopio,Aprovechamiento,REP - 29 - 9315,Eco Industria SAS,Parque Industrial San Jorge,TIENDA ARA SUR CARVAJAL KENNEDY,830142201-4,LUZ DARY LEGUIZAMON,test@mts.com.co,KR 69 31 46 SUR,"BOGOTA, D. C.","BOGOTA, D. C.",4.611819,-74.135396,595902.98,509813.79,18N
1. Aparatos electrodomésticos,1.2 Enseres de audio y video,SI,2024-10-05,11415,APARATOS DE GRABACION DE VIDEO,3.0,Gestionado por Reconecta,Aprovechamiento,REP - 29 - 9315,Eco Industria SAS,Parque Industrial San Jorge,TIENDA ARA SUR SAN CARLOS,830143447-3,Ana Maria Suarez,test@portal80.com.co,KR 16 B 55 37 SUR,"BOGOTA, D. C.","BOGOTA, D. C.",4.564857,-74.130722,596427.76,504622.78,18N
1. Aparatos electrodomésticos,1.6 Enseres menores del hogar,SI,2024-01-20,10333,"RELOJES Y APARATOS DESTINADOS A MEDIR, INDICAR O REGISTRAR EL TIEMPO",17.77,Gestionado por Reconecta,Aprovechamiento,REP - 15 - 9316,Eco Industria SAS,Parque Industrial San Jorge,TIENDA ARA USAQUEN CONTADOR,900836968-7,LEONARDO BENAVIDES,test@signify.com,AK 19 139 02,"BOGOTA, D. C.","BOGOTA, D. C.",4.72285,-74.046198,605781.17,522101.18,18N
2. Electrónica y Equipos de Telecomunicación,2.4 Computadores y equipos para tratamiento de datos,SI,2024-12-14,9486,MONITORES,186.18,Gestionado por Reconecta,Aprovechamiento,REP-86-9030,Eco Industria SAS,Parque Industrial San Jorge,TIENDA ARA  USAQUEN TOBERÍN CR 22,900836968-7,LEONARDO BENAVIDES,test@signify.com,CL 166 22 41,"BOGOTA, D. C.","BOGOTA, D. C.",4.746908,-74.045743,605827.98,524760.93,18N
1. Aparatos electrodomésticos,1.2 Enseres de audio y video,SI,2024-12-17,11120,"OTROS PRODUCTOS O APARATOS UTILIZADOS PARA REGISTRAR O REPRODUCIR SONIDO O IMAGENES, INCLUIDAS LAS SEÑALES Y TECNOLOGIAS DE DISTRIBUCION DEL SONIDO E IMAGEN DE LA COMUNICACION",1.9,Gestionado por Reconecta,Aprovechamiento,REP - 14 - 9308,Eco Industria SAS,Parque Industrial San Jorge,TIENDA ARA USATAMA RESERVADO,800149695-1,JENNY PRIETO,gestionambiental@cruzverde.com.co,KR 30 22C 32,"BOGOTA, D. C.","BOGOTA, D. C.",4.622807,-74.084247,601575.39,511035.62,18N
1. Aparatos electrodomésticos,1.2 Enseres de audio y video,SI,2024-05-07,9994,VIDEOCAMARAS,66.2,Gestionado por Reconecta,Aprovechamiento,REP - 15 - 9316,Eco Industria SAS,Parque Industrial San Jorge,TIENDA ARA VERACRUZ,800149695-1,JENNY PRIETO,gestionambiental@cruzverde.com.co,AK 10 15 54,"BOGOTA, D. C.","BOGOTA, D. C.",4.603696,-74.075537,602544.33,508924.12,18N
3. Maquinaria y Equipo Eléctrico,3.9 Otros aparatos y sistemas,SI,2024-11-12,11077,MAQUINA EXPENDEDORA AUTOMATICAS DE DINERO,83.0,Centro de Acopio,Aprovechamiento,REP - 29 - 9315,Eco Industria SAS,Parque Industrial San Jorge,TIENDA ARA VERBENAL KR 8,900836968-7,LEONARDO BENAVIDES,test@signify.com,KR 8 C 185B 06,"BOGOTA, D. C.","BOGOTA, D. C.",4.76245,-74.029971,607574.86,526481.59,18N
2. Electrónica y Equipos de Telecomunicación,2.8 Equipos de telecomunicaciones,SI,2024-09-10,9994,"TELÉFONOS; PÚBLICOS, INALÁMBRICOS Y MÓVILES",1.51,Gestionado por Reconecta,Aprovechamiento,REP - 15 - 9316,Eco Industria SAS,Parque Industrial San Jorge,TIENDA ARA VILLA DEL RIO,800149695-1,JENNY PRIETO,gestionambiental@cruzverde.com.co,CL 57 B Sur 69 15,"BOGOTA, D. C.","BOGOTA, D. C.",4.599596,-74.16019,593154.19,508459.26,18N
1. Aparatos electrodomésticos,1.1 Cocinas y hornos,SI,2024-05-25,10331,HORNOS DE MICROONDAS,13.23,Centro de Acopio,Aprovechamiento,REP - 30 - 9339,Eco Industria SAS,Parque Industrial San Jorge,TIENDA D1 128 BULEVAR,800087297-6,LUZ STELLA CELIS,co.recepcionfacturase@la.spectrumbrands.com,KR 58 128 A 43,"BOGOTA, D. C.","BOGOTA, D. C.",4.715548,-74.070077,603133.72,521290.35,18N
2. Electrónica y Equipos de Telecomunicación,"2.10 Periféricos, partes y tarjetas para computadores e impresoras",SI,2024-07-14,9783,Tonner De Impresora / Aprovechamiento,2.0,Gestionado por Reconecta,Aprovechamiento,REP-86-9030,Eco Industria SAS,Parque Industrial San Jorge,TIENDA D1 12 DE OCTUBRE,830142201-4,LUZ DARY LEGUIZAMON,test@mts.com.co,KR 55 73 35,"BOGOTA, D. C.","BOGOTA, D. C.",4.671203,-74.075863,602498.43,516387.08,18N
2. Electrónica y Equipos de Telecomunicación,"2.10 Periféricos, partes y tarjetas para computadores e impresoras",SI,2024-02-05,9478,TONNER,1.0,Centro de Acopio,Aprovechamiento,REP - 30 - 9339,Eco Industria SAS,Parque Industrial San Jorge,TIENDA D1 20 DE JULIO,800087297-6,LUZ STELLA CELIS,co.recepcionfacturase@la.spectrumbrands.com,CL 27 SUR 9 39,"BOGOTA, D. C.","BOGOTA, D. C.",4.571561,-74.097181,600147.79,505368.49,18N
2. Electrónica y Equipos de Telecomunicación,2.8 Equipos de telecomunicaciones,SI,2024-02-03,10997,CELULARES,12.0,Gestionado por Reconecta,Aprovechamiento,REP - 15 - 9316,Eco Industria SAS,Parque Industrial San Jorge,TIENDA D1 7 DE AGOSTO,860007386,ANA LUCIA GOMEZ,enlacesambientales@gmail.com,CL 66 21 46,"BOGOTA, D. C.","BOGOTA, D. C.",4.656353,-74.069398,603217.71,514746.33,18N
2. Electrónica y Equipos de Telecomunicación,2.4 Computadores y equipos para tratamiento de datos,SI,2024-10-29,11416,SERVIDORES,60.0,Gestionado por Reconecta,Aprovechamiento,REP - 14 - 9308,Eco Industria SAS,Parque Industrial San Jorge,TIENDA D1 ACEVEDO TEJADA,830142201-4,LUZ DARY LEGUIZAMON,test@mts.com.co,CL 26 A 32 A 60,"BOGOTA, D. C.","BOGOTA, D. C.",4.630007,-74.082527,601765.16,511831.83,18N
2. Electrónica y Equipos de Telecomunicación,"2.10 Periféricos, partes y tarjetas para computadores e impresoras",SI,2024-05-31,10890,"PERIFERICOS (MOUSE, TECLADO, AUDIFONOS, CAMARAS Y OTROS)",7.0,Centro de Acopio,Aprovechamiento,REP - 14 - 9308,Eco Industria SAS,Parque Industrial San Jorge,TIENDA D1 ALAMEDA,900836968-7,LEONARDO BENAVIDES,test@signify.com,KR 13 23 56,"BOGOTA, D. C.","BOGOTA, D. C.",4.610932,-74.07276,602851.35,509724.47,18N
2. Electrónica y Equipos de Telecomunicación,2.8 Equipos de telecomunicaciones,SI,2024-11-18,9373,ROUTER,4.0,Gestionado por Reconecta,Aprovechamiento,REP - 30 - 9339,Eco Industria SAS,Parque Industrial San Jorge,TIENDA D1 ALCALA,830142201-4,LUZ DARY LEGUIZAMON,test@mts.com.co,CL 136 45 A 44,"BOGOTA, D. C.","BOGOTA, D. C.",4.721949,-74.052711,605058.92,522000.59,18N
1. Aparatos electrodomésticos,1.4 Enseres menores de calentamiento,SI,2024-04-11,10853,HORNOS DE MICROONDAS/ APARATOS ELECTRODOMESTICOS,67.0,Centro de Acopio,Aprovechamiento,REP - 30 - 9339,Eco Industria SAS,Parque Industrial San Jorge,TIENDA D1 ALCAZARES,800149695-1,JENNY PRIETO,gestionambiental@cruzverde.com.co,AK 24 72 30,"BOGOTA, D. C.","BOGOTA, D. C.",4.663228,-74.06716,603464.96,515506.7,18N
1. Aparatos electrodomésticos,1.8 Equipos de acondicionamiento de aire,SI,2024-05-01,11547,APARATOS DE AIRE ACONDICIONADO,21.2,Gestionado por Reconecta,Aprovechamiento,REP - 30 - 9339,Eco Industria SAS,Parque Industrial San Jorge,TIENDA D1 ALHAMBRA,830142201-4,LUZ DARY LEGUIZAMON,test@mts.com.co,KR 50 118 46,"BOGOTA, D. C.","BOGOTA, D. C.",4.701418,-74.059128,604350.24,519729.87,18N
1. Aparatos electrodomésticos,1.2 Enseres de audio y video,SI,2024-08-06,10642,"OTROS PRODUCTOS O APARATOS DE TRANSMISION DE SONIDO, IMAGENES U OTRA INFORMACION POR TELECOMUNICACION",79.9,Gestionado por Reconecta,Aprovechamiento,REP-86-9030,Eco Industria SAS,Parque Industrial San Jorge,TIENDA D1 ALPES,830143447-3,Ana Maria Suarez,test@portal80.com.co,AK 9 EST 36 A SUR 12,"BOGOTA, D. C.","BOGOTA, D. C.",4.555023,-74.084371,601571.22,503542.0,18N
1. Aparatos electrodomésticos,1.5 Enseres menores de cocina,SI,2024-07-21,11094,OTROS GRANDES APARATOS UTILIZADOS PARA COCINAR Y EN OTROS PROCESOS DE TRANSFORMACION DE LOS ALIMENTOS. APARATOS DE CALEFACCION ELECTRICOS,819.0,Centro de Acopio,Aprovechamiento,REP-86-9030,Eco Industria SAS,Parque Industrial San Jorge,TIENDA D1 ALQUERÍA,860007386,ANA LUCIA GOMEZ,enlacesambientales@gmail.com,CL 44 SUR 52 C 70,"BOGOTA, D. C.","BOGOTA, D. C.",4.595312,-74.136353,595799.02,507988.82,18N
2. Electrónica y Equipos de Telecomunicación,"2.10 Periféricos, partes y tarjetas para computadores e impresoras",SI,2024-03-27,9218,ups,25.8,Gestionado por Reconecta,Aprovechamiento,REP - 14 - 9308,Eco Industria SAS,Parque Industrial San Jorge,TIENDA D1 ALTA BLANCA,800149695-1,JENNY PRIETO,gestionambiental@cruzverde.com.co,CL 158 7 B 69,"BOGOTA, D. C.","BOGOTA, D. C.",4.733189,-74.025452,608080.61,523247.38,18N
2. Electrónica y Equipos de Telecomunicación,2.4 Computadores y equipos para tratamiento de datos,SI,2024-12-19,9368,TABLETAS,1.58,Gestionado por Reconecta,Aprovechamiento,REP - 15 - 9316,Eco Industria SAS,Parque Industrial San Jorge,TIENDA D1 ALTOS DE CHOZICA,800149695-1,JENNY PRIETO,gestionambiental@cruzverde.com.co,AC 145 88 24,"BOGOTA, D. C.","BOGOTA, D. C.",4.737454,-74.083133,601682.42,523710.17,18N
2. Electrónica y Equipos de Telecomunicación,2.8 Equipos de telecomunicaciones,SI,2024-04-26,10525,CELULARES,0.5,Centro de Acopio,Aprovechamiento,REP - 15 - 9316,Eco Industria SAS,Parque Industrial San Jorge,TIENDA D1 ALVERNIA,900836968-7,LEONARDO BENAVIDES,test@signify.com,TV 77 162 12,"BOGOTA, D. C.","BOGOTA, D. C.",4.749901,-74.07354,602744.55,525087.63,18N
3. Maquinaria y Equipo Eléctrico,3.3 Equipos de control y proteción,SI,2024-02-28,9396,SWITCH,10.0,Centro de Acopio,Aprovechamiento,REP-86-9030,Eco Industria SAS,Parque Industrial San Jorge,TIENDA D1 AMERICA DE LOS ANDES,830142201-4,LUZ DARY LEGUIZAMON,test@mts.com.co,AK 72 3A 38,"BOGOTA, D. C.","BOGOTA, D. C.",4.626556,-74.137896,595623.68,511442.63,18N
2. Electrónica y Equipos de Telecomunicación,"2.10 Periféricos, partes y tarjetas para computadores e impresoras",SI,2024-05-25,11350,Tonner De Impresora / Aprovechamiento,15.0,Centro de Acopio,Aprovechamiento,REP - 15 - 9316,Eco Industria SAS,Parque Industrial San Jorge,TIENDA D1 AMÉRICAS ANDES,900836968-7,LEONARDO BENAVIDES,test@signify.com,KR 72 3 A 34,"BOGOTA, D. C.","BOGOTA, D. C.",4.626505,-74.137902,595623.02,511436.99,18N
3. Maquinaria y Equipo Eléctrico,3.12 Refrigeración y equipos de acondicionamiento de aire industriales,SI,2024-01-05,11693,MÁQUINAS DISPENSADORAS DE BEBIDAS CALIENTES,14.2,Centro de Acopio,Aprovechamiento,REP-86-9030,Eco Industria SAS,Parque Industrial San Jorge,TIENDA D1 ANDES,830142201-4,LUZ DARY LEGUIZAMON,test@mts.com.co,CL 98 A 60 92,"BOGOTA, D. C.","BOGOTA, D. C.",4.687474,-74.0669,603490.24,518187.18,18N
3. Maquinaria y Equipo Eléctrico,3.12 Refrigeración y equipos de acondicionamiento de aire industriales,SI,2024-06-14,9236,MÁQUINAS DISPENSADORAS DE BEBIDAS CALIENTES,14.2,Gestionado por Reconecta,Aprovechamiento,REP-86-9030,Eco Industria SAS,Parque Industrial San Jorge,TIENDA D1 ANDINO,860010451-1,DANIELA PEÑA,ambiental@casalimpia.com.co,KR 11 82 20,"BOGOTA, D. C.","BOGOTA, D. C.",4.665885,-74.052655,605073.51,515802.58,18N
2. Electrónica y Equipos de Telecomunicación,"2.10 Periféricos, partes y tarjetas para computadores e impresoras",SI,2024-07-28,11432,CD,6.0,Centro de Acopio,Aprovechamiento,REP - 30 - 9339,Eco Industria SAS,Parque Industrial San Jorge,TIENDA D1 ANTIGUO COUNTRY,800087297-6,LUZ STELLA CELIS,co.recepcionfacturase@la.spectrumbrands.com,CL 82 16 A 24,"BOGOTA, D. C.","BOGOTA, D. C.",4.668282,-74.057823,604499.91,516066.81,18N
2. Electrónica y Equipos de Telecomunicación,2.4 Computadores y equipos para tratamiento de datos,SI,2024-04-30,9234,COMPUTADORES TODO EN UNO,447.56,Gestionado por Reconecta,Aprovechamiento,REP - 14 - 9308,Eco Industria SAS,Parque Industrial San Jorge,TIENDA D1 AUTO 106,860007386,ANA LUCIA GOMEZ,enlacesambientales@gmail.com,AK 45 106 B 66,"BOGOTA, D. C.","BOGOTA, D. C.",4.695243,-74.055356,604769.54,519047.78,18N
2. Electrónica y Equipos de Telecomunicación,2.7 Equipos de instrumentación y control,SI,2024-07-11,10276,BASCULA,3.5,Centro de Acopio,Aprovechamiento,REP - 15 - 9316,Eco Industria SAS,Parque Industrial San Jorge,TIENDA D1 AUTONORTE 144,830143447-3,Ana Maria Suarez,test@portal80.com.co,CL 144 45 16,"BOGOTA, D. C.","BOGOTA, D. C.",4.726323,-74.05114,605232.5,522484.38,18N
2. Electrónica y Equipos de Telecomunicación,"2.10 Periféricos, partes y tarjetas para computadores e impresoras",SI,2024-11-12,10390,TONER DE IMPRESORA/APROVECHAMIENTO,80.0,Centro de Acopio,Aprovechamiento,REP - 15 - 9316,Eco Industria SAS,Parque Industrial San Jorge,TIENDA D1 AUTOPISTA 128,800149695-1,JENNY PRIETO,gestionambiental@cruzverde.com.co,AK 45 128C 61,"BOGOTA, D. C.","BOGOTA, D. C.",4.715311,-74.052902,605038.73,521266.71,18N
2. Electrónica y Equipos de Telecomunicación,2.6 Equipos de electrónica de potencia,SI,2024-09-22,11737,BALASTOS,346.65,Centro de Acopio,Aprovechamiento,REP - 30 - 9339,Eco Industria SAS,Parque Industrial San Jorge,TIENDA D1 AUTOPISTA 167,860007386,ANA LUCIA GOMEZ,enlacesambientales@gmail.com,KR 23 166 43,"BOGOTA, D. C.","BOGOTA, D. C.",4.74799,-74.046089,605789.44,524880.5,18N
2. Electrónica y Equipos de Telecomunicación,"2.10 Periféricos, partes y tarjetas para computadores e impresoras",SI,2024-10-10,10622,TONNER Y CARTUCHOS EN DESUSO,4.0,Gestionado por Reconecta,Aprovechamiento,REP - 30 - 9339,Eco Industria SAS,Parque Industrial San Jorge,TIENDA D1 AV CALI,800087297-6,LUZ STELLA CELIS,co.recepcionfacturase@la.spectrumbrands.com,KR 85 A 78 60,"BOGOTA, D. C.","BOGOTA, D. C.",4.702398,-74.100705,599738.49,519832.14,18N
1. Aparatos electrodomésticos,1.4 Enseres menores de calentamiento,SI,2024-12-03,9533,APARATOS ELECTRODOMESTICOS/HORNOS DE MICROONDAS,21.7,Centro de Acopio,Aprovechamiento,REP - 30 - 9339,Eco Industria SAS,Parque Industrial San Jorge,TIENDA D1 AV. CALI,860010451-1,DANIELA PEÑA,ambiental@casalimpia.com.co,KR 85 A 78 54,"BOGOTA, D. C.","BOGOTA, D. C.",4.702351,-74.100741,599734.51,519826.94,18N
1. Aparatos electrodomésticos,1.1 Cocinas y hornos,SI,2024-11-12,11330,HORNOS ELECTRICOS,656.27,Centro de Acopio,Aprovechamiento,REP-86-9030,Eco Industria SAS,Parque Industrial San Jorge,TIENDA D1 AV. CHILE,860010451-1,DANIELA PEÑA,ambiental@casalimpia.com.co,CL 72 A 20 12,"BOGOTA, D. C.","BOGOTA, D. C.",4.660343,-74.061955,604042.74,515188.52,18N
2. Electrónica y Equipos de Telecomunicación,2.5 Electrónica de consumo,SI,2024-01-08,11294,AMPLIFICADOR DE SONIDO,0.4,Gestionado por Reconecta,Aprovechamiento,REP - 15 - 9316,Eco Industria SAS,Parque Industrial San Jorge,TIENDA D1 AVENIDA CHILE,860518583-7,MARIA PAULA,ambiental@ccmetropolis.com.co,CL 72 A 20 12,"BOGOTA, D. C.","BOGOTA, D. C.",4.660343,-74.061955,604042.74,515188.52,18N
3. Maquinaria y Equipo Eléctrico,3.3 Equipos de control y proteción,SI,2024-06-27,9578,SWITCH,20.0,Gestionado por Reconecta,Aprovechamiento,REP - 15 - 9316,Eco Industria SAS,Parque Industrial San Jorge,TIENDA D1 AVENIDA ESPERANZA,860010451-1,DANIELA PEÑA,ambiental@casalimpia.com.co,AC 24 80 B 49,"BOGOTA, D. C.","BOGOTA, D. C.",4.667173,-74.12101,597491.22,515935.14,18N
2. Electrónica y Equipos de Telecomunicación,2.7 Equipos de instrumentación y control,SI,2024-07-17,11509,BASCULA,2.75,Gestionado por Reconecta,Aprovechamiento,REP - 14 - 9308,Eco Industria SAS,Parque Industrial San Jorge,TIENDA D1 AVENIDA QUITO,860007386,ANA LUCIA GOMEZ,enlacesambientales@gmail.com,KR 30 64 15,"BOGOTA, D. C.","BOGOTA, D. C.",4.658902,-74.078095,602252.64,515026.86,18N
3. Maquinaria y Equipo Eléctrico,3.4 Equipos de iluminación,SI,2024-03-09,10465,BOMBILLOS COMPACTOS - SIGNIFY,0.48,Gestionado por Reconecta,Aprovechamiento,REP - 15 - 9316,Eco Industria SAS,Parque Industrial San Jorge,TIENDA D1 AVENIDA ROJAS 2,830142201-4,LUZ DARY LEGUIZAMON,test@mts.com.co,KR 19 34 11,"BOGOTA, D. C.","BOGOTA, D. C.",4.623876,-74.073752,602739.44,511155.3,18N
2. Electrónica y Equipos de Telecomunicación,2.4 Computadores y equipos para tratamiento de datos,SI,2024-05-11,11237,IMPRESORAS Y SCANNER,28.7,Gestionado por Reconecta,Aprovechamiento,REP - 29 - 9315,Eco Industria SAS,Parque Industrial San Jorge,TIENDA D1 AV ESPERANZA ,860518583-7,MARIA PAULA,ambiental@ccmetropolis.com.co,AC 24 80B 23,"BOGOTA, D. C.","BOGOTA, D. C.",4.666981,-74.120839,597510.21,515913.94,18N
1. Aparatos electrodomésticos,1.8 Equipos de acondicionamiento de aire,SI,2024-09-18,11399,APARATOS DE AIRE ACONDICIONADO,420.0,Gestionado por Reconecta,Aprovechamiento,REP - 30 - 9339,Eco Industria SAS,Parque Industrial San Jorge,TIENDA D1 AV QUITO II,800087297-6,LUZ STELLA CELIS,co.recepcionfacturase@la.spectrumbrands.com,AK 30 64 15,"BOGOTA, D. C.","BOGOTA, D. C.",4.658902,-74.0781,602252.08,515026.86,18N
2. Electrónica y Equipos de Telecomunicación,2.7 Equipos de instrumentación y control,SI,2024-01-12,9177,BASCULA,3.5,Centro de Acopio,Aprovechamiento,REP-86-9030,Eco Industria SAS,Parque Industrial San Jorge,TIENDA D1 AV ROJAS II,900836968-7,LEONARDO BENAVIDES,test@signify.com,KR 70B 64B 24,"BOGOTA, D. C.","BOGOTA, D. C.",4.674812,-74.09888,599944.84,516782.74,18N
1. Aparatos electrodomésticos,1.4 Enseres menores de calentamiento,SI,2024-07-05,10707,Sanduchera / Tostadora,6.8,Gestionado por Reconecta,Aprovechamiento,REP - 14 - 9308,Eco Industria SAS,Parque Industrial San Jorge,TIENDA D1 BARRIOS UNIDOS,800149695-1,JENNY PRIETO,gestionambiental@cruzverde.com.co,KR 64 74 56,"BOGOTA, D. C.","BOGOTA, D. C.",4.676395,-74.0812,601905.69,516960.28,18N
1. Aparatos electrodomésticos,1.4 Enseres menores de calentamiento,SI,2024-12-19,10403,APARATOS ELECTRODOMESTICOS/HORNOS DE MICROONDAS,21.7,Gestionado por Reconecta,Aprovechamiento,REP - 14 - 9308,Eco Industria SAS,Parque Industrial San Jorge,TIENDA D1 BATAN,830142201-4,LUZ DARY LEGUIZAMON,test@mts.com.co,AK 45 123 75,"BOGOTA, D. C.","BOGOTA, D. C.",4.704506,-74.054706,604840.26,520071.92,18N
2. Electrónica y Equipos de Telecomunicación,2.4 Computadores y equipos para tratamiento de datos,SI,2024-06-06,11809,ORDENADORES PERSONALES O PORTATILES,28.0,Centro de Acopio,Aprovechamiento,REP-86-9030,Eco Industria SAS,Parque Industrial San Jorge,TIENDA D1 BC 86,860010451-1,DANIELA PEÑA,ambiental@casalimpia.com.co,CL 86 49 D 34,"BOGOTA, D. C.","BOGOTA, D. C.",4.676119,-74.066692,603514.98,516931.89,18N
1. Aparatos electrodomésticos,1.6 Enseres menores del hogar,SI,2024-12-10,9528,VENTILADORES ELECTRICOS,20.0,Gestionado por Reconecta,Aprovechamiento,REP - 14 - 9308,Eco Industria SAS,Parque Industrial San Jorge,TIENDA D1 BCH 52,800149695-1,JENNY PRIETO,gestionambiental@cruzverde.com.co,KR 17 52 50,"BOGOTA, D. C.","BOGOTA, D. C.",4.640409,-74.069278,603233.35,512983.71,18N
1. Aparatos electrodomésticos,1.6 Enseres menores del hogar,SI,2024-04-27,11392,OTROS APARATOS DE LIMPIEZA QUE NO SEAN ASPIRADORAS O LIMPIA MOQUETAS,0.5,Gestionado por Reconecta,Aprovechamiento,REP - 29 - 9315,Eco Industria SAS,Parque Industrial San Jorge,TIENDA D1 BELAIRE,830142201-4,LUZ DARY LEGUIZAMON,test@mts.com.co,CL 152 7 64,"BOGOTA, D. C.","BOGOTA, D. C.",4.726585,-74.025115,608119.02,522517.34,18N
2. Electrónica y Equipos de Telecomunicación,"2.10 Periféricos, partes y tarjetas para computadores e impresoras",SI,2024-02-01,10750,TONER DE IMPRESORA/APROVECHAMIENTO,10.0,Gestionado por Reconecta,Aprovechamiento,REP - 29 - 9315,Eco Industria SAS,Parque Industrial San Jorge,TIENDA D1 BELMIRA,860518583-7,MARIA PAULA,ambiental@ccmetropolis.com.co,KR 7 A 140 37,"BOGOTA, D. C.","BOGOTA, D. C.",4.716883,-74.029626,607620.18,521444.05,18N
1. Aparatos electrodomésticos,1.2 Enseres de audio y video,SI,2024-10-23,10046,"OTROS PRODUCTOS O APARATOS DE TRANSMISION DE SONIDO, IMAGENES U OTRA INFORMACION POR TELECOMUNICACION",56.0,Gestionado por Reconecta,Aprovechamiento,REP-86-9030,Eco Industria SAS,Parque Industrial San Jorge,TIENDA D1 BENJAMIN HERRERA,860010451-1,DANIELA PEÑA,ambiental@casalimpia.com.co,KR 28 63B 51,"BOGOTA, D. C.","BOGOTA, D. C.",4.654033,-74.07583,602504.58,514488.91,18N
1. Aparatos electrodomésticos,1.6 Enseres menores del hogar,SI,2024-08-19,10262,VENTILADORES ELECTRICOS,20.0,Gestionado por Reconecta,Aprovechamiento,REP - 29 - 9315,Eco Industria SAS,Parque Industrial San Jorge,TIENDA D1 BONANZA,900836968-7,LEONARDO BENAVIDES,test@signify.com,KR 69 Q 74 B 25,"BOGOTA, D. C.","BOGOTA, D. C.",4.686679,-74.088697,601072.64,518096.11,18N
3. Maquinaria y Equipo Eléctrico,3.11 Pilas y acumuladores,SI,2024-09-30,11651,PILAS,1.5,Centro de Acopio,Aprovechamiento,REP-86-9030,Eco Industria SAS,Parque Industrial San Jorge,TIENDA D1 BOSA BRASIL,800149695-1,JENNY PRIETO,gestionambiental@cruzverde.com.co,KR 88 C 54 C SUR 87,"BOGOTA, D. C.","BOGOTA, D. C.",4.628883,-74.184594,590443.33,511693.75,18N
1. Aparatos electrodomésticos,1.2 Enseres de audio y video,SI,2024-06-22,9535,"OTROS PRODUCTOS O APARATOS UTILIZADOS PARA REGISTRAR O REPRODUCIR SONIDO O IMAGENES, INCLUIDAS LAS SEÑALES Y TECNOLOGIAS DE DISTRIBUCION DEL SONIDO E IMAGEN DE LA COMUNICACION",620.89,Gestionado por Reconecta,Aprovechamiento,REP - 30 - 9339,Eco Industria SAS,Parque Industrial San Jorge,TIENDA D1 BOSA CENTRO,830143447-3,Ana Maria Suarez,test@portal80.com.co,KR 80 A 65 SUR 36,"BOGOTA, D. C.","BOGOTA, D. C.",4.607513,-74.184992,590401.89,509331.29,18N
1. Aparatos electrodomésticos,1.2 Enseres de audio y video,SI,2024-04-27,9260,APARATOS DE GRABACION DE VIDEO,3.0,Gestionado por Reconecta,Aprovechamiento,REP - 15 - 9316,Eco Industria SAS,Parque Industrial San Jorge,TIENDA D1 BOSA LA ESPERANZA,860010451-1,DANIELA PEÑA,ambiental@casalimpia.com.co,CL 80 SUR 79 A 6,"BOGOTA, D. C.","BOGOTA, D. C.",4.611303,-74.206041,588066.49,509747.63,18N
3. Maquinaria y Equipo Eléctrico,3.2 Equipo industrial,SI,2024-06-20,11037,"HERRAMIENTAS PARA MOLDEAR, TORNEAR, PULIR, PUNZAR, PLEGAR, CORTAR Y SOLDAR",32.0,Gestionado por Reconecta,Aprovechamiento,REP - 29 - 9315,Eco Industria SAS,Parque Industrial San Jorge,TIENDA D1 BOSA LA ESTACIÓN,860518583-7,MARIA PAULA,ambiental@ccmetropolis.com.co,KR 77 M 65 A SUR 45,"BOGOTA, D. C.","BOGOTA, D. C.",4.599924,-74.182895,590635.47,508492.6,18N
2. Electrónica y Equipos de Telecomunicación,2.8 Equipos de telecomunicaciones,SI,2024-04-01,9670,"TELÉFONOS; PÚBLICOS, INALÁMBRICOS Y MÓVILES",1.14,Centro de Acopio,Aprovechamiento,REP - 15 - 9316,Eco Industria SAS,Parque Industrial San Jorge,TIENDA D1 Bosa Villa Sonia,830143447-3,Ana Maria Suarez,test@portal80.com.co,KR 84 A 56 SUR 80,"BOGOTA, D. C.","BOGOTA, D. C.",4.618878,-74.181917,590741.55,510588.06,18N
1. Aparatos electrodomésticos,1.7 Enseres menores personales,SI,2024-01-01,10924,"APARATOS PARA CORTAR EL PELO, PARA SECAR EL PELO, PARA CEPILLARSE LOS DIENTES, MAQUINAS PARA AFEITAR, APARATOS DE MASAJE Y OTROS CUIDADOS CORPORALES",260.0,Centro de Acopio,Aprovechamiento,REP - 15 - 9316,Eco Industria SAS,Parque Industrial San Jorge,TIENDA D1 BOSQUES DE MARIANA,830143447-3,Ana Maria Suarez,test@portal80.com.co,KR 110 71A 21,"BOGOTA, D. C.","BOGOTA, D. C.",4.709316,-74.125842,596949.44,520593.39,18N
1. Aparatos electrodomésticos,1.2 Enseres de audio y video,SI,2024-06-22,10736,"OTROS PRODUCTOS O APARATOS UTILIZADOS PARA REGISTRAR O REPRODUCIR SONIDO O IMAGENES, INCLUIDAS LAS SEÑALES Y TECNOLOGIAS DE DISTRIBUCION DEL SONIDO E IMAGEN DE LA COMUNICACION",1.9,Centro de Acopio,Aprovechamiento,REP - 30 - 9339,Eco Industria SAS,Parque Industrial San Jorge,TIENDA D1  BOSQUES DE SUBA,800149695-1,JENNY PRIETO,gestionambiental@cruzverde.com.co,KR 98 136 64,"BOGOTA, D. C.","BOGOTA, D. C.",4.737374,-74.0915,600754.43,523700.11,18N
2. Electrónica y Equipos de Telecomunicación,2.8 Equipos de telecomunicaciones,SI,2024-10-05,10453,TERMINALES DE TELEX,16.0,Gestionado por Reconecta,Aprovechamiento,REP - 15 - 9316,Eco Industria SAS,Parque Industrial San Jorge,TIENDA D1 BOYACA,860007386,ANA LUCIA GOMEZ,enlacesambientales@gmail.com,AK 72 71A 69,"BOGOTA, D. C.","BOGOTA, D. C.",4.687262,-74.0954,600329.07,518159.6,18N
2. Electrónica y Equipos de Telecomunicación,2.8 Equipos de telecomunicaciones,SI,2024-04-15,11836,"TELÉFONOS; PÚBLICOS, INALÁMBRICOS Y MÓVILES",3.0,Centro de Acopio,Aprovechamiento,REP-86-9030,Eco Industria SAS,Parque Industrial San Jorge,TIENDA D1 BRITALIA,830142201-4,LUZ DARY LEGUIZAMON,test@mts.com.co,CL 165 56 34,"BOGOTA, D. C.","BOGOTA, D. C.",4.748281,-74.058273,604438.06,524910.82,18N
2. Electrónica y Equipos de Telecomunicación,2.7 Equipos de instrumentación y control,SI,2024-03-24,10113,BASCULA,2.1,Gestionado por Reconecta,Aprovechamiento,REP - 15 - 9316,Eco Industria SAS,Parque Industrial San Jorge,TIENDA D1 BUENOS AIRES,830143447-3,Ana Maria Suarez,test@portal80.com.co,DG 6 SUR 1 51,"BOGOTA, D. C.","BOGOTA, D. C.",4.579393,-74.079705,602085.42,506236.79,18N
2. Electrónica y Equipos de Telecomunicación,2.7 Equipos de instrumentación y control,SI,2024-10-07,11946,OTROS INSTRUMENTOS DE VIGILANCIA Y CONTROL UTILIZADOS EN INSTALACIONES INDUSTRIALES,13.25,Gestionado por Reconecta,Aprovechamiento,REP - 15 - 9316,Eco Industria SAS,Parque Industrial San Jorge,TIENDA D1 CALLE 100 CON 15,860518583-7,MARIA PAULA,ambiental@ccmetropolis.com.co,"CL 99 14 49 LOCALES 4, 5 Y 7","BOGOTA, D. C.","BOGOTA, D. C.",4.683724,-74.047913,605596.84,517775.44,18N
1. Aparatos electrodomésticos,1.1 Cocinas y hornos,SI,2024-03-29,9191,HORNOS ELECTRICOS,35.0,Gestionado por Reconecta,Aprovechamiento,REP - 14 - 9308,Eco Industria SAS,Parque Industrial San Jorge,TIENDA D1 CALLE 100 ESTORIL,800149695-1,JENNY PRIETO,gestionambiental@cruzverde.com.co,AC 100 50 64,"BOGOTA, D. C.","BOGOTA, D. C.",4.688513,-74.06233,603996.99,518302.72,18N
2. Electrónica y Equipos de Telecomunicación,2.8 Equipos de telecomunicaciones,SI,2024-02-09,9020,"TELÉFONOS; PÚBLICOS, INALÁMBRICOS Y MÓVILES",4.0,Gestionado por Reconecta,Aprovechamiento,REP - 15 - 9316,Eco Industria SAS,Parque Industrial San Jorge,TIENDA D1 CALLE 24 SUR,800149695-1,JENNY PRIETO,gestionambiental@cruzverde.com.co,CL 24 SUR 7 32,"BOGOTA, D. C.","BOGOTA, D. C.",4.571591,-74.094128,600486.48,505372.24,18N
1. Aparatos electrodomésticos,1.5 Enseres menores de cocina,SI,2024-08-27,9739,TOSTADORA,2.9,Gestionado por Reconecta,Aprovechamiento,REP - 14 - 9308,Eco Industria SAS,Parque Industrial San Jorge,TIENDA D1 CALLE 53,860518583-7,MARIA PAULA,ambiental@ccmetropolis.com.co,CL 53 10 46,"BOGOTA, D. C.","BOGOTA, D. C.",4.639835,-74.064301,603785.51,512920.98,18N
1. Aparatos electrodomésticos,1.2 Enseres de audio y video,SI,2024-02-04,11391,"OTROS PRODUCTOS O APARATOS DE TRANSMISION DE SONIDO, IMAGENES U OTRA INFORMACION POR TELECOMUNICACION",60.36,Centro de Acopio,Aprovechamiento,REP - 30 - 9339,Eco Industria SAS,Parque Industrial San Jorge,TIENDA D1 CALVO SUR,860010451-1,DANIELA PEÑA,ambiental@casalimpia.com.co,KR 8 C 0 SUR 94,"BOGOTA, D. C.","BOGOTA, D. C.",4.587328,-74.084677,601532.72,507113.31,18N
2. Electrónica y Equipos de Telecomunicación,"2.10 Periféricos, partes y tarjetas para computadores e impresoras",SI,2024-12-18,9146,CD,19.0,Centro de Acopio,Aprovechamiento,REP - 29 - 9315,Eco Industria SAS,Parque Industrial San Jorge,TIENDA D1 CAMBIL 108,800149695-1,JENNY PRIETO,gestionambiental@cruzverde.com.co,CL 108 15 12,"BOGOTA, D. C.","BOGOTA, D. C.",4.692126,-74.04545,605868.78,518704.67,18N
1. Aparatos electrodomésticos,1.4 Enseres menores de calentamiento,SI,2024-01-30,9095,APARATOS ELECTRODOMESTICOS,728.54,Centro de Acopio,Aprovechamiento,REP - 30 - 9339,Eco Industria SAS,Parque Industrial San Jorge,TIENDA D1 CAMPANELLA,800149695-1,JENNY PRIETO,gestionambiental@cruzverde.com.co,KR 99 154 57,"BOGOTA, D. C.","BOGOTA, D. C.",4.753959,-74.08668,601286.61,525534.31,18N
2. Electrónica y Equipos de Telecomunicación,2.8 Equipos de telecomunicaciones,SI,2024-07-17,10261,"TELÉFONOS; PÚBLICOS, INALÁMBRICOS Y MÓVILES",0.8,Centro de Acopio,Aprovechamiento,REP-86-9030,Eco Industria SAS,Parque Industrial San Jorge,TIENDA D1 CAMPIN,830142201-4,LUZ DARY LEGUIZAMON,test@mts.com.co,CL 57 24 33,"BOGOTA, D. C.","BOGOTA, D. C.",4.645141,-74.072864,602834.88,513506.31,18N
2. Electrónica y Equipos de Telecomunicación,2.6 Equipos de electrónica de potencia,SI,2024-08-16,11617,BALASTOS,475.0,Centro de Acopio,Aprovechamiento,REP - 30 - 9339,Eco Industria SAS,Parque Industrial San Jorge,TIENDA D1 CAMPIÑA ALTA,830143447-3,Ana Maria Suarez,test@portal80.com.co,KR 92 148 28,"BOGOTA, D. C.","BOGOTA, D. C.",4.744218,-74.08437,601544.23,524457.76,18N
1. Aparatos electrodomésticos,1.2 Enseres de audio y video,SI,2024-01-13,10733,TELEVISORES,20.32,Gestionado por Reconecta,Aprovechamiento,REP - 14 - 9308,Eco Industria SAS,Parque Industrial San Jorge,TIENDA D1 CANDELARIA LA NUEVA,860007386,ANA LUCIA GOMEZ,enlacesambientales@gmail.com,AC 68 SUR 46 A 10,"BOGOTA, D. C.","BOGOTA, D. C.",4.575818,-74.154538,593784.27,505831.36,18N
2. Electrónica y Equipos de Telecomunicación,2.4 Computadores y equipos para tratamiento de datos,SI,2024-06-27,9776,TABLETAS,1.2,Gestionado por Reconecta,Aprovechamiento,REP - 14 - 9308,Eco Industria SAS,Parque Industrial San Jorge,TIENDA D1 CANTÓN NORTE,830143447-3,Ana Maria Suarez,test@portal80.com.co,CL 106 7 25,"BOGOTA, D. C.","BOGOTA, D. C.",4.685419,-74.036334,606880.94,517964.58,18N
2. Electrónica y Equipos de Telecomunicación,"2.10 Periféricos, partes y tarjetas para computadores e impresoras",SI,2024-08-07,11070,TONER DE IMPRESORA SUELTOS,1.0,Gestionado por Reconecta,Aprovechamiento,REP - 30 - 9339,Eco Industria SAS,Parque Industrial San Jorge,TIENDA D1 CAPUCHINA,900836968-7,LEONARDO BENAVIDES,test@signify.com,CL 17 12 68,"BOGOTA, D. C.","BOGOTA, D. C.",4.606153,-74.07611,602480.41,509195.66,18N
2. Electrónica y Equipos de Telecomunicación,"2.10 Periféricos, partes y tarjetas para computadores e impresoras",SI,2024-11-12,9975,REPUESTOS O PARTES DE PC/PORTATILES,5.0,Centro de Acopio,Aprovechamiento,REP - 15 - 9316,Eco Industria SAS,Parque Industrial San Jorge,TIENDA D1 CARVAJAL,830143447-3,Ana Maria Suarez,test@portal80.com.co,KR 69 31 SUR 24,"BOGOTA, D. C.","BOGOTA, D. C.",4.612287,-74.134829,595965.81,509865.6,18N
2. Electrónica y Equipos de Telecomunicación,2.7 Equipos de instrumentación y control,SI,2024-01-22,9251,BASCULA,5.6,Gestionado por Reconecta,Aprovechamiento,REP - 15 - 9316,Eco Industria SAS,Parque Industrial San Jorge,TIENDA D1 CARVAJAL OIKOS,900836968-7,LEONARDO BENAVIDES,test@signify.com,CL 36 SUR 72 M 51,"BOGOTA, D. C.","BOGOTA, D. C.",4.617075,-74.143985,594949.5,510393.69,18N
3. Maquinaria y Equipo Eléctrico,3.4 Equipos de iluminación,SI,2024-02-27,11059,BOMBILLOS COMPACTOS - SIGNIFY,0.2,Centro de Acopio,Aprovechamiento,REP - 15 - 9316,Eco Industria SAS,Parque Industrial San Jorge,TIENDA D1 CASA BLANCA,860518583-7,MARIA PAULA,ambiental@ccmetropolis.com.co,CL 146 80 69,"BOGOTA, D. C.","BOGOTA, D. C.",4.737685,-74.07667,602399.2,523736.66,18N
2. Electrónica y Equipos de Telecomunicación,"2.10 Periféricos, partes y tarjetas para computadores e impresoras",SI,2024-02-03,10557,ups,25.8,Gestionado por Reconecta,Aprovechamiento,REP-86-9030,Eco Industria SAS,Parque Industrial San Jorge,TIENDA D1 CASAMATA,800149695-1,JENNY PRIETO,gestionambiental@cruzverde.com.co,KR 9 a 192 60 Local 6,"BOGOTA, D. C.","BOGOTA, D. C.",4.769556,-74.030915,607469.06,527267.03,18N
3. Maquinaria y Equipo Eléctrico,3.4 Equipos de iluminación,SI,2024-08-04,10903,APARATOS DE ALUMBRADO,158.73,Gestionado por Reconecta,Aprovechamiento,REP - 29 - 9315,Eco Industria SAS,Parque Industrial San Jorge,TIENDA D1 CASTELLANA,800087297-6,LUZ STELLA CELIS,co.recepcionfacturase@la.spectrumbrands.com,AK 50 94C 18,"BOGOTA, D. C.","BOGOTA, D. C.",4.683597,-74.062504,603978.42,517759.22,18N
2. Electrónica y Equipos de Telecomunicación,2.7 Equipos de instrumentación y control,SI,2024-10-09,10969,OTROS INSTRUMENTOS DE VIGILANCIA Y CONTROL UTILIZADOS EN INSTALACIONES INDUSTRIALES,5.0,Gestionado por Reconecta,Aprovechamiento,REP - 29 - 9315,Eco Industria SAS,Parque Industrial San Jorge,TIENDA D1 CASTILLA,860518583-7,MARIA PAULA,ambiental@ccmetropolis.com.co,AK 72 7F 35,"BOGOTA, D. C.","BOGOTA, D. C.",4.63645,-74.137233,595695.89,512536.49,18N
1. Aparatos electrodomésticos,1.2 Enseres de audio y video,SI,2024-12-25,10104,VIDEOCAMARAS,3.0,Gestionado por Reconecta,Aprovechamiento,REP - 29 - 9315,Eco Industria SAS,Parque Industrial San Jorge,TIENDA D1 CEDRITOS 140,830143447-3,Ana Maria Suarez,test@portal80.com.co,CL 140 12 B 90,"BOGOTA, D. C.","BOGOTA, D. C.",4.720705,-74.03959,606514.42,521865.06,18N
1. Aparatos electrodomésticos,1.6 Enseres menores del hogar,SI,2024-06-26,9935,VENTILADORES ELECTRICOS,20.0,Gestionado por Reconecta,Aprovechamiento,REP - 15 - 9316,Eco Industria SAS,Parque Industrial San Jorge,TIENDA D1 CEDRO GOLF,800149695-1,JENNY PRIETO,gestionambiental@cruzverde.com.co,CL 147 9 53,"BOGOTA, D. C.","BOGOTA, D. C.",4.725555,-74.032865,607259.59,522402.27,18N
2. Electrónica y Equipos de Telecomunicación,"2.10 Periféricos, partes y tarjetas para computadores e impresoras",SI,2024-05-12,9337,TONNER EN DESUSO,7.0,Gestionado por Reconecta,Aprovechamiento,REP - 15 - 9316,Eco Industria SAS,Parque Industrial San Jorge,TIENDA D1 CENTRO LAS NIEVES,860010451-1,DANIELA PEÑA,ambiental@casalimpia.com.co,KR 8 21 39,"BOGOTA, D. C.","BOGOTA, D. C.",4.607759,-74.071208,603023.97,509373.91,18N
1. Aparatos electrodomésticos,1.4 Enseres menores de calentamiento,SI,2024-09-12,10389,APARATOS ELECTRODOMESTICOS,10.0,Gestionado por Reconecta,Aprovechamiento,REP - 15 - 9316,Eco Industria SAS,Parque Industrial San Jorge,TIENDA D1 CEREZOS,800087297-6,LUZ STELLA CELIS,co.recepcionfacturase@la.spectrumbrands.com,CL 80C 90 26,"BOGOTA, D. C.","BOGOTA, D. C.",4.705071,-74.10408,599363.77,520127.17,18N
1. Aparatos electrodomésticos,1.2 Enseres de audio y video,SI,2024-07-02,11731,"OTROS PRODUCTOS O APARATOS UTILIZADOS PARA REGISTRAR O REPRODUCIR SONIDO O IMAGENES, INCLUIDAS LAS SEÑALES Y TECNOLOGIAS DE DISTRIBUCION DEL SONIDO E IMAGEN DE LA COMUNICACION",1.9,Gestionado por Reconecta,Aprovechamiento,REP - 15 - 9316,Eco Industria SAS,Parque Industrial San Jorge,TIENDA D1 CHAPINERO,800149695-1,JENNY PRIETO,gestionambiental@cruzverde.com.co,CL 57 14 69,"BOGOTA, D. C.","BOGOTA, D. C.",4.644107,-74.066443,603547.29,513392.94,18N
1. Aparatos electrodomésticos,1.5 Enseres menores de cocina,SI,2024-05-14,11927,OTROS GRANDES APARATOS UTILIZADOS PARA COCINAR Y EN OTROS PROCESOS DE TRANSFORMACION DE LOS ALIMENTOS,90.0,Gestionado por Reconecta,Aprovechamiento,REP - 14 - 9308,Eco Industria SAS,Parque Industrial San Jorge,TIENDA D1 CHAPINERO ALTO,860010451-1,DANIELA PEÑA,ambiental@casalimpia.com.co,KR 4 67 87,"BOGOTA, D. C.","BOGOTA, D. C.",4.649711,-74.055135,604800.82,514014.14,18N
2. Electrónica y Equipos de Telecomunicación,2.7 Equipos de instrumentación y control,SI,2024-12-06,10134,BASCULA,5.37,Gestionado por Reconecta,Aprovechamiento,REP-86-9030,Eco Industria SAS,Parque Industrial San Jorge,TIENDA D1 CHICALA,800087297-6,LUZ STELLA CELIS,co.recepcionfacturase@la.spectrumbrands.com,KR 82 B 53 B SUR 32,"BOGOTA, D. C.","BOGOTA, D. C.",4.62167,-74.177929,591183.57,510897.22,18N
1. Aparatos electrodomésticos,1.6 Enseres menores del hogar,SI,2024-06-13,9260,ASPIRADORAS,456.77,Gestionado por Reconecta,Aprovechamiento,REP-86-9030,Eco Industria SAS,Parque Industrial San Jorge,TIENDA D1 CHICO 93,900836968-7,LEONARDO BENAVIDES,test@signify.com,AK 11 93A 65,"BOGOTA, D. C.","BOGOTA, D. C.",4.676277,-74.046816,605719.64,516952.32,18N
2. Electrónica y Equipos de Telecomunicación,2.4 Computadores y equipos para tratamiento de datos,SI,2024-04-20,9449,DM - IMPRESORAS Y SCANNER,30.3,Centro de Acopio,Aprovechamiento,REP - 15 - 9316,Eco Industria SAS,Parque Industrial San Jorge,TIENDA D1 CHICO NAVARRA,800087297-6,LUZ STELLA CELIS,co.recepcionfacturase@la.spectrumbrands.com,CL 109 18 B 31,"BOGOTA, D. C.","BOGOTA, D. C.",4.694677,-74.049637,605403.97,518986.06,18N
3. Maquinaria y Equipo Eléctrico,3.11 Pilas y acumuladores,SI,2024-03-25,9875,BATERIAS DE LITIO,1858.0,Gestionado por Reconecta,Aprovechamiento,REP - 14 - 9308,Eco Industria SAS,Parque Industrial San Jorge,TIENDA D1 CIUDAD BERNA,860007386,ANA LUCIA GOMEZ,enlacesambientales@gmail.com,KR 14 6 46 SUR,"BOGOTA, D. C.","BOGOTA, D. C.",4.587525,-74.092685,600644.33,507133.96,18N
1. Aparatos electrodomésticos,1.4 Enseres menores de calentamiento,SI,2024-06-05,11409,FREIDORAS,243.79,Centro de Acopio,Aprovechamiento,REP - 15 - 9316,Eco Industria SAS,Parque Industrial San Jorge,TIENDA D1 CIUDAD JARDÍN NORTE,830142201-4,LUZ DARY LEGUIZAMON,test@mts.com.co,AK 72 131 98,"BOGOTA, D. C.","BOGOTA, D. C.",4.72411,-74.07245,602869.26,522236.54,18N
3. Maquinaria y Equipo Eléctrico,3.11 Pilas y acumuladores,SI,2024-12-14,9680,BATERIAS DE LITIO,1858.0,Gestionado por Reconecta,Aprovechamiento,REP - 30 - 9339,Eco Industria SAS,Parque Industrial San Jorge,TIENDA D1 CIUDAD JARDÍN SUR,860010451-1,DANIELA PEÑA,ambiental@casalimpia.com.co,KR 10 13 SUR 64,"BOGOTA, D. C.","BOGOTA, D. C.",4.581099,-74.090903,600842.92,506423.81,18N
3. Maquinaria y Equipo Eléctrico,3.4 Equipos de iluminación,SI,2024-08-29,9019,BOMBILLOS COMPACTOS - SIGNIFY,0.86,Gestionado por Reconecta,Aprovechamiento,REP - 15 - 9316,Eco Industria SAS,Parque Industrial San Jorge,TIENDA D1 CIUDAD MONTES,900836968-7,LEONARDO BENAVIDES,test@signify.com,DG 16 SUR 50 23,"BOGOTA, D. C.","BOGOTA, D. C.",4.606475,-74.119529,597663.83,509225.17,18N
1. Aparatos electrodomésticos,1.2 Enseres de audio y video,SI,2024-11-07,11913,VIDEOCAMARAS,66.2,Gestionado por Reconecta,Aprovechamiento,REP - 30 - 9339,Eco Industria SAS,Parque Industrial San Jorge,TIENDA D1 Claret,800149695-1,JENNY PRIETO,gestionambiental@cruzverde.com.co,TV 26 A BIS 45 A SUR 50,"BOGOTA, D. C.","BOGOTA, D. C.",4.582846,-74.12778,596751.73,506611.86,18N
1. Aparatos electrodomésticos,1.4 Enseres menores de calentamiento,SI,2024-09-22,9076,APARATOS ELECTRODOMESTICOS/HORNOS ELECTRICOS,45.0,Centro de Acopio,Aprovechamiento,REP - 30 - 9339,Eco Industria SAS,Parque Industrial San Jorge,TIENDA D1 CODABAS,860010451-1,DANIELA PEÑA,ambiental@casalimpia.com.co,KR 7 180 75,"BOGOTA, D. C.","BOGOTA, D. C.",4.756844,-74.025181,608106.99,525862.57,18N
2. Electrónica y Equipos de Telecomunicación,2.8 Equipos de telecomunicaciones,SI,2024-06-04,11102,"TELÉFONOS; PÚBLICOS, INALÁMBRICOS Y MÓVILES",2.13,Centro de Acopio,Aprovechamiento,REP - 30 - 9339,Eco Industria SAS,Parque Industrial San Jorge,TIENDA D1 CODAZZI,800149695-1,JENNY PRIETO,gestionambiental@cruzverde.com.co,KR 30 49 A 64,"BOGOTA, D. C.","BOGOTA, D. C.",4.639994,-74.078848,602171.83,512936.44,18N
2. Electrónica y Equipos de Telecomunicación,2.8 Equipos de telecomunicaciones,SI,2024-07-18,9134,ROUTER,4.0,Gestionado por Reconecta,Aprovechamiento,REP - 15 - 9316,Eco Industria SAS,Parque Industrial San Jorge,TIENDA D1 DINDALITO,830142201-4,LUZ DARY LEGUIZAMON,test@mts.com.co,CL 42 A SUR 94 B 3,"BOGOTA, D. C.","BOGOTA, D. C.",4.643689,-74.175401,591461.17,513331.72,18N
2. Electrónica y Equipos de Telecomunicación,2.3 Componentes electrónicos,SI,2024-04-20,11654,PANELES FOTOVOLTAICOS,167.47,Gestionado por Reconecta,Aprovechamiento,REP - 29 - 9315,Eco Industria SAS,Parque Industrial San Jorge,TIENDA D1 DIVERPLAZA,860010451-1,DANIELA PEÑA,ambiental@casalimpia.com.co,KR 99 A 71 A 37,"BOGOTA, D. C.","BOGOTA, D. C.",4.701683,-74.117118,597918.12,519750.78,18N
3. Maquinaria y Equipo Eléctrico,3.4 Equipos de iluminación,SI,2024-04-07,10098,APARATOS DE ALUMBRADO,1671.0,Gestionado por Reconecta,Aprovechamiento,REP - 15 - 9316,Eco Industria SAS,Parque Industrial San Jorge,TIENDA D1 EL CARMEN,800087297-6,LUZ STELLA CELIS,co.recepcionfacturase@la.spectrumbrands.com,KR 100 16I 21,"BOGOTA, D. C.","BOGOTA, D. C.",4.672338,-74.146829,594626.66,516502.61,18N
1. Aparatos electrodomésticos,1.6 Enseres menores del hogar,SI,2024-07-18,10576,"HERRAMIENTAS PARA ROCIAR, ESPARCIR, PROPAGAR O APLICAR OTROS TRATAMIENTOS CON SUSTANCIAS LÍQUIDAS O GASEOSAS POR OTROS MEDIOS",988.0,Centro de Acopio,Aprovechamiento,REP - 30 - 9339,Eco Industria SAS,Parque Industrial San Jorge,TIENDA D1 EL PROGRESO,860010451-1,DANIELA PEÑA,ambiental@casalimpia.com.co,CL 3 19 A 36,"BOGOTA, D. C.","BOGOTA, D. C.",4.597701,-74.091974,600721.78,508259.02,18N
2. Electrónica y Equipos de Telecomunicación,2.4 Computadores y equipos para tratamiento de datos,SI,2024-07-16,10977,COMPUTADORES TODO EN UNO,20.0,Gestionado por Reconecta,Aprovechamiento,REP - 30 - 9339,Eco Industria SAS,Parque Industrial San Jorge,TIENDA D1 EL REAL,860010451-1,DANIELA PEÑA,ambiental@casalimpia.com.co,KR 77 A 65 A 4,"BOGOTA, D. C.","BOGOTA, D. C.",4.683994,-74.105231,599239.08,517796.92,18N
2. Electrónica y Equipos de Telecomunicación,2.8 Equipos de telecomunicaciones,SI,2024-01-11,10745,TERMINALES DE TELEX,16.0,Gestionado por Reconecta,Aprovechamiento,REP - 29 - 9315,Eco Industria SAS,Parque Industrial San Jorge,TIENDA D1 EL RECUERDO ,800149695-1,JENNY PRIETO,gestionambiental@cruzverde.com.co,KR 34 25 91,"BOGOTA, D. C.","BOGOTA, D. C.",4.629049,-74.08669,601303.5,511725.33,18N
2. Electrónica y Equipos de Telecomunicación,2.7 Equipos de instrumentación y control,SI,2024-03-17,10547,BASCULA,5.43,Gestionado por Reconecta,Aprovechamiento,REP-86-9030,Eco Industria SAS,Parque Industrial San Jorge,TIENDA D1 EL REFUGIO,830143447-3,Ana Maria Suarez,test@portal80.com.co,CL 71 BIS 86A 16,"BOGOTA, D. C.","BOGOTA, D. C.",4.694541,-74.10707,599033.62,518962.64,18N
1. Aparatos electrodomésticos,1.6 Enseres menores del hogar,SI,2024-07-10,9327,OTROS APARATOS DE LIMPIEZA QUE NO SEAN ASPIRADORAS O LIMPIA MOQUETAS,30.4,Gestionado por Reconecta,Aprovechamiento,REP-86-9030,Eco Industria SAS,Parque Industrial San Jorge,TIENDA D1 EL RUBY,800087297-6,LUZ STELLA CELIS,co.recepcionfacturase@la.spectrumbrands.com,KR 96 G 23 A 8,"BOGOTA, D. C.","BOGOTA, D. C.",4.675584,-74.134834,595956.7,516863.08,18N
2. Electrónica y Equipos de Telecomunicación,2.3 Componentes electrónicos,SI,2024-08-26,10524,PANELES FOTOVOLTAICOS,3.0,Gestionado por Reconecta,Aprovechamiento,REP - 14 - 9308,Eco Industria SAS,Parque Industrial San Jorge,TIENDA D1 ENGATIVA EL DORADO,800149695-1,JENNY PRIETO,gestionambiental@cruzverde.com.co,CL 64D 113 60,"BOGOTA, D. C.","BOGOTA, D. C.",4.708398,-74.13715,595695.34,520490.35,18N
3. Maquinaria y Equipo Eléctrico,3.2 Equipo industrial,SI,2024-08-11,10389,"HERRAMIENTAS PARA MOLDEAR, TORNEAR, PULIR, PUNZAR, PLEGAR, CORTAR Y SOLDAR",32.0,Centro de Acopio,Aprovechamiento,REP - 29 - 9315,Eco Industria SAS,Parque Industrial San Jorge,TIENDA D1 ENGATIVA MIRADOR,860518583-7,MARIA PAULA,ambiental@ccmetropolis.com.co,CL 64 120 45,"BOGOTA, D. C.","BOGOTA, D. C.",4.713651,-74.14157,595204.39,521070.46,18N
1. Aparatos electrodomésticos,1.2 Enseres de audio y video,SI,2024-10-06,11781,"OTROS PRODUCTOS O APARATOS DE TRANSMISION DE SONIDO, IMAGENES U OTRA INFORMACION POR TELECOMUNICACION",12.78,Centro de Acopio,Aprovechamiento,REP-86-9030,Eco Industria SAS,Parque Industrial San Jorge,TIENDA D1 ENGATIVA MUELLE,800149695-1,JENNY PRIETO,gestionambiental@cruzverde.com.co,CL 64 F 105 35,"BOGOTA, D. C.","BOGOTA, D. C.",4.697756,-74.125319,597009.05,519315.5,18N
1. Aparatos electrodomésticos,1.1 Cocinas y hornos,SI,2024-09-23,9352,HORNOS DE MICROONDAS,28.0,Centro de Acopio,Aprovechamiento,REP - 29 - 9315,Eco Industria SAS,Parque Industrial San Jorge,TIENDA D1 ESTACION SABANA,800087297-6,LUZ STELLA CELIS,co.recepcionfacturase@la.spectrumbrands.com,AC 13 16 40,"BOGOTA, D. C.","BOGOTA, D. C.",4.605502,-74.08167,601863.72,509122.89,18N
2. Electrónica y Equipos de Telecomunicación,2.4 Computadores y equipos para tratamiento de datos,SI,2024-09-16,11923,COMPUTADORES TODO EN UNO,20.0,Centro de Acopio,Aprovechamiento,REP - 14 - 9308,Eco Industria SAS,Parque Industrial San Jorge,TIENDA D1 ESTRELLA,900836968-7,LEONARDO BENAVIDES,test@signify.com,KR 24 26 24,"BOGOTA, D. C.","BOGOTA, D. C.",4.622142,-74.077142,602363.64,510963.12,18N
3. Maquinaria y Equipo Eléctrico,3.11 Pilas y acumuladores,SI,2024-07-02,9591,BATERIAS DE LITIO,40.0,Centro de Acopio,Aprovechamiento,REP - 30 - 9339,Eco Industria SAS,Parque Industrial San Jorge,TIENDA D1 FERIAS,800149695-1,JENNY PRIETO,gestionambiental@cruzverde.com.co,CL 73 69 54,"BOGOTA, D. C.","BOGOTA, D. C.",4.682221,-74.088447,601101.01,517603.31,18N
2. Electrónica y Equipos de Telecomunicación,2.5 Electrónica de consumo,SI,2024-06-26,9754,AMPLIFICADOR DE SONIDO,2.8,Gestionado por Reconecta,Aprovechamiento,REP - 30 - 9339,Eco Industria SAS,Parque Industrial San Jorge,TIENDA D1 FLORES,830143447-3,Ana Maria Suarez,test@portal80.com.co,CL 67 14A 10,"BOGOTA, D. C.","BOGOTA, D. C.",4.654577,-74.06409,603806.76,514550.76,18N
2. Electrónica y Equipos de Telecomunicación,2.4 Computadores y equipos para tratamiento de datos,SI,2024-08-16,9742,DM - IMPRESORAS Y SCANNER,30.3,Centro de Acopio,Aprovechamiento,REP - 30 - 9339,Eco Industria SAS,Parque Industrial San Jorge,TIENDA D1 FLORESTA,830143447-3,Ana Maria Suarez,test@portal80.com.co,KR 69 98 44,"BOGOTA, D. C.","BOGOTA, D. C.",4.690694,-74.075849,602497.15,518541.84,18N
1. Aparatos electrodomésticos,1.6 Enseres menores del hogar,SI,2024-06-07,9392,VENTILADORES ELECTRICOS,1.2,Gestionado por Reconecta,Aprovechamiento,REP - 14 - 9308,Eco Industria SAS,Parque Industrial San Jorge,TIENDA D1 FONTANAR DEL RIO,830142201-4,LUZ DARY LEGUIZAMON,test@mts.com.co,AC 145 145 10,"BOGOTA, D. C.","BOGOTA, D. C.",4.754931,-74.11593,598042.4,525637.55,18N
3. Maquinaria y Equipo Eléctrico,3.4 Equipos de iluminación,SI,2024-03-16,10720,TUBOS FLUORESCENTES - SIGNIFY,1.8,Gestionado por Reconecta,Aprovechamiento,REP - 14 - 9308,Eco Industria SAS,Parque Industrial San Jorge,TIENDA D1 FONTIBON PLAZA,900836968-7,LEONARDO BENAVIDES,test@signify.com,KR 102 19 75,"BOGOTA, D. C.","BOGOTA, D. C.",4.675776,-74.143969,594943.42,516883.06,18N
2. Electrónica y Equipos de Telecomunicación,"2.10 Periféricos, partes y tarjetas para computadores e impresoras",SI,2024-08-06,9528,Tonner De Impresora / Aprovechamiento,15.0,Gestionado por Reconecta,Aprovechamiento,REP-86-9030,Eco Industria SAS,Parque Industrial San Jorge,TIENDA D1 FONTIBÓN PLAZA,830142201-4,LUZ DARY LEGUIZAMON,test@mts.com.co,KR 102 19 75,"BOGOTA, D. C.","BOGOTA, D. C.",4.675776,-74.143969,594943.42,516883.06,18N
2. Electrónica y Equipos de Telecomunicación,2.6 Equipos de electrónica de potencia,SI,2024-12-27,11047,UPS O FUENTES DE PODER,0.8,Centro de Acopio,Aprovechamiento,REP - 30 - 9339,Eco Industria SAS,Parque Industrial San Jorge,TIENDA D1 FONTIBÓN SAN JOSÉ,860007386,ANA LUCIA GOMEZ,enlacesambientales@gmail.com,KR 100 23 G 41,"BOGOTA, D. C.","BOGOTA, D. C.",4.680266,-74.135749,595854.57,517380.55,18N
2. Electrónica y Equipos de Telecomunicación,"2.10 Periféricos, partes y tarjetas para computadores e impresoras",SI,2024-07-12,10451,Tonner De Impresora / Aprovechamiento,1.0,Centro de Acopio,Aprovechamiento,REP - 29 - 9315,Eco Industria SAS,Parque Industrial San Jorge,TIENDA D1 FONTIBÓN SATURNO,860007386,ANA LUCIA GOMEZ,enlacesambientales@gmail.com,KR 110 19 A 21,"BOGOTA, D. C.","BOGOTA, D. C.",4.681326,-74.148654,594423.02,517495.98,18N
1. Aparatos electrodomésticos,1.6 Enseres menores del hogar,SI,2024-12-21,9452,ASPIRADORAS,24.14,Centro de Acopio,Aprovechamiento,REP - 30 - 9339,Eco Industria SAS,Parque Industrial San Jorge,TIENDA D1 FONTIBÓN VERSALLES,830143447-3,Ana Maria Suarez,test@portal80.com.co,CL 23 D 110 8,"BOGOTA, D. C.","BOGOTA, D. C.",4.686583,-74.142908,595059.65,518077.92,18N
1. Aparatos electrodomésticos,1.2 Enseres de audio y video,SI,2024-01-29,10687,VIDEOCAMARAS,2.0,Centro de Acopio,Aprovechamiento,REP - 30 - 9339,Eco Industria SAS,Parque Industrial San Jorge,TIENDA D1 FRAGUITA ,860518583-7,MARIA PAULA,ambiental@ccmetropolis.com.co,AK 27 9 26 Sur,"BOGOTA, D. C.","BOGOTA, D. C.",4.594576,-74.102622,599541.0,507912.06,18N
2. Electrónica y Equipos de Telecomunicación,"2.10 Periféricos, partes y tarjetas para computadores e impresoras",SI,2024-02-04,9936,MODEM,110.87,Centro de Acopio,Aprovechamiento,REP - 30 - 9339,Eco Industria SAS,Parque Industrial San Jorge,TIENDA D1 FUNDADORES,830142201-4,LUZ DARY LEGUIZAMON,test@mts.com.co,KR 69C 24 76 Sur,"BOGOTA, D. C.","BOGOTA, D. C.",4.615435,-74.13439,596014.09,510213.67,18N
2. Electrónica y Equipos de Telecomunicación,2.5 Electrónica de consumo,SI,2024-09-08,9532,AMPLIFICADOR DE SONIDO,2.8,Gestionado por Reconecta,Aprovechamiento,REP - 15 - 9316,Eco Industria SAS,Parque Industrial San Jorge,TIENDA D1 GAITÁN,900836968-7,LEONARDO BENAVIDES,test@signify.com,KR 55 B 76 45,"BOGOTA, D. C.","BOGOTA, D. C.",4.674621,-74.074702,602626.72,516765.11,18N
2. Electrónica y Equipos de Telecomunicación,2.4 Computadores y equipos para tratamiento de datos,SI,2024-04-28,10294,COMPUTADORES TODO EN UNO,2.0,Gestionado por Reconecta,Aprovechamiento,REP - 14 - 9308,Eco Industria SAS,Parque Industrial San Jorge,TIENDA D1 GAITANA,860010451-1,DANIELA PEÑA,ambiental@casalimpia.com.co,KR 127 132 30,"BOGOTA, D. C.","BOGOTA, D. C.",4.740813,-74.11364,598298.38,524077.12,18N
2. Electrónica y Equipos de Telecomunicación,2.8 Equipos de telecomunicaciones,SI,2024-06-17,11274,ROUTER,4.0,Gestionado por Reconecta,Aprovechamiento,REP-86-9030,Eco Industria SAS,Parque Industrial San Jorge,TIENDA D1 GALERIAS,800087297-6,LUZ STELLA CELIS,co.recepcionfacturase@la.spectrumbrands.com,CL 51 26 26,"BOGOTA, D. C.","BOGOTA, D. C.",4.640097,-74.075925,602496.06,512948.25,18N
2. Electrónica y Equipos de Telecomunicación,"2.10 Periféricos, partes y tarjetas para computadores e impresoras",SI,2024-02-11,9981,TONNER EN DESUSO,7.0,Centro de Acopio,Aprovechamiento,REP - 14 - 9308,Eco Industria SAS,Parque Industrial San Jorge,TIENDA D1 GIRALDA,800149695-1,JENNY PRIETO,gestionambiental@cruzverde.com.co,CL 22H 104B 61,"BOGOTA, D. C.","BOGOTA, D. C.",4.681287,-74.143169,595031.42,517492.41,18N
1. Aparatos electrodomésticos,1.5 Enseres menores de cocina,SI,2024-05-25,9228,OTROS GRANDES APARATOS UTILIZADOS PARA COCINAR Y EN OTROS PROCESOS DE TRANSFORMACION DE LOS ALIMENTOS,37.1,Gestionado por Reconecta,Aprovechamiento,REP - 29 - 9315,Eco Industria SAS,Parque Industrial San Jorge,TIENDA D1 GORGONZOLA,800087297-6,LUZ STELLA CELIS,co.recepcionfacturase@la.spectrumbrands.com,CL 5 C 41 A 5,"BOGOTA, D. C.","BOGOTA, D. C.",4.616353,-74.106291,599130.97,510319.01,18N
1. Aparatos electrodomésticos,1.4 Enseres menores de calentamiento,SI,2024-04-18,11240,APARATOS DE CALEFACCIÓN ELÉCTRICOS,66.0,Gestionado por Reconecta,Aprovechamiento,REP - 29 - 9315,Eco Industria SAS,Parque Industrial San Jorge,TIENDA D1 GRANADA,900836968-7,LEONARDO BENAVIDES,test@signify.com,CL 78B 120A 56,"BOGOTA, D. C.","BOGOTA, D. C.",4.724889,-74.133606,596086.16,522313.92,18N
2. Electrónica y Equipos de Telecomunicación,"2.10 Periféricos, partes y tarjetas para computadores e impresoras",SI,2024-11-21,9307,TONNER EN DESUSO,7.0,Centro de Acopio,Aprovechamiento,REP - 30 - 9339,Eco Industria SAS,Parque Industrial San Jorge,TIENDA D1 GRAN ESTACION,860010451-1,DANIELA PEÑA,ambiental@casalimpia.com.co,KR 60 24 09,"BOGOTA, D. C.","BOGOTA, D. C.",4.64586,-74.10241,599557.36,513581.57,18N
2. Electrónica y Equipos de Telecomunicación,"2.10 Periféricos, partes y tarjetas para computadores e impresoras",SI,2024-12-09,10720,TONER DE IMPRESORA/APROVECHAMIENTO,64.28,Centro de Acopio,Aprovechamiento,REP - 29 - 9315,Eco Industria SAS,Parque Industrial San Jorge,TIENDA D1 GRANJA II,830142201-4,LUZ DARY LEGUIZAMON,test@mts.com.co,CL 77A 80A 44,"BOGOTA, D. C.","BOGOTA, D. C.",4.698607,-74.09808,600030.19,519413.42,18N
1. Aparatos electrodomésticos,1.6 Enseres menores del hogar,SI,2024-11-04,11601,OTROS APARATOS DE LIMPIEZA QUE NO SEAN ASPIRADORAS O LIMPIA MOQUETAS,4.0,Gestionado por Reconecta,Aprovechamiento,REP - 30 - 9339,Eco Industria SAS,Parque Industrial San Jorge,TIENDA D1 HUMEDAL CORDOBA,860010451-1,DANIELA PEÑA,ambiental@casalimpia.com.co,TV 60 120 85,"BOGOTA, D. C.","BOGOTA, D. C.",4.706838,-74.07141,602987.15,520327.24,18N
2. Electrónica y Equipos de Telecomunicación,2.8 Equipos de telecomunicaciones,SI,2024-06-02,10377,TELÉFONOS CONVENCIONALES,7.25,Gestionado por Reconecta,Aprovechamiento,REP - 30 - 9339,Eco Industria SAS,Parque Industrial San Jorge,TIENDA D1 IBERIA,900836968-7,LEONARDO BENAVIDES,test@signify.com,CL 129 57 78,"BOGOTA, D. C.","BOGOTA, D. C.",4.716957,-74.066909,603484.89,521446.59,18N
2. Electrónica y Equipos de Telecomunicación,"2.10 Periféricos, partes y tarjetas para computadores e impresoras",SI,2024-11-21,9670,TONNER Y CARTUCHOS EN DESUSO,4.0,Gestionado por Reconecta,Aprovechamiento,REP - 15 - 9316,Eco Industria SAS,Parque Industrial San Jorge,TIENDA D1 JAVERIANA,900836968-7,LEONARDO BENAVIDES,test@signify.com,AK 7 44 62,"BOGOTA, D. C.","BOGOTA, D. C.",4.631115,-74.06445,603770.26,511956.94,18N
2. Electrónica y Equipos de Telecomunicación,2.4 Computadores y equipos para tratamiento de datos,SI,2024-10-23,10530,EQUIPOS DE COMPUTO DE MESA,46.0,Centro de Acopio,Aprovechamiento,REP - 14 - 9308,Eco Industria SAS,Parque Industrial San Jorge,TIENDA D1 JUNCOS,900836968-7,LEONARDO BENAVIDES,test@signify.com,AC 147 14 85,"BOGOTA, D. C.","BOGOTA, D. C.",4.728788,-74.040088,606457.95,522758.58,18N
1. Aparatos electrodomésticos,1.6 Enseres menores del hogar,SI,2024-10-04,9659,"RELOJES Y APARATOS DESTINADOS A MEDIR, INDICAR O REGISTRAR EL TIEMPO",45.0,Gestionado por Reconecta,Aprovechamiento,REP - 29 - 9315,Eco Industria SAS,Parque Industrial San Jorge,TIENDA D1 J VARGAS,900836968-7,LEONARDO BENAVIDES,test@signify.com,KR 60 67 B 21,"BOGOTA, D. C.","BOGOTA, D. C.",4.670397,-74.082836,601725.09,516296.96,18N
2. Electrónica y Equipos de Telecomunicación,2.6 Equipos de electrónica de potencia,SI,2024-02-21,11854,UPS O FUENTES DE PODER,8.0,Gestionado por Reconecta,Aprovechamiento,REP - 15 - 9316,Eco Industria SAS,Parque Industrial San Jorge,TIENDA D1 KENNEDY INEM,800149695-1,JENNY PRIETO,gestionambiental@cruzverde.com.co,KR 78 K 39 SUR 4,"BOGOTA, D. C.","BOGOTA, D. C.",4.622237,-74.15481,593748.03,510962.91,18N
3. Maquinaria y Equipo Eléctrico,3.4 Equipos de iluminación,SI,2024-12-29,11463,BOMBILLOS COMPACTOS - SIGNIFY,1.4,Centro de Acopio,Aprovechamiento,REP - 30 - 9339,Eco Industria SAS,Parque Industrial San Jorge,TIENDA D1 KENNEDY SUR,830143447-3,Ana Maria Suarez,test@portal80.com.co,TV 78 H 41 SUR 73,"BOGOTA, D. C.","BOGOTA, D. C.",4.616523,-74.157234,593479.89,510330.91,18N
1. Aparatos electrodomésticos,1.7 Enseres menores personales,SI,2024-11-02,11897,"APARATOS PARA CORTAR EL PELO, PARA SECAR EL PELO, PARA CEPILLARSE LOS DIENTES, MAQUINAS PARA AFEITAR, APARATOS DE MASAJE Y OTROS CUIDADOS CORPORALES",2340.0,Gestionado por Reconecta,Aprovechamiento,REP - 15 - 9316,Eco Industria SAS,Parque Industrial San Jorge,TIENDA D1 KUKARAMAKARA,900836968-7,LEONARDO BENAVIDES,test@signify.com,KR 15 93 57,"BOGOTA, D. C.","BOGOTA, D. C.",4.677639,-74.051584,605190.56,517102.18,18N
2. Electrónica y Equipos de Telecomunicación,2.6 Equipos de electrónica de potencia,SI,2024-10-20,9982,UPS O FUENTES DE PODER,4.0,Centro de Acopio,Aprovechamiento,REP - 29 - 9315,Eco Industria SAS,Parque Industrial San Jorge,TIENDA D1 LA CALLEJA,900836968-7,LEONARDO BENAVIDES,test@signify.com,KR 18 C 125 36,"BOGOTA, D. C.","BOGOTA, D. C.",4.704669,-74.048011,605582.83,520090.95,18N
1. Aparatos electrodomésticos,1.8 Equipos de acondicionamiento de aire,SI,2024-02-26,11602,APARATOS DE AIRE ACONDICIONADO,112.05,Gestionado por Reconecta,Aprovechamiento,REP - 29 - 9315,Eco Industria SAS,Parque Industrial San Jorge,TIENDA D1 LA CHUCUA,830143447-3,Ana Maria Suarez,test@portal80.com.co,TV 72 D 43 A SUR 32,"BOGOTA, D. C.","BOGOTA, D. C.",4.601702,-74.146789,594640.49,508693.84,18N
2. Electrónica y Equipos de Telecomunicación,2.8 Equipos de telecomunicaciones,SI,2024-01-30,9866,TELÉFONOS CONVENCIONALES,20.0,Centro de Acopio,Aprovechamiento,REP - 14 - 9308,Eco Industria SAS,Parque Industrial San Jorge,TIENDA D1 LA ESMERALDA,860518583-7,MARIA PAULA,ambiental@ccmetropolis.com.co,CL 44 50 62,"BOGOTA, D. C.","BOGOTA, D. C.",4.643288,-74.0908,600845.57,513298.88,18N
1. Aparatos electrodomésticos,1.6 Enseres menores del hogar,SI,2024-04-15,9516,"HERRAMIENTAS PARA ROCIAR, ESPARCIR, PROPAGAR O APLICAR OTROS TRATAMIENTOS CON SUSTANCIAS LÍQUIDAS O GASEOSAS POR OTROS MEDIOS",988.0,Gestionado por Reconecta,Aprovechamiento,REP - 29 - 9315,Eco Industria SAS,Parque Industrial San Jorge,TIENDA D1 LA ESPAÑOLA,830143447-3,Ana Maria Suarez,test@portal80.com.co,DG 84 76 C 04,"BOGOTA, D. C.","BOGOTA, D. C.",4.706007,-74.093279,600561.64,520232.19,18N
2. Electrónica y Equipos de Telecomunicación,"2.10 Periféricos, partes y tarjetas para computadores e impresoras",SI,2024-11-04,9095,MODEM,75.71,Gestionado por Reconecta,Aprovechamiento,REP - 15 - 9316,Eco Industria SAS,Parque Industrial San Jorge,TIENDA D1 LA ESTANCIA,900836968-7,LEONARDO BENAVIDES,test@signify.com,KR 75 57 R SUR 8,"BOGOTA, D. C.","BOGOTA, D. C.",4.596072,-74.175323,591475.92,508067.73,18N
1. Aparatos electrodomésticos,1.6 Enseres menores del hogar,SI,2024-02-10,10480,"HERRAMIENTAS PARA ROCIAR, ESPARCIR, PROPAGAR O APLICAR OTROS TRATAMIENTOS CON SUSTANCIAS LÍQUIDAS O GASEOSAS POR OTROS MEDIOS",988.0,Centro de Acopio,Aprovechamiento,REP - 14 - 9308,Eco Industria SAS,Parque Industrial San Jorge,TIENDA D1 LA EUROPA,830142201-4,LUZ DARY LEGUIZAMON,test@mts.com.co,AK 72 67 92,"BOGOTA, D. C.","BOGOTA, D. C.",4.682208,-74.09818,600021.43,517600.48,18N
2. Electrónica y Equipos de Telecomunicación,"2.10 Periféricos, partes y tarjetas para computadores e impresoras",SI,2024-02-02,9546,"PERIFERICOS (MOUSE, TECLADO, AUDIFONOS, CAMARAS Y OTROS)",92.75,Gestionado por Reconecta,Aprovechamiento,REP - 14 - 9308,Eco Industria SAS,Parque Industrial San Jorge,TIENDA D1 LA FELICIDAD,830143447-3,Ana Maria Suarez,test@portal80.com.co,KR 78 17 57,"BOGOTA, D. C.","BOGOTA, D. C.",4.654623,-74.130679,596420.43,514546.41,18N
2. Electrónica y Equipos de Telecomunicación,2.4 Computadores y equipos para tratamiento de datos,SI,2024-04-28,9170,DM - IMPRESORAS Y SCANNER,30.3,Gestionado por Reconecta,Aprovechamiento,REP - 29 - 9315,Eco Industria SAS,Parque Industrial San Jorge,TIENDA D1 LA FLORIDA,800087297-6,LUZ STELLA CELIS,co.recepcionfacturase@la.spectrumbrands.com,CL 68 91 20,"BOGOTA, D. C.","BOGOTA, D. C.",4.693478,-74.113562,598313.69,518844.21,18N
1. Aparatos electrodomésticos,1.5 Enseres menores de cocina,SI,2024-09-10,9457,TOSTADORA,2.9,Centro de Acopio,Aprovechamiento,REP - 30 - 9339,Eco Industria SAS,Parque Industrial San Jorge,TIENDA D1 LA FRAGUITA,900836968-7,LEONARDO BENAVIDES,test@signify.com,CL 1 SUR 9 86,"BOGOTA, D. C.","BOGOTA, D. C.",4.561967,-74.113083,598384.98,504305.68,18N
3. Maquinaria y Equipo Eléctrico,3.4 Equipos de iluminación,SI,2024-12-05,9357,APARATOS DE ALUMBRADO,93.8,Gestionado por Reconecta,Aprovechamiento,REP - 29 - 9315,Eco Industria SAS,Parque Industrial San Jorge,TIENDA D1 LA GIRALDA,830143447-3,Ana Maria Suarez,test@portal80.com.co,CL 22 H 104 B 61,"BOGOTA, D. C.","BOGOTA, D. C.",4.681288,-74.143169,595031.42,517492.52,18N
2. Electrónica y Equipos de Telecomunicación,"2.10 Periféricos, partes y tarjetas para computadores e impresoras",SI,2024-08-05,11177,ups,25.8,Centro de Acopio,Aprovechamiento,REP-86-9030,Eco Industria SAS,Parque Industrial San Jorge,TIENDA D1 LAGOS DE SUBA,860518583-7,MARIA PAULA,ambiental@ccmetropolis.com.co,KR 102A 129D 13,"BOGOTA, D. C.","BOGOTA, D. C.",4.730959,-74.099312,599888.92,522989.79,18N
2. Electrónica y Equipos de Telecomunicación,2.4 Computadores y equipos para tratamiento de datos,SI,2024-05-07,10560,IMPRESORAS Y SCANNER,205.0,Centro de Acopio,Aprovechamiento,REP-86-9030,Eco Industria SAS,Parque Industrial San Jorge,TIENDA D1 LA GRANJA,860518583-7,MARIA PAULA,ambiental@ccmetropolis.com.co,CL 79 77 B 83,"BOGOTA, D. C.","BOGOTA, D. C.",4.698313,-74.095355,600332.48,519381.31,18N
3. Maquinaria y Equipo Eléctrico,3.11 Pilas y acumuladores,SI,2024-06-18,10977,PILAS,1.0,Centro de Acopio,Aprovechamiento,REP - 29 - 9315,Eco Industria SAS,Parque Industrial San Jorge,TIENDA D1 LA MERCED NORTE,860518583-7,MARIA PAULA,ambiental@ccmetropolis.com.co,KR 29A 71A 41,"BOGOTA, D. C.","BOGOTA, D. C.",4.665747,-74.07273,602846.75,515784.36,18N
3. Maquinaria y Equipo Eléctrico,3.3 Equipos de control y proteción,SI,2024-08-15,10084,SWITCH,49.7,Gestionado por Reconecta,Aprovechamiento,REP - 15 - 9316,Eco Industria SAS,Parque Industrial San Jorge,TIENDA D1 LAS CRUCES,860518583-7,MARIA PAULA,ambiental@ccmetropolis.com.co,KR 10 2 48,"BOGOTA, D. C.","BOGOTA, D. C.",4.591479,-74.083225,601693.21,507572.41,18N
2. Electrónica y Equipos de Telecomunicación,2.4 Computadores y equipos para tratamiento de datos,SI,2024-11-03,11006,ORDENADORES PERSONALES O PORTATILES,28.81,Gestionado por Reconecta,Aprovechamiento,REP - 14 - 9308,Eco Industria SAS,Parque Industrial San Jorge,TIENDA D1 LIJACA,830142201-4,LUZ DARY LEGUIZAMON,test@mts.com.co,KR 8 C 186 72,"BOGOTA, D. C.","BOGOTA, D. C.",4.763668,-74.029926,607579.66,526616.25,18N
2. Electrónica y Equipos de Telecomunicación,2.4 Computadores y equipos para tratamiento de datos,SI,2024-03-11,10970,EQUIPOS DE COMPUTO DE MESA,92.42,Centro de Acopio,Aprovechamiento,REP - 15 - 9316,Eco Industria SAS,Parque Industrial San Jorge,TIENDA D1 LORENCITA,830143447-3,Ana Maria Suarez,test@portal80.com.co,CL 68 53 58,"BOGOTA, D. C.","BOGOTA, D. C.",4.666698,-74.078367,602221.34,515888.68,18N
1. Aparatos electrodomésticos,1.2 Enseres de audio y video,SI,2024-03-16,11416,TELEVISORES,128.56,Centro de Acopio,Aprovechamiento,REP - 15 - 9316,Eco Industria SAS,Parque Industrial San Jorge,TIENDA D1 LOS PINOS,830143447-3,Ana Maria Suarez,test@portal80.com.co,CL 72A 87 18,"BOGOTA, D. C.","BOGOTA, D. C.",4.697292,-74.10643,599104.22,519266.86,18N
1. Aparatos electrodomésticos,1.4 Enseres menores de calentamiento,SI,2024-07-13,9403,PLANCHAS Y OTROS APARATOS UTILIZADOS PARA PLANCHAR Y PARA DAR OTRO TIPO DE CUIDADOR A LA ROPA,1.7,Gestionado por Reconecta,Aprovechamiento,REP - 15 - 9316,Eco Industria SAS,Parque Industrial San Jorge,TIENDA D1 LOURDES,800149695-1,JENNY PRIETO,gestionambiental@cruzverde.com.co,KR 8 63 31,"BOGOTA, D. C.","BOGOTA, D. C.",4.6487,-74.060862,604165.69,513901.53,18N
3. Maquinaria y Equipo Eléctrico,3.9 Otros aparatos y sistemas,SI,2024-06-03,10700,MAQUINA EXPENDEDORA AUTOMATICAS DE DINERO,600.28,Centro de Acopio,Aprovechamiento,REP - 14 - 9308,Eco Industria SAS,Parque Industrial San Jorge,TIENDA D1 MARGARITAS,860007386,ANA LUCIA GOMEZ,enlacesambientales@gmail.com,KR 19 150 41,"BOGOTA, D. C.","BOGOTA, D. C.",4.732143,-74.044981,605914.74,523128.74,18N
2. Electrónica y Equipos de Telecomunicación,"2.10 Periféricos, partes y tarjetas para computadores e impresoras",SI,2024-11-05,10447,TONNER Y CARTUCHOS EN DESUSO,4.0,Gestionado por Reconecta,Aprovechamiento,REP - 14 - 9308,Eco Industria SAS,Parque Industrial San Jorge,TIENDA D1 MARÍA AUXILIADORA,860007386,ANA LUCIA GOMEZ,enlacesambientales@gmail.com,CL 166 8 F 93,"BOGOTA, D. C.","BOGOTA, D. C.",4.743891,-74.029285,607653.83,524429.93,18N
2. Electrónica y Equipos de Telecomunicación,"2.10 Periféricos, partes y tarjetas para computadores e impresoras",SI,2024-12-30,9003,CD,19.0,Centro de Acopio,Aprovechamiento,REP - 14 - 9308,Eco Industria SAS,Parque Industrial San Jorge,TIENDA D1 MARIA PAZ,800087297-6,LUZ STELLA CELIS,co.recepcionfacturase@la.spectrumbrands.com,DG 3 SUR 81 C 3,"BOGOTA, D. C.","BOGOTA, D. C.",4.627879,-74.163373,592797.42,511585.5,18N
2. Electrónica y Equipos de Telecomunicación,2.4 Computadores y equipos para tratamiento de datos,SI,2024-11-08,11972,DM - IMPRESORAS Y SCANNER,30.3,Centro de Acopio,Aprovechamiento,REP-86-9030,Eco Industria SAS,Parque Industrial San Jorge,TIENDA D1 MARSELLA ANTIGUA,860007386,ANA LUCIA GOMEZ,enlacesambientales@gmail.com,CL 6A 70 44,"BOGOTA, D. C.","BOGOTA, D. C.",4.630374,-74.13123,596362.6,511865.61,18N
2. Electrónica y Equipos de Telecomunicación,2.4 Computadores y equipos para tratamiento de datos,SI,2024-02-16,11155,EQUIPOS DE COMPUTO DE MESA,105.0,Gestionado por Reconecta,Aprovechamiento,REP - 15 - 9316,Eco Industria SAS,Parque Industrial San Jorge,TIENDA D1 MILAN,800149695-1,JENNY PRIETO,gestionambiental@cruzverde.com.co,CL 78 SUR 1 B 51,"BOGOTA, D. C.","BOGOTA, D. C.",4.546255,-74.105757,599199.86,502569.72,18N
1. Aparatos electrodomésticos,1.4 Enseres menores de calentamiento,SI,2024-02-23,10383,HORNOS DE MICROONDAS/ APARATOS ELECTRODOMESTICOS,67.0,Centro de Acopio,Aprovechamiento,REP - 14 - 9308,Eco Industria SAS,Parque Industrial San Jorge,TIENDA D1 MODELIA,800149695-1,JENNY PRIETO,gestionambiental@cruzverde.com.co,KR 75 24 D 49,"BOGOTA, D. C.","BOGOTA, D. C.",4.66794,-74.117848,597841.85,516020.37,18N
2. Electrónica y Equipos de Telecomunicación,2.8 Equipos de telecomunicaciones,SI,2024-12-30,11954,TELEFONOS INALAMBRICOS,6.0,Centro de Acopio,Aprovechamiento,REP - 14 - 9308,Eco Industria SAS,Parque Industrial San Jorge,TIENDA D1 MONJES,900836968-7,LEONARDO BENAVIDES,test@signify.com,KR 85K 46A 45,"BOGOTA, D. C.","BOGOTA, D. C.",4.571741,-74.171005,591958.03,505378.53,18N
2. Electrónica y Equipos de Telecomunicación,2.4 Computadores y equipos para tratamiento de datos,SI,2024-03-14,9626,ORDENADORES PERSONALES O PORTATILES,0.2,Gestionado por Reconecta,Aprovechamiento,REP - 29 - 9315,Eco Industria SAS,Parque Industrial San Jorge,TIENDA D1 MORATO,860007386,ANA LUCIA GOMEZ,enlacesambientales@gmail.com,AK 70 98 16,"BOGOTA, D. C.","BOGOTA, D. C.",4.692708,-74.077144,602353.22,518764.3,18N
3. Maquinaria y Equipo Eléctrico,3.3 Equipos de control y proteción,SI,2024-04-27,10058,SWITCH,20.0,Gestionado por Reconecta,Aprovechamiento,REP - 30 - 9339,Eco Industria SAS,Parque Industrial San Jorge,TIENDA D1 MORTIÑO,800087297-6,LUZ STELLA CELIS,co.recepcionfacturase@la.spectrumbrands.com,CL 73A 111C 1,"BOGOTA, D. C.","BOGOTA, D. C.",4.713867,-74.12561,596974.54,521096.54,18N
2. Electrónica y Equipos de Telecomunicación,"2.10 Periféricos, partes y tarjetas para computadores e impresoras",SI,2024-04-19,11165,"OTROS PRODUCTOS Y APARATOS PARA LA RECOGIDA, ALMACENAMIENTO, PROCESAMIENTO, PRESENTACIÓN O COMUNICACIÓN DE LA INFORMACIÓN DE MANERA ELECTRÓNICA",2.0,Gestionado por Reconecta,Aprovechamiento,REP - 30 - 9339,Eco Industria SAS,Parque Industrial San Jorge,TIENDA D1 MULTICENTRO,860010451-1,DANIELA PEÑA,ambiental@casalimpia.com.co,CL 119 12 36,"BOGOTA, D. C.","BOGOTA, D. C.",4.698747,-74.039545,606522.76,519437.54,18N
3. Maquinaria y Equipo Eléctrico,3.11 Pilas y acumuladores,SI,2024-05-21,9876,BATERIAS DE LITIO,1013.86,Gestionado por Reconecta,Aprovechamiento,REP - 29 - 9315,Eco Industria SAS,Parque Industrial San Jorge,TIENDA D1 MULTIDRIVE,800149695-1,JENNY PRIETO,gestionambiental@cruzverde.com.co,KR 59 152 B 79,"BOGOTA, D. C.","BOGOTA, D. C.",4.741095,-74.063873,603818.03,524115.55,18N
2. Electrónica y Equipos de Telecomunicación,2.4 Computadores y equipos para tratamiento de datos,SI,2024-05-12,9836,DM - IMPRESORAS Y SCANNER,30.3,Gestionado por Reconecta,Aprovechamiento,REP - 14 - 9308,Eco Industria SAS,Parque Industrial San Jorge,TIENDA D1 NARANJOS,800149695-1,JENNY PRIETO,gestionambiental@cruzverde.com.co,AK 91 129f 20,"BOGOTA, D. C.","BOGOTA, D. C.",4.725741,-74.088761,601059.91,522414.46,18N
2. Electrónica y Equipos de Telecomunicación,2.6 Equipos de electrónica de potencia,SI,2024-09-30,11251,BALASTOS,475.0,Centro de Acopio,Aprovechamiento,REP - 14 - 9308,Eco Industria SAS,Parque Industrial San Jorge,TIENDA D1 NARIÑO SUR,860518583-7,MARIA PAULA,ambiental@ccmetropolis.com.co,KR 7 10 SUR 29,"BOGOTA, D. C.","BOGOTA, D. C.",4.579436,-74.086446,601337.59,506240.59,18N
2. Electrónica y Equipos de Telecomunicación,2.4 Computadores y equipos para tratamiento de datos,SI,2024-04-20,11279,COMPUTADORES TODO EN UNO,226.42,Centro de Acopio,Aprovechamiento,REP - 15 - 9316,Eco Industria SAS,Parque Industrial San Jorge,TIENDA D1 NIZA,860007386,ANA LUCIA GOMEZ,enlacesambientales@gmail.com,AC 127 70D 27,"BOGOTA, D. C.","BOGOTA, D. C.",4.710564,-74.07392,602708.2,520738.79,18N
1. Aparatos electrodomésticos,1.4 Enseres menores de calentamiento,SI,2024-08-09,9917,APARATOS ELECTRODOMESTICOS/HORNOS ELECTRICOS,45.0,Gestionado por Reconecta,Aprovechamiento,REP - 15 - 9316,Eco Industria SAS,Parque Industrial San Jorge,TIENDA D1 NORMANDÍA,860007386,ANA LUCIA GOMEZ,enlacesambientales@gmail.com,CL 53 70 91,"BOGOTA, D. C.","BOGOTA, D. C.",4.669115,-74.104821,599286.66,516152.09,18N
1. Aparatos electrodomésticos,1.2 Enseres de audio y video,SI,2024-09-22,10999,TELEVISORES,15.0,Centro de Acopio,Aprovechamiento,REP - 30 - 9339,Eco Industria SAS,Parque Industrial San Jorge,TIENDA D1 NOTARIA,830142201-4,LUZ DARY LEGUIZAMON,test@mts.com.co,AC 53 73A 81,"BOGOTA, D. C.","BOGOTA, D. C.",4.674451,-74.10896,598826.81,516741.41,18N
3. Maquinaria y Equipo Eléctrico,3.11 Pilas y acumuladores,SI,2024-02-13,10689,PILAS,7.14,Gestionado por Reconecta,Aprovechamiento,REP - 29 - 9315,Eco Industria SAS,Parque Industrial San Jorge,TIENDA D1 NOTARÍA,860518583-7,MARIA PAULA,ambiental@ccmetropolis.com.co,KR 30 64 A 49,"BOGOTA, D. C.","BOGOTA, D. C.",4.660355,-74.077782,602287.14,515187.53,18N
1. Aparatos electrodomésticos,1.6 Enseres menores del hogar,SI,2024-04-29,9832,OTROS APARATOS DE LIMPIEZA QUE NO SEAN ASPIRADORAS O LIMPIA MOQUETAS,2.56,Gestionado por Reconecta,Aprovechamiento,REP - 14 - 9308,Eco Industria SAS,Parque Industrial San Jorge,TIENDA D1 NUEVA MARSELLA,800087297-6,LUZ STELLA CELIS,co.recepcionfacturase@la.spectrumbrands.com,CL 2 69F 6,"BOGOTA, D. C.","BOGOTA, D. C.",4.623067,-74.13115,596372.47,511057.83,18N
2. Electrónica y Equipos de Telecomunicación,2.5 Electrónica de consumo,SI,2024-05-30,10549,AMPLIFICADOR DE SONIDO,20.85,Gestionado por Reconecta,Aprovechamiento,REP-86-9030,Eco Industria SAS,Parque Industrial San Jorge,TIENDA D1 NUEVA ZELANDA,830142201-4,LUZ DARY LEGUIZAMON,test@mts.com.co,CL 182 45 24,"BOGOTA, D. C.","BOGOTA, D. C.",4.7601,-74.047305,605652.73,526219.11,18N
2. Electrónica y Equipos de Telecomunicación,"2.10 Periféricos, partes y tarjetas para computadores e impresoras",SI,2024-01-28,9584,CD,19.0,Gestionado por Reconecta,Aprovechamiento,REP - 15 - 9316,Eco Industria SAS,Parque Industrial San Jorge,TIENDA D1 ORQUIDEAS 2,860010451-1,DANIELA PEÑA,ambiental@casalimpia.com.co,CL 161 16 D 35,"BOGOTA, D. C.","BOGOTA, D. C.",4.740169,-74.040943,606361.38,524016.65,18N
3. Maquinaria y Equipo Eléctrico,3.9 Otros aparatos y sistemas,SI,2024-07-03,10686,MAQUINA EXPENDEDORA AUTOMATICAS DE DINERO,670.0,Gestionado por Reconecta,Aprovechamiento,REP - 30 - 9339,Eco Industria SAS,Parque Industrial San Jorge,TIENDA D1 PALERMO,800087297-6,LUZ STELLA CELIS,co.recepcionfacturase@la.spectrumbrands.com,CL 45 20 34,"BOGOTA, D. C.","BOGOTA, D. C.",4.633599,-74.073029,602818.24,512230.3,18N
1. Aparatos electrodomésticos,1.4 Enseres menores de calentamiento,SI,2024-01-27,9877,APARATOS ELECTRODOMESTICOS/HORNOS DE MICROONDAS,21.7,Gestionado por Reconecta,Aprovechamiento,REP - 30 - 9339,Eco Industria SAS,Parque Industrial San Jorge,TIENDA D1 PALOQUEMAO,860007386,ANA LUCIA GOMEZ,enlacesambientales@gmail.com,CL 22 25 14,"BOGOTA, D. C.","BOGOTA, D. C.",4.617803,-74.083595,601648.43,510482.51,18N
2. Electrónica y Equipos de Telecomunicación,2.4 Computadores y equipos para tratamiento de datos,SI,2024-03-31,11033,ORDENADORES PERSONALES O PORTATILES,11.0,Gestionado por Reconecta,Aprovechamiento,REP-86-9030,Eco Industria SAS,Parque Industrial San Jorge,TIENDA D1 PARDO RUBIO,860007386,ANA LUCIA GOMEZ,enlacesambientales@gmail.com,KR 7 50 20,"BOGOTA, D. C.","BOGOTA, D. C.",4.636845,-74.063421,603883.57,512590.56,18N
2. Electrónica y Equipos de Telecomunicación,2.8 Equipos de telecomunicaciones,SI,2024-03-27,11738,ROUTER,4.0,Gestionado por Reconecta,Aprovechamiento,REP - 14 - 9308,Eco Industria SAS,Parque Industrial San Jorge,TIENDA D1 PASADENA AUTONORTE,830142201-4,LUZ DARY LEGUIZAMON,test@mts.com.co,KR 45 103B 51,"BOGOTA, D. C.","BOGOTA, D. C.",4.691292,-74.056925,604596.1,518610.75,18N
2. Electrónica y Equipos de Telecomunicación,"2.10 Periféricos, partes y tarjetas para computadores e impresoras",SI,2024-09-09,11588,TONER DE IMPRESORA SUELTOS,3.7,Centro de Acopio,Aprovechamiento,REP - 14 - 9308,Eco Industria SAS,Parque Industrial San Jorge,TIENDA D1 PATIO BONITO,800087297-6,LUZ STELLA CELIS,co.recepcionfacturase@la.spectrumbrands.com,KR 86 40 B SUR 51,"BOGOTA, D. C.","BOGOTA, D. C.",4.631803,-74.166505,592449.49,512018.89,18N
3. Maquinaria y Equipo Eléctrico,3.12 Refrigeración y equipos de acondicionamiento de aire industriales,SI,2024-07-08,9833,MÁQUINAS DISPENSADORAS DE BEBIDAS CALIENTES,14.2,Gestionado por Reconecta,Aprovechamiento,REP - 29 - 9315,Eco Industria SAS,Parque Industrial San Jorge,TIENDA D1 PEPE SIERRA,830142201-4,LUZ DARY LEGUIZAMON,test@mts.com.co,KR 18 114A 50,"BOGOTA, D. C.","BOGOTA, D. C.",4.69765,-74.047548,605635.24,519315.05,18N
3. Maquinaria y Equipo Eléctrico,3.4 Equipos de iluminación,SI,2024-08-11,11188,BOMBILLOS COMPACTOS - SIGNIFY,1.4,Gestionado por Reconecta,Aprovechamiento,REP - 15 - 9316,Eco Industria SAS,Parque Industrial San Jorge,TIENDA D1 PERDOMO,900836968-7,LEONARDO BENAVIDES,test@signify.com,CL 64 SUR 71 F 77,"BOGOTA, D. C.","BOGOTA, D. C.",4.586768,-74.166382,592468.96,507040.34,18N
1. Aparatos electrodomésticos,1.6 Enseres menores del hogar,SI,2024-10-01,9428,ASPIRADORAS,567.1,Gestionado por Reconecta,Aprovechamiento,REP - 29 - 9315,Eco Industria SAS,Parque Industrial San Jorge,TIENDA D1 PIO XII,800087297-6,LUZ STELLA CELIS,co.recepcionfacturase@la.spectrumbrands.com,TV 78C 6 39,"BOGOTA, D. C.","BOGOTA, D. C.",4.632677,-74.148657,594429.18,512117.86,18N
1. Aparatos electrodomésticos,1.4 Enseres menores de calentamiento,SI,2024-07-24,11212,HORNOS DE MICROONDAS/ APARATOS ELECTRODOMESTICOS,67.0,Centro de Acopio,Aprovechamiento,REP - 29 - 9315,Eco Industria SAS,Parque Industrial San Jorge,TIENDA D1 POLITECNICO,830143447-3,Ana Maria Suarez,test@portal80.com.co,CL 73 10 66,"BOGOTA, D. C.","BOGOTA, D. C.",4.658113,-74.057558,604530.81,514942.64,18N
1. Aparatos electrodomésticos,1.8 Equipos de acondicionamiento de aire,SI,2024-03-28,9041,APARATOS DE AIRE ACONDICIONADO,18.4,Gestionado por Reconecta,Aprovechamiento,REP - 30 - 9339,Eco Industria SAS,Parque Industrial San Jorge,TIENDA D1 POLO SUR,860518583-7,MARIA PAULA,ambiental@ccmetropolis.com.co,AC 80 24 37/45,"BOGOTA, D. C.","BOGOTA, D. C.",4.6691,-74.063759,603841.35,516156.36,18N
1. Aparatos electrodomésticos,1.1 Cocinas y hornos,SI,2024-09-26,9558,HORNOS DE MICROONDAS,31.48,Centro de Acopio,Aprovechamiento,REP - 15 - 9316,Eco Industria SAS,Parque Industrial San Jorge,TIENDA D1 PONTEVEDRA,800149695-1,JENNY PRIETO,gestionambiental@cruzverde.com.co,AK 72 99 64,"BOGOTA, D. C.","BOGOTA, D. C.",4.700305,-74.081373,601883.04,519603.55,18N
1. Aparatos electrodomésticos,1.5 Enseres menores de cocina,SI,2024-08-05,10506,OTROS GRANDES APARATOS UTILIZADOS PARA COCINAR Y EN OTROS PROCESOS DE TRANSFORMACION DE LOS ALIMENTOS,827.0,Gestionado por Reconecta,Aprovechamiento,REP - 14 - 9308,Eco Industria SAS,Parque Industrial San Jorge,TIENDA D1 PORCIUNCULA,860007386,ANA LUCIA GOMEZ,enlacesambientales@gmail.com,KR 15 72 33,"BOGOTA, D. C.","BOGOTA, D. C.",4.659585,-74.061441,604099.87,515104.8,18N
2. Electrónica y Equipos de Telecomunicación,2.4 Computadores y equipos para tratamiento de datos,SI,2024-10-18,11215,SERVIDORES,27.31,Centro de Acopio,Aprovechamiento,REP - 29 - 9315,Eco Industria SAS,Parque Industrial San Jorge,TIENDA D1 PRADERA NORTE,860518583-7,MARIA PAULA,ambiental@ccmetropolis.com.co,KR 8 G 162 40,"BOGOTA, D. C.","BOGOTA, D. C.",4.739434,-74.030171,607556.25,523937.06,18N
3. Maquinaria y Equipo Eléctrico,3.4 Equipos de iluminación,SI,2024-08-02,9352,APARATOS DE ALUMBRADO,180.28,Centro de Acopio,Aprovechamiento,REP - 14 - 9308,Eco Industria SAS,Parque Industrial San Jorge,TIENDA D1 PRADO JARDIN,860010451-1,DANIELA PEÑA,ambiental@casalimpia.com.co,KR 51 131 51,"BOGOTA, D. C.","BOGOTA, D. C.",4.718272,-74.05732,604548.26,521593.39,18N
1. Aparatos electrodomésticos,1.4 Enseres menores de calentamiento,SI,2024-07-03,9500,APARATOS ELECTRODOMESTICOS/HORNOS DE MICROONDAS,21.7,Centro de Acopio,Aprovechamiento,REP - 15 - 9316,Eco Industria SAS,Parque Industrial San Jorge,TIENDA D1 PRADO PINZÓN,860010451-1,DANIELA PEÑA,ambiental@casalimpia.com.co,CL 138 45 80,"BOGOTA, D. C.","BOGOTA, D. C.",4.723837,-74.052218,605113.31,522209.39,18N
2. Electrónica y Equipos de Telecomunicación,"2.10 Periféricos, partes y tarjetas para computadores e impresoras",SI,2024-11-06,10964,TONER DE IMPRESORA SUELTO,6.0,Gestionado por Reconecta,Aprovechamiento,REP - 14 - 9308,Eco Industria SAS,Parque Industrial San Jorge,TIENDA D1 PRADO VERANIEGO,800087297-6,LUZ STELLA CELIS,co.recepcionfacturase@la.spectrumbrands.com,CL 129 53 26,"BOGOTA, D. C.","BOGOTA, D. C.",4.716361,-74.05953,604303.42,521381.8,18N
2. Electrónica y Equipos de Telecomunicación,"2.10 Periféricos, partes y tarjetas para computadores e impresoras",SI,2024-07-28,11525,"PERIFERICOS (MOUSE, TECLADO, AUDIFONOS, CAMARAS Y OTROS)",2.0,Centro de Acopio,Aprovechamiento,REP - 29 - 9315,Eco Industria SAS,Parque Industrial San Jorge,TIENDA D1 PRIMAVERA,900836968-7,LEONARDO BENAVIDES,test@signify.com,AK 50 5C 76,"BOGOTA, D. C.","BOGOTA, D. C.",4.622653,-74.11002,598716.44,511014.96,18N
1. Aparatos electrodomésticos,1.6 Enseres menores del hogar,SI,2024-12-30,9672,"RELOJES Y APARATOS DESTINADOS A MEDIR, INDICAR O REGISTRAR EL TIEMPO",0.5,Gestionado por Reconecta,Aprovechamiento,REP-86-9030,Eco Industria SAS,Parque Industrial San Jorge,TIENDA D1 Puente Aranda,900836968-7,LEONARDO BENAVIDES,test@signify.com,KR 55 14 31,"BOGOTA, D. C.","BOGOTA, D. C.",4.630702,-74.109066,598821.15,511904.91,18N
1. Aparatos electrodomésticos,1.6 Enseres menores del hogar,SI,2024-07-02,10024,VENTILADORES ELECTRICOS,20.0,Centro de Acopio,Aprovechamiento,REP - 14 - 9308,Eco Industria SAS,Parque Industrial San Jorge,TIENDA D1 PUENTE LARGO,830143447-3,Ana Maria Suarez,test@portal80.com.co,TV 59 A 114 36,"BOGOTA, D. C.","BOGOTA, D. C.",4.696686,-74.06855,603305.87,519205.34,18N
1. Aparatos electrodomésticos,1.5 Enseres menores de cocina,SI,2024-03-28,10400,TOSTADORA,2.9,Centro de Acopio,Aprovechamiento,REP - 14 - 9308,Eco Industria SAS,Parque Industrial San Jorge,TIENDA D1 QUESADA,860518583-7,MARIA PAULA,ambiental@ccmetropolis.com.co,AK 14 48 51,"BOGOTA, D. C.","BOGOTA, D. C.",4.635503,-74.06696,603491.19,512441.68,18N
1. Aparatos electrodomésticos,1.4 Enseres menores de calentamiento,SI,2024-05-04,9930,APARATOS ELECTRODOMESTICOS,35.0,Centro de Acopio,Aprovechamiento,REP - 14 - 9308,Eco Industria SAS,Parque Industrial San Jorge,TIENDA D1 QUINTA PAREDES,860007386,ANA LUCIA GOMEZ,enlacesambientales@gmail.com,AC 24 48 50,"BOGOTA, D. C.","BOGOTA, D. C.",4.637192,-74.09696,600163.13,512624.09,18N
1. Aparatos electrodomésticos,1.6 Enseres menores del hogar,SI,2024-06-11,9278,"HERRAMIENTAS PARA ROCIAR, ESPARCIR, PROPAGAR O APLICAR OTROS TRATAMIENTOS CON SUSTANCIAS LÍQUIDAS O GASEOSAS POR OTROS MEDIOS",351.04,Gestionado por Reconecta,Aprovechamiento,REP - 29 - 9315,Eco Industria SAS,Parque Industrial San Jorge,TIENDA D1 QUIROGA,860007386,ANA LUCIA GOMEZ,enlacesambientales@gmail.com,KR 24 32 A SUR 21,"BOGOTA, D. C.","BOGOTA, D. C.",4.582481,-74.1165,598003.12,506573.04,18N
2. Electrónica y Equipos de Telecomunicación,"2.10 Periféricos, partes y tarjetas para computadores e impresoras",SI,2024-09-13,11452,TONNER,1.0,Centro de Acopio,Aprovechamiento,REP - 15 - 9316,Eco Industria SAS,Parque Industrial San Jorge,TIENDA D1 RESTREPO BOMBEROS ,800087297-6,LUZ STELLA CELIS,co.recepcionfacturase@la.spectrumbrands.com,KR 27 18 79 Sur,"BOGOTA, D. C.","BOGOTA, D. C.",4.590353,-74.108078,598936.33,507444.45,18N
1. Aparatos electrodomésticos,1.6 Enseres menores del hogar,SI,2024-03-19,11120,VENTILADORES ELECTRICOS,1.0,Centro de Acopio,Aprovechamiento,REP-86-9030,Eco Industria SAS,Parque Industrial San Jorge,TIENDA D1 RESTREPO CAFESALUD,900836968-7,LEONARDO BENAVIDES,test@signify.com,KR 18 16 39 Sur,"BOGOTA, D. C.","BOGOTA, D. C.",4.585861,-74.100326,599796.91,506948.93,18N
1. Aparatos electrodomésticos,1.8 Equipos de acondicionamiento de aire,SI,2024-01-03,9259,APARATOS DE AIRE ACONDICIONADO,588.7,Centro de Acopio,Aprovechamiento,REP-86-9030,Eco Industria SAS,Parque Industrial San Jorge,TIENDA D1 RIO CALLEJAS,830142201-4,LUZ DARY LEGUIZAMON,test@mts.com.co,AC 127 7 77,"BOGOTA, D. C.","BOGOTA, D. C.",4.702066,-74.029399,607647.63,519806.02,18N
1. Aparatos electrodomésticos,1.4 Enseres menores de calentamiento,SI,2024-10-05,10254,Sanduchera / Tostadora,6.8,Centro de Acopio,Aprovechamiento,REP - 15 - 9316,Eco Industria SAS,Parque Industrial San Jorge,TIENDA D1 RIONEGRO,800087297-6,LUZ STELLA CELIS,co.recepcionfacturase@la.spectrumbrands.com,CL 93 60 A 36,"BOGOTA, D. C.","BOGOTA, D. C.",4.681858,-74.06728,603448.92,517566.26,18N
2. Electrónica y Equipos de Telecomunicación,2.4 Computadores y equipos para tratamiento de datos,SI,2024-01-24,11972,COMPUTADORES TODO EN UNO,26.68,Gestionado por Reconecta,Aprovechamiento,REP - 29 - 9315,Eco Industria SAS,Parque Industrial San Jorge,TIENDA D1 RUBY ,860010451-1,DANIELA PEÑA,ambiental@casalimpia.com.co,CL 23A 96F 52,"BOGOTA, D. C.","BOGOTA, D. C.",4.675429,-74.134802,595960.27,516845.95,18N
2. Electrónica y Equipos de Telecomunicación,"2.10 Periféricos, partes y tarjetas para computadores e impresoras",SI,2024-08-26,9402,MODEM,117.68,Gestionado por Reconecta,Aprovechamiento,REP - 29 - 9315,Eco Industria SAS,Parque Industrial San Jorge,TIENDA D1 Sagrado Corazón,800087297-6,LUZ STELLA CELIS,co.recepcionfacturase@la.spectrumbrands.com,KR 13 33 58,"BOGOTA, D. C.","BOGOTA, D. C.",4.620975,-74.068203,603355.41,510835.4,18N
1. Aparatos electrodomésticos,1.6 Enseres menores del hogar,SI,2024-11-21,9618,OTROS APARATOS DE LIMPIEZA QUE NO SEAN ASPIRADORAS O LIMPIA MOQUETAS,10.0,Centro de Acopio,Aprovechamiento,REP-86-9030,Eco Industria SAS,Parque Industrial San Jorge,TIENDA D1 Samper Mendoza,900836968-7,LEONARDO BENAVIDES,test@signify.com,KR 25 22 C 81,"BOGOTA, D. C.","BOGOTA, D. C.",4.61951,-74.080784,601960.01,510671.62,18N
1. Aparatos electrodomésticos,1.5 Enseres menores de cocina,SI,2024-10-17,11409,TOSTADORA,2.9,Centro de Acopio,Aprovechamiento,REP - 14 - 9308,Eco Industria SAS,Parque Industrial San Jorge,TIENDA D1 San Andresito,860010451-1,DANIELA PEÑA,ambiental@casalimpia.com.co,KR 23 10 11,"BOGOTA, D. C.","BOGOTA, D. C.",4.606759,-74.089899,600950.69,509260.69,18N
1. Aparatos electrodomésticos,1.4 Enseres menores de calentamiento,SI,2024-08-26,10057,FREIDORAS,36.0,Gestionado por Reconecta,Aprovechamiento,REP - 14 - 9308,Eco Industria SAS,Parque Industrial San Jorge,TIENDA D1 SAN ANTONIO,860010451-1,DANIELA PEÑA,ambiental@casalimpia.com.co,CL 183 A 11 8,"BOGOTA, D. C.","BOGOTA, D. C.",4.760649,-74.033447,607189.62,526281.94,18N
3. Maquinaria y Equipo Eléctrico,3.3 Equipos de control y proteción,SI,2024-12-06,9631,SWITCH,10.0,Centro de Acopio,Aprovechamiento,REP - 29 - 9315,Eco Industria SAS,Parque Industrial San Jorge,TIENDA D1 SAN BENITO,860007386,ANA LUCIA GOMEZ,enlacesambientales@gmail.com,CL 57 SUR 19 43,"BOGOTA, D. C.","BOGOTA, D. C.",4.565941,-74.135059,595946.49,504742.04,18N
3. Maquinaria y Equipo Eléctrico,3.4 Equipos de iluminación,SI,2024-11-25,10357,TUBOS FLUORESCENTES - SIGNIFY,1.8,Centro de Acopio,Aprovechamiento,REP - 14 - 9308,Eco Industria SAS,Parque Industrial San Jorge,TIENDA D1 SAN CARLOS,830142201-4,LUZ DARY LEGUIZAMON,test@mts.com.co,KR 13 F 52 SUR 56,"BOGOTA, D. C.","BOGOTA, D. C.",4.565169,-74.127624,596771.4,504657.69,18N
3. Maquinaria y Equipo Eléctrico,3.11 Pilas y acumuladores,SI,2024-07-12,9743,BATERIAS DE LITIO,1858.0,Centro de Acopio,Aprovechamiento,REP - 15 - 9316,Eco Industria SAS,Parque Industrial San Jorge,TIENDA D1 SAN CARLOS ,860518583-7,MARIA PAULA,ambiental@ccmetropolis.com.co,TV 138 139 35,"BOGOTA, D. C.","BOGOTA, D. C.",4.74722,-74.113815,598278.07,524785.39,18N
2. Electrónica y Equipos de Telecomunicación,2.8 Equipos de telecomunicaciones,SI,2024-02-29,9068,CELULARES,8.0,Centro de Acopio,Aprovechamiento,REP - 30 - 9339,Eco Industria SAS,Parque Industrial San Jorge,TIENDA D1 SAN CAYETANO,800087297-6,LUZ STELLA CELIS,co.recepcionfacturase@la.spectrumbrands.com,CL 41 F SUR 80 H 26,"BOGOTA, D. C.","BOGOTA, D. C.",4.626069,-74.16323,592813.52,511385.43,18N
2. Electrónica y Equipos de Telecomunicación,"2.10 Periféricos, partes y tarjetas para computadores e impresoras",SI,2024-11-02,9084,TONNER,1.0,Centro de Acopio,Aprovechamiento,REP - 14 - 9308,Eco Industria SAS,Parque Industrial San Jorge,TIENDA D1 SAN CIPRIANO,860010451-1,DANIELA PEÑA,ambiental@casalimpia.com.co,CL 167 58 30,"BOGOTA, D. C.","BOGOTA, D. C.",4.74979,-74.059442,604308.18,525077.47,18N
1. Aparatos electrodomésticos,1.1 Cocinas y hornos,SI,2024-01-16,10584,HORNOS DE MICROONDAS,9.0,Gestionado por Reconecta,Aprovechamiento,REP - 14 - 9308,Eco Industria SAS,Parque Industrial San Jorge,TIENDA D1 SAN CRISTÓBAL,860010451-1,DANIELA PEÑA,ambiental@casalimpia.com.co,CL 167 58 30,"BOGOTA, D. C.","BOGOTA, D. C.",4.74979,-74.059442,604308.18,525077.47,18N
2. Electrónica y Equipos de Telecomunicación,2.4 Computadores y equipos para tratamiento de datos,SI,2024-03-08,10530,ORDENADORES PERSONALES O PORTATILES,48.0,Gestionado por Reconecta,Aprovechamiento,REP - 29 - 9315,Eco Industria SAS,Parque Industrial San Jorge,TIENDA D1 SAN FELIPE,830142201-4,LUZ DARY LEGUIZAMON,test@mts.com.co,CL 77 19 37,"BOGOTA, D. C.","BOGOTA, D. C.",4.665453,-74.061571,604084.58,515753.5,18N
3. Maquinaria y Equipo Eléctrico,3.12 Refrigeración y equipos de acondicionamiento de aire industriales,SI,2024-03-05,9173,MÁQUINAS DISPENSADORAS DE BEBIDAS CALIENTES,14.2,Centro de Acopio,Aprovechamiento,REP - 29 - 9315,Eco Industria SAS,Parque Industrial San Jorge,TIENDA D1 SAN FERNANDO,830142201-4,LUZ DARY LEGUIZAMON,test@mts.com.co,CL 72 64 62,"BOGOTA, D. C.","BOGOTA, D. C.",4.67526,-74.082982,601708.2,516834.55,18N
1. Aparatos electrodomésticos,1.5 Enseres menores de cocina,SI,2024-02-27,9760,OTROS GRANDES APARATOS UTILIZADOS PARA COCINAR Y EN OTROS PROCESOS DE TRANSFORMACION DE LOS ALIMENTOS. APARATOS DE CALEFACCION ELECTRICOS,145.0,Centro de Acopio,Aprovechamiento,REP - 14 - 9308,Eco Industria SAS,Parque Industrial San Jorge,TIENDA D1 San Francisco,860007386,ANA LUCIA GOMEZ,enlacesambientales@gmail.com,CL 4 8 64,"BOGOTA, D. C.","BOGOTA, D. C.",4.587991,-74.083401,601674.18,507186.79,18N
3. Maquinaria y Equipo Eléctrico,3.3 Equipos de control y proteción,SI,2024-04-02,10072,SWITCH,20.0,Gestionado por Reconecta,Aprovechamiento,REP-86-9030,Eco Industria SAS,Parque Industrial San Jorge,TIENDA D1 SAN ISIDRO,830142201-4,LUZ DARY LEGUIZAMON,test@mts.com.co,CL 32 SUR 7 A 39,"BOGOTA, D. C.","BOGOTA, D. C.",4.566347,-74.100028,599832.67,504791.69,18N
1. Aparatos electrodomésticos,1.6 Enseres menores del hogar,SI,2024-02-23,9720,"RELOJES Y APARATOS DESTINADOS A MEDIR, INDICAR O REGISTRAR EL TIEMPO",45.0,Gestionado por Reconecta,Aprovechamiento,REP - 29 - 9315,Eco Industria SAS,Parque Industrial San Jorge,TIENDA D1 SAN JORGE,830143447-3,Ana Maria Suarez,test@portal80.com.co,KR 91 127 63,"BOGOTA, D. C.","BOGOTA, D. C.",4.717542,-74.09238,600659.7,521507.53,18N
2. Electrónica y Equipos de Telecomunicación,2.4 Computadores y equipos para tratamiento de datos,SI,2024-06-25,11311,DM - IMPRESORAS Y SCANNER,30.3,Gestionado por Reconecta,Aprovechamiento,REP - 30 - 9339,Eco Industria SAS,Parque Industrial San Jorge,TIENDA D1 SAN JUAN DE ÁVILA,830142201-4,LUZ DARY LEGUIZAMON,test@mts.com.co,KR 18 136 A 14,"BOGOTA, D. C.","BOGOTA, D. C.",4.720963,-74.045079,605905.57,521892.74,18N
1. Aparatos electrodomésticos,1.6 Enseres menores del hogar,SI,2024-05-06,10535,VENTILADORES ELECTRICOS,9.62,Centro de Acopio,Aprovechamiento,REP - 14 - 9308,Eco Industria SAS,Parque Industrial San Jorge,TIENDA D1 San Luis,860518583-7,MARIA PAULA,ambiental@ccmetropolis.com.co,CL 63 15 18,"BOGOTA, D. C.","BOGOTA, D. C.",4.649958,-74.065908,603605.78,514039.86,18N
2. Electrónica y Equipos de Telecomunicación,"2.10 Periféricos, partes y tarjetas para computadores e impresoras",SI,2024-02-26,10993,REPUESTOS O PARTES DE PC/PORTATILES,5.0,Centro de Acopio,Aprovechamiento,REP-86-9030,Eco Industria SAS,Parque Industrial San Jorge,TIENDA D1 SAN NICOLAS,900836968-7,LEONARDO BENAVIDES,test@signify.com,CL 116 70D 87,"BOGOTA, D. C.","BOGOTA, D. C.",4.698656,-74.074821,602610.01,519422.21,18N
2. Electrónica y Equipos de Telecomunicación,"2.10 Periféricos, partes y tarjetas para computadores e impresoras",SI,2024-07-14,10291,TONNER Y CARTUCHOS EN DESUSO,4.0,Centro de Acopio,Aprovechamiento,REP - 15 - 9316,Eco Industria SAS,Parque Industrial San Jorge,TIENDA D1 SAN PATRICIO,830142201-4,LUZ DARY LEGUIZAMON,test@mts.com.co,AK 19 106 12,"BOGOTA, D. C.","BOGOTA, D. C.",4.692858,-74.050744,605281.46,518784.8,18N
2. Electrónica y Equipos de Telecomunicación,2.7 Equipos de instrumentación y control,SI,2024-02-13,10613,OTROS INSTRUMENTOS DE VIGILANCIA Y CONTROL UTILIZADOS EN INSTALACIONES INDUSTRIALES,20.51,Centro de Acopio,Aprovechamiento,REP - 15 - 9316,Eco Industria SAS,Parque Industrial San Jorge,TIENDA D1 SANTA BARBARA,860518583-7,MARIA PAULA,ambiental@ccmetropolis.com.co,CL 125 19 A 25,"BOGOTA, D. C.","BOGOTA, D. C.",4.704668,-74.050244,605335.15,520090.5,18N
2. Electrónica y Equipos de Telecomunicación,2.5 Electrónica de consumo,SI,2024-06-21,11680,AMPLIFICADOR DE SONIDO,1.0,Centro de Acopio,Aprovechamiento,REP - 29 - 9315,Eco Industria SAS,Parque Industrial San Jorge,TIENDA D1 SANTA FE,860007386,ANA LUCIA GOMEZ,enlacesambientales@gmail.com,AK 9 121 50,"BOGOTA, D. C.","BOGOTA, D. C.",4.698905,-74.032824,607268.22,519456.04,18N
2. Electrónica y Equipos de Telecomunicación,"2.10 Periféricos, partes y tarjetas para computadores e impresoras",SI,2024-03-27,11310,TONER DE IMPRESORA/APROVECHAMIENTO,39.33,Gestionado por Reconecta,Aprovechamiento,REP-86-9030,Eco Industria SAS,Parque Industrial San Jorge,TIENDA D1 SANTA LUCIA,860010451-1,DANIELA PEÑA,ambiental@casalimpia.com.co,DG 44 SUR 21 49,"BOGOTA, D. C.","BOGOTA, D. C.",4.576666,-74.124426,597124.63,505929.11,18N
1. Aparatos electrodomésticos,1.4 Enseres menores de calentamiento,SI,2024-09-19,11220,APARATOS ELECTRODOMESTICOS,472.49,Centro de Acopio,Aprovechamiento,REP - 30 - 9339,Eco Industria SAS,Parque Industrial San Jorge,TIENDA D1 SANTA MARÍA DEL LAGO,860007386,ANA LUCIA GOMEZ,enlacesambientales@gmail.com,DG 79 A 72 11,"BOGOTA, D. C.","BOGOTA, D. C.",4.694707,-74.090803,600837.89,518983.31,18N
2. Electrónica y Equipos de Telecomunicación,2.8 Equipos de telecomunicaciones,SI,2024-04-13,11227,TERMINALES DE TELEX,16.0,Centro de Acopio,Aprovechamiento,REP - 14 - 9308,Eco Industria SAS,Parque Industrial San Jorge,TIENDA D1 SANTA PAULA,800149695-1,JENNY PRIETO,gestionambiental@cruzverde.com.co,AK 15 102 50,"BOGOTA, D. C.","BOGOTA, D. C.",4.687264,-74.047445,605648.22,518166.87,18N
2. Electrónica y Equipos de Telecomunicación,"2.10 Periféricos, partes y tarjetas para computadores e impresoras",SI,2024-07-27,10344,TONER DE IMPRESORA SUELTOS,18.01,Gestionado por Reconecta,Aprovechamiento,REP - 30 - 9339,Eco Industria SAS,Parque Industrial San Jorge,TIENDA D1 SANTA SOFÍA,900836968-7,LEONARDO BENAVIDES,test@signify.com,KR 29 B 77 48,"BOGOTA, D. C.","BOGOTA, D. C.",4.670789,-74.068854,603275.95,516342.33,18N
2. Electrónica y Equipos de Telecomunicación,"2.10 Periféricos, partes y tarjetas para computadores e impresoras",SI,2024-03-12,10220,TONER DE IMPRESORA Y CARTUCHOS USADOS,10.0,Centro de Acopio,Aprovechamiento,REP-86-9030,Eco Industria SAS,Parque Industrial San Jorge,TIENDA D1 SATURNO,830142201-4,LUZ DARY LEGUIZAMON,test@mts.com.co,KR 110 19A 21,"BOGOTA, D. C.","BOGOTA, D. C.",4.681325,-74.148653,594423.13,517495.87,18N
2. Electrónica y Equipos de Telecomunicación,2.4 Computadores y equipos para tratamiento de datos,SI,2024-10-16,10851,IMPRESORAS Y SCANNER,23.0,Gestionado por Reconecta,Aprovechamiento,REP - 14 - 9308,Eco Industria SAS,Parque Industrial San Jorge,TIENDA D1 SENA SUR,800149695-1,JENNY PRIETO,gestionambiental@cruzverde.com.co,KR 30 26 SUR 80,"BOGOTA, D. C.","BOGOTA, D. C.",4.590282,-74.111856,598517.23,507436.08,18N
2. Electrónica y Equipos de Telecomunicación,2.5 Electrónica de consumo,SI,2024-06-02,9271,AMPLIFICADOR DE SONIDO,2.15,Centro de Acopio,Aprovechamiento,REP - 15 - 9316,Eco Industria SAS,Parque Industrial San Jorge,TIENDA D1 SOLEDAD NORTE,830143447-3,Ana Maria Suarez,test@portal80.com.co,AK 86 74 A 26,"BOGOTA, D. C.","BOGOTA, D. C.",4.698944,-74.103904,599384.16,519449.84,18N
2. Electrónica y Equipos de Telecomunicación,"2.10 Periféricos, partes y tarjetas para computadores e impresoras",SI,2024-10-08,9696,TONER DE IMPRESORA/APROVECHAMIENTO,80.0,Gestionado por Reconecta,Aprovechamiento,REP - 30 - 9339,Eco Industria SAS,Parque Industrial San Jorge,TIENDA D1 SOTILEZA,860007386,ANA LUCIA GOMEZ,enlacesambientales@gmail.com,TV 60 128A 14,"BOGOTA, D. C.","BOGOTA, D. C.",4.716223,-74.073119,602796.22,521364.52,18N
2. Electrónica y Equipos de Telecomunicación,2.4 Computadores y equipos para tratamiento de datos,SI,2024-12-09,11505,CPU,65.0,Centro de Acopio,Aprovechamiento,REP-86-9030,Eco Industria SAS,Parque Industrial San Jorge,TIENDA D1 SUBA AURES,860518583-7,MARIA PAULA,ambiental@ccmetropolis.com.co,CL 132 103 C 41,"BOGOTA, D. C.","BOGOTA, D. C.",4.735213,-74.099165,599904.61,523460.1,18N
2. Electrónica y Equipos de Telecomunicación,"2.10 Periféricos, partes y tarjetas para computadores e impresoras",SI,2024-01-06,10520,TONER DE IMPRESORA/APROVECHAMIENTO,10.0,Centro de Acopio,Aprovechamiento,REP - 14 - 9308,Eco Industria SAS,Parque Industrial San Jorge,TIENDA D1 SUBA CAMPANELLA,800087297-6,LUZ STELLA CELIS,co.recepcionfacturase@la.spectrumbrands.com,KR 99 154 57,"BOGOTA, D. C.","BOGOTA, D. C.",4.753959,-74.086677,601286.94,525534.31,18N
3. Maquinaria y Equipo Eléctrico,3.4 Equipos de iluminación,SI,2024-12-31,9776,BOMBILLOS COMPACTOS - SIGNIFY,1.4,Centro de Acopio,Aprovechamiento,REP-86-9030,Eco Industria SAS,Parque Industrial San Jorge,TIENDA D1 SUBA CAMPIÑA ALTA,830143447-3,Ana Maria Suarez,test@portal80.com.co,KR 92 148 28,"BOGOTA, D. C.","BOGOTA, D. C.",4.744218,-74.084375,601543.68,524457.76,18N
1. Aparatos electrodomésticos,1.4 Enseres menores de calentamiento,SI,2024-12-23,10177,Sanduchera / Tostadora,6.8,Centro de Acopio,Aprovechamiento,REP - 29 - 9315,Eco Industria SAS,Parque Industrial San Jorge,TIENDA D1 SUBA CARMEN DEL NORTE,800149695-1,JENNY PRIETO,gestionambiental@cruzverde.com.co,CL 128 98A 01,"BOGOTA, D. C.","BOGOTA, D. C.",4.72607,-74.098543,599974.91,522449.42,18N
1. Aparatos electrodomésticos,1.4 Enseres menores de calentamiento,SI,2024-09-18,10359,FREIDORAS,710.0,Centro de Acopio,Aprovechamiento,REP - 15 - 9316,Eco Industria SAS,Parque Industrial San Jorge,TIENDA D1 SUBA GAITANA,860010451-1,DANIELA PEÑA,ambiental@casalimpia.com.co,KR 129 132 30,"BOGOTA, D. C.","BOGOTA, D. C.",4.740813,-74.113643,598298.05,524077.12,18N
2. Electrónica y Equipos de Telecomunicación,2.6 Equipos de electrónica de potencia,SI,2024-11-03,10719,UPS O FUENTES DE PODER,112.55,Centro de Acopio,Aprovechamiento,REP - 29 - 9315,Eco Industria SAS,Parque Industrial San Jorge,TIENDA D1 SUBA JAVA,900836968-7,LEONARDO BENAVIDES,test@signify.com,KR 94 D 145 39,"BOGOTA, D. C.","BOGOTA, D. C.",4.740028,-74.087577,601189.15,523994.08,18N
3. Maquinaria y Equipo Eléctrico,3.2 Equipo industrial,SI,2024-09-07,9008,"HERRAMIENTAS PARA MOLDEAR, TORNEAR, PULIR, PUNZAR, PLEGAR, CORTAR Y SOLDAR",32.0,Gestionado por Reconecta,Aprovechamiento,REP - 30 - 9339,Eco Industria SAS,Parque Industrial San Jorge,TIENDA D1 SUBA LISBOA,860518583-7,MARIA PAULA,ambiental@ccmetropolis.com.co,CL 132D 152 65,"BOGOTA, D. C.","BOGOTA, D. C.",4.742848,-74.123295,597227.26,524300.72,18N
1. Aparatos electrodomésticos,1.5 Enseres menores de cocina,SI,2024-02-17,9674,OTROS GRANDES APARATOS UTILIZADOS PARA COCINAR Y EN OTROS PROCESOS DE TRANSFORMACION DE LOS ALIMENTOS. APARATOS DE CALEFACCION ELECTRICOS,525.0,Centro de Acopio,Aprovechamiento,REP - 15 - 9316,Eco Industria SAS,Parque Industrial San Jorge,TIENDA D1 SUBA LOMBARDIA,800087297-6,LUZ STELLA CELIS,co.recepcionfacturase@la.spectrumbrands.com,AK 104 140C 11,"BOGOTA, D. C.","BOGOTA, D. C.",4.744429,-74.097754,600059.78,524479.14,18N
2. Electrónica y Equipos de Telecomunicación,"2.10 Periféricos, partes y tarjetas para computadores e impresoras",SI,2024-12-20,11882,MODEM,3.0,Centro de Acopio,Aprovechamiento,REP - 29 - 9315,Eco Industria SAS,Parque Industrial San Jorge,TIENDA D1 SUBA PARQUE,860518583-7,MARIA PAULA,ambiental@ccmetropolis.com.co,CL 147 90 54,"BOGOTA, D. C.","BOGOTA, D. C.",4.741414,-74.083873,601599.76,524147.85,18N
2. Electrónica y Equipos de Telecomunicación,"2.10 Periféricos, partes y tarjetas para computadores e impresoras",SI,2024-03-30,10757,TONER DE IMPRESORA/APROVECHAMIENTO,80.0,Gestionado por Reconecta,Aprovechamiento,REP-86-9030,Eco Industria SAS,Parque Industrial San Jorge,TIENDA D1 SUBA PINAR,900836968-7,LEONARDO BENAVIDES,test@signify.com,KR 92 151B 98,"BOGOTA, D. C.","BOGOTA, D. C.",4.748666,-74.083327,601659.26,524949.65,18N
1. Aparatos electrodomésticos,1.4 Enseres menores de calentamiento,SI,2024-10-10,10020,HORNOS DE MICROONDAS/ APARATOS ELECTRODOMESTICOS,67.0,Centro de Acopio,Aprovechamiento,REP-86-9030,Eco Industria SAS,Parque Industrial San Jorge,TIENDA D1 SUBA PUERTA DEL SOL,860010451-1,DANIELA PEÑA,ambiental@casalimpia.com.co,CL 139 108 04,"BOGOTA, D. C.","BOGOTA, D. C.",4.742413,-74.099966,599814.74,524255.95,18N
3. Maquinaria y Equipo Eléctrico,3.11 Pilas y acumuladores,SI,2024-01-10,10945,BATERIAS DE LITIO,1858.0,Centro de Acopio,Aprovechamiento,REP - 29 - 9315,Eco Industria SAS,Parque Industrial San Jorge,TIENDA D1 SUBA RINCON SAN JORGE,900836968-7,LEONARDO BENAVIDES,test@signify.com,KR 91 127 63,"BOGOTA, D. C.","BOGOTA, D. C.",4.717542,-74.092384,600659.25,521507.53,18N
2. Electrónica y Equipos de Telecomunicación,"2.10 Periféricos, partes y tarjetas para computadores e impresoras",SI,2024-04-30,9301,TONER DE IMPRESORA Y CARTUCHOS USADOS,10.0,Centro de Acopio,Aprovechamiento,REP - 30 - 9339,Eco Industria SAS,Parque Industrial San Jorge,TIENDA D1 SUBA SALITRE,800087297-6,LUZ STELLA CELIS,co.recepcionfacturase@la.spectrumbrands.com,KR 92 159A 6,"BOGOTA, D. C.","BOGOTA, D. C.",4.755804,-74.079781,602051.5,525739.29,18N
1. Aparatos electrodomésticos,1.5 Enseres menores de cocina,SI,2024-06-25,11583,OTROS GRANDES APARATOS UTILIZADOS PARA COCINAR Y EN OTROS PROCESOS DE TRANSFORMACION DE LOS ALIMENTOS. APARATOS DE CALEFACCION ELECTRICOS,525.0,Centro de Acopio,Aprovechamiento,REP - 15 - 9316,Eco Industria SAS,Parque Industrial San Jorge,TIENDA D1 SUBA TABOR,830142201-4,LUZ DARY LEGUIZAMON,test@mts.com.co,AC 132 95 A 10,"BOGOTA, D. C.","BOGOTA, D. C.",4.733073,-74.091365,600770.03,523224.65,18N
1. Aparatos electrodomésticos,1.2 Enseres de audio y video,SI,2024-01-02,10176,APARATOS DE GRABACION DE VIDEO,3.0,Centro de Acopio,Aprovechamiento,REP - 14 - 9308,Eco Industria SAS,Parque Industrial San Jorge,TIENDA D1 SUBA TRINITARIA,860518583-7,MARIA PAULA,ambiental@ccmetropolis.com.co,CL 139 103 C 02,"BOGOTA, D. C.","BOGOTA, D. C.",4.741037,-74.096426,600207.56,524104.34,18N
3. Maquinaria y Equipo Eléctrico,3.11 Pilas y acumuladores,SI,2024-11-04,10357,BATERIAS DE LITIO,15.0,Centro de Acopio,Aprovechamiento,REP - 30 - 9339,Eco Industria SAS,Parque Industrial San Jorge,TIENDA D1 SUBA TURINGIA,830142201-4,LUZ DARY LEGUIZAMON,test@mts.com.co,KR 103B 152 41,"BOGOTA, D. C.","BOGOTA, D. C.",4.751842,-74.091852,600713.3,525299.52,18N
1. Aparatos electrodomésticos,1.6 Enseres menores del hogar,SI,2024-03-16,10739,"RELOJES Y APARATOS DESTINADOS A MEDIR, INDICAR O REGISTRAR EL TIEMPO",19.13,Gestionado por Reconecta,Aprovechamiento,REP - 29 - 9315,Eco Industria SAS,Parque Industrial San Jorge,TIENDA D1 SUBA VILLA ELIZA,800087297-6,LUZ STELLA CELIS,co.recepcionfacturase@la.spectrumbrands.com,KR 91 134 A 04,"BOGOTA, D. C.","BOGOTA, D. C.",4.733142,-74.085976,601367.72,523233.06,18N
2. Electrónica y Equipos de Telecomunicación,2.4 Computadores y equipos para tratamiento de datos,SI,2024-02-07,11131,MONITORES,205.0,Gestionado por Reconecta,Aprovechamiento,REP - 14 - 9308,Eco Industria SAS,Parque Industrial San Jorge,TIENDA D1 SULTANA,860518583-7,MARIA PAULA,ambiental@ccmetropolis.com.co,KR 46 129 31,"BOGOTA, D. C.","BOGOTA, D. C.",4.716133,-74.054317,604881.66,521357.37,18N
1. Aparatos electrodomésticos,1.6 Enseres menores del hogar,SI,2024-07-08,11822,"RELOJES Y APARATOS DESTINADOS A MEDIR, INDICAR O REGISTRAR EL TIEMPO",0.2,Gestionado por Reconecta,Aprovechamiento,REP - 15 - 9316,Eco Industria SAS,Parque Industrial San Jorge,TIENDA D1 SURTIFRUVER 164,800149695-1,JENNY PRIETO,gestionambiental@cruzverde.com.co,CL 164 23 40,"BOGOTA, D. C.","BOGOTA, D. C.",4.745308,-74.046876,605702.56,524583.88,18N
2. Electrónica y Equipos de Telecomunicación,2.8 Equipos de telecomunicaciones,SI,2024-02-12,11007,TERMINALES DE TELEX,16.0,Centro de Acopio,Aprovechamiento,REP - 15 - 9316,Eco Industria SAS,Parque Industrial San Jorge,TIENDA D1 Tabora,830143447-3,Ana Maria Suarez,test@portal80.com.co,AC 72 82 57,"BOGOTA, D. C.","BOGOTA, D. C.",4.694047,-74.103791,599397.39,518908.49,18N
2. Electrónica y Equipos de Telecomunicación,"2.10 Periféricos, partes y tarjetas para computadores e impresoras",SI,2024-11-11,11762,"PERIFERICOS (MOUSE, TECLADO, AUDIFONOS, CAMARAS Y OTROS)",2.6,Centro de Acopio,Aprovechamiento,REP-86-9030,Eco Industria SAS,Parque Industrial San Jorge,TIENDA D1 TEATRO NACIONAL,800087297-6,LUZ STELLA CELIS,co.recepcionfacturase@la.spectrumbrands.com,CL 93 45 44,"BOGOTA, D. C.","BOGOTA, D. C.",4.680452,-74.059095,604357.01,517412.04,18N
1. Aparatos electrodomésticos,1.7 Enseres menores personales,SI,2024-01-23,9401,"APARATOS PARA CORTAR EL PELO, PARA SECAR EL PELO, PARA CEPILLARSE LOS DIENTES, MAQUINAS PARA AFEITAR, APARATOS DE MASAJE Y OTROS CUIDADOS CORPORALES",162.0,Centro de Acopio,Aprovechamiento,REP - 29 - 9315,Eco Industria SAS,Parque Industrial San Jorge,TIENDA D1 Teusaquillo,860007386,ANA LUCIA GOMEZ,enlacesambientales@gmail.com,CL 43 14 9,"BOGOTA, D. C.","BOGOTA, D. C.",4.630947,-74.068436,603328.12,511937.79,18N
2. Electrónica y Equipos de Telecomunicación,2.8 Equipos de telecomunicaciones,SI,2024-11-05,9209,TELÉFONOS CONVENCIONALES,6.0,Gestionado por Reconecta,Aprovechamiento,REP-86-9030,Eco Industria SAS,Parque Industrial San Jorge,TIENDA D1 Teusaquillo Editorial,830142201-4,LUZ DARY LEGUIZAMON,test@mts.com.co,KR 19 34 11,"BOGOTA, D. C.","BOGOTA, D. C.",4.623876,-74.073752,602739.44,511155.3,18N
2. Electrónica y Equipos de Telecomunicación,2.4 Computadores y equipos para tratamiento de datos,SI,2024-12-04,10829,TABLETAS,1.2,Gestionado por Reconecta,Aprovechamiento,REP - 15 - 9316,Eco Industria SAS,Parque Industrial San Jorge,TIENDA D1 TIBANA,800149695-1,JENNY PRIETO,gestionambiental@cruzverde.com.co,KR 36 4 28,"BOGOTA, D. C.","BOGOTA, D. C.",4.608868,-74.105606,599207.99,509491.64,18N
2. Electrónica y Equipos de Telecomunicación,2.6 Equipos de electrónica de potencia,SI,2024-02-03,9859,UPS O FUENTES DE PODER,19.0,Gestionado por Reconecta,Aprovechamiento,REP - 14 - 9308,Eco Industria SAS,Parque Industrial San Jorge,TIENDA D1 TIERRA LINDA,800087297-6,LUZ STELLA CELIS,co.recepcionfacturase@la.spectrumbrands.com,CL 128 A 51 52,"BOGOTA, D. C.","BOGOTA, D. C.",4.713671,-74.058428,604426.05,521084.58,18N
1. Aparatos electrodomésticos,1.5 Enseres menores de cocina,SI,2024-06-13,11900,"MOLINOS, CAFETERAS Y APARATOS PARA ABRIR O PRECINTAR ENVASES O PAQUETES",468.0,Centro de Acopio,Aprovechamiento,REP - 15 - 9316,Eco Industria SAS,Parque Industrial San Jorge,TIENDA D1 TITAN,860010451-1,DANIELA PEÑA,ambiental@casalimpia.com.co,AC 80 69T 60,"BOGOTA, D. C.","BOGOTA, D. C.",4.693463,-74.0835,601648.11,518846.84,18N
1. Aparatos electrodomésticos,1.8 Equipos de acondicionamiento de aire,SI,2024-06-22,10854,APARATOS DE AIRE ACONDICIONADO,96.0,Gestionado por Reconecta,Aprovechamiento,REP - 15 - 9316,Eco Industria SAS,Parque Industrial San Jorge,TIENDA D1 TOBERIN,860010451-1,DANIELA PEÑA,ambiental@casalimpia.com.co,CL 164 16 A 49,"BOGOTA, D. C.","BOGOTA, D. C.",4.743275,-74.038682,606611.68,524360.38,18N
2. Electrónica y Equipos de Telecomunicación,2.8 Equipos de telecomunicaciones,SI,2024-07-28,11458,TERMINALES DE FAX,5.0,Gestionado por Reconecta,Aprovechamiento,REP - 30 - 9339,Eco Industria SAS,Parque Industrial San Jorge,TIENDA D1 Trinidad,830142201-4,LUZ DARY LEGUIZAMON,test@mts.com.co,CL 4 G 66 2,"BOGOTA, D. C.","BOGOTA, D. C.",4.626735,-74.121208,597474.81,511464.68,18N
2. Electrónica y Equipos de Telecomunicación,"2.10 Periféricos, partes y tarjetas para computadores e impresoras",SI,2024-11-05,11326,"PERIFERICOS (MOUSE, TECLADO, AUDIFONOS, CAMARAS Y OTROS)",1.7,Gestionado por Reconecta,Aprovechamiento,REP - 29 - 9315,Eco Industria SAS,Parque Industrial San Jorge,TIENDA D1  TRINITARIA,860010451-1,DANIELA PEÑA,ambiental@casalimpia.com.co,CL 139 103C 2,"BOGOTA, D. C.","BOGOTA, D. C.",4.741037,-74.09643,600207.11,524104.34,18N
2. Electrónica y Equipos de Telecomunicación,"2.10 Periféricos, partes y tarjetas para computadores e impresoras",SI,2024-07-01,10834,Tonner De Impresora / Aprovechamiento,5.96,Gestionado por Reconecta,Aprovechamiento,REP - 15 - 9316,Eco Industria SAS,Parque Industrial San Jorge,TIENDA D1 UNICENTRO,900836968-7,LEONARDO BENAVIDES,test@signify.com,AK 15 118 34,"BOGOTA, D. C.","BOGOTA, D. C.",4.697793,-74.04287,606154.09,519331.57,18N
1. Aparatos electrodomésticos,1.4 Enseres menores de calentamiento,SI,2024-02-03,9294,APARATOS DE CALEFACCIÓN ELÉCTRICOS,46.0,Centro de Acopio,Aprovechamiento,REP - 14 - 9308,Eco Industria SAS,Parque Industrial San Jorge,TIENDA D1 UNICENTRO DE OCCIDENTE,830143447-3,Ana Maria Suarez,test@portal80.com.co,KR 111 C 86 05 LC 1 34,"BOGOTA, D. C.","BOGOTA, D. C.",4.722981,-74.113536,598312.43,522105.79,18N
3. Maquinaria y Equipo Eléctrico,3.3 Equipos de control y proteción,SI,2024-05-26,9491,SWITCH,20.0,Gestionado por Reconecta,Aprovechamiento,REP - 15 - 9316,Eco Industria SAS,Parque Industrial San Jorge,TIENDA D1 USAQUEN,830142201-4,LUZ DARY LEGUIZAMON,test@mts.com.co,CL 120 A 7 14,"BOGOTA, D. C.","BOGOTA, D. C.",4.697518,-74.031469,607418.73,519302.91,18N
2. Electrónica y Equipos de Telecomunicación,"2.10 Periféricos, partes y tarjetas para computadores e impresoras",SI,2024-06-19,11613,REPUESTOS O PARTES DE PC/PORTATILES,5.0,Gestionado por Reconecta,Aprovechamiento,REP - 14 - 9308,Eco Industria SAS,Parque Industrial San Jorge,TIENDA D1 VALLADOLID,800087297-6,LUZ STELLA CELIS,co.recepcionfacturase@la.spectrumbrands.com,CL 8D 82B 20,"BOGOTA, D. C.","BOGOTA, D. C.",4.647407,-74.147279,594580.08,513746.44,18N
2. Electrónica y Equipos de Telecomunicación,2.4 Computadores y equipos para tratamiento de datos,SI,2024-08-13,11282,EQUIPOS DE COMPUTO DE MESA,46.0,Centro de Acopio,Aprovechamiento,REP - 30 - 9339,Eco Industria SAS,Parque Industrial San Jorge,TIENDA D1 VENECIA,900836968-7,LEONARDO BENAVIDES,test@signify.com,DG 49 SUR 53 85,"BOGOTA, D. C.","BOGOTA, D. C.",4.591681,-74.139455,595455.4,507587.0,18N
2. Electrónica y Equipos de Telecomunicación,2.4 Computadores y equipos para tratamiento de datos,SI,2024-04-02,10916,SERVIDORES,3.0,Gestionado por Reconecta,Aprovechamiento,REP - 29 - 9315,Eco Industria SAS,Parque Industrial San Jorge,TIENDA D1 Veraguas,800149695-1,JENNY PRIETO,gestionambiental@cruzverde.com.co,AK 30 4 A 43,"BOGOTA, D. C.","BOGOTA, D. C.",4.604809,-74.099954,599835.54,509043.7,18N
1. Aparatos electrodomésticos,1.1 Cocinas y hornos,SI,2024-03-17,9709,HORNOS ELECTRICOS,23.0,Centro de Acopio,Aprovechamiento,REP - 14 - 9308,Eco Industria SAS,Parque Industrial San Jorge,TIENDA D1 VERBENAL,860010451-1,DANIELA PEÑA,ambiental@casalimpia.com.co,CL 188 13 15,"BOGOTA, D. C.","BOGOTA, D. C.",4.764919,-74.034379,607085.59,526753.86,18N
2. Electrónica y Equipos de Telecomunicación,2.4 Computadores y equipos para tratamiento de datos,SI,2024-09-19,9573,COMPUTADORES TODO EN UNO,31.95,Gestionado por Reconecta,Aprovechamiento,REP - 30 - 9339,Eco Industria SAS,Parque Industrial San Jorge,TIENDA D1 VICTORIA NORTE,830142201-4,LUZ DARY LEGUIZAMON,test@mts.com.co,AK 45 149 29,"BOGOTA, D. C.","BOGOTA, D. C.",4.731485,-74.050197,605336.32,523055.2,18N
2. Electrónica y Equipos de Telecomunicación,2.4 Computadores y equipos para tratamiento de datos,SI,2024-06-13,11941,MONITORES,36.0,Centro de Acopio,Aprovechamiento,REP - 29 - 9315,Eco Industria SAS,Parque Industrial San Jorge,TIENDA D1 VILLA ALSACIA,860010451-1,DANIELA PEÑA,ambiental@casalimpia.com.co,KR 71F 12 81,"BOGOTA, D. C.","BOGOTA, D. C.",4.644188,-74.129875,596511.03,513392.93,18N
2. Electrónica y Equipos de Telecomunicación,2.4 Computadores y equipos para tratamiento de datos,SI,2024-02-29,9110,ORDENADORES PERSONALES O PORTATILES,5.7,Centro de Acopio,Aprovechamiento,REP-86-9030,Eco Industria SAS,Parque Industrial San Jorge,TIENDA D1 VILLA DEL PRADO,800149695-1,JENNY PRIETO,gestionambiental@cruzverde.com.co,CL 174 54 C 28,"BOGOTA, D. C.","BOGOTA, D. C.",4.75704,-74.053962,604914.87,525879.8,18N
2. Electrónica y Equipos de Telecomunicación,2.4 Computadores y equipos para tratamiento de datos,SI,2024-11-16,11376,IMPRESORAS Y SCANNER,4.6,Gestionado por Reconecta,Aprovechamiento,REP-86-9030,Eco Industria SAS,Parque Industrial San Jorge,TIENDA D1 VILLA ELIZA,900836968-7,LEONARDO BENAVIDES,test@signify.com,KR 91 134A 4,"BOGOTA, D. C.","BOGOTA, D. C.",4.73315,-74.08598,601367.28,523233.94,18N
2. Electrónica y Equipos de Telecomunicación,2.4 Computadores y equipos para tratamiento de datos,SI,2024-06-20,11305,EQUIPOS DE COMPUTO DE MESA,46.0,Centro de Acopio,Aprovechamiento,REP - 14 - 9308,Eco Industria SAS,Parque Industrial San Jorge,TIENDA D1 VILLA LUZ,800087297-6,LUZ STELLA CELIS,co.recepcionfacturase@la.spectrumbrands.com,TV 85 64B 18,"BOGOTA, D. C.","BOGOTA, D. C.",4.684343,-74.11076,598625.76,517834.72,18N
1. Aparatos electrodomésticos,1.5 Enseres menores de cocina,SI,2024-09-21,10040,OTROS GRANDES APARATOS UTILIZADOS PARA COCINAR Y EN OTROS PROCESOS DE TRANSFORMACION DE LOS ALIMENTOS,856.0,Centro de Acopio,Aprovechamiento,REP - 14 - 9308,Eco Industria SAS,Parque Industrial San Jorge,TIENDA D1 VILLA NUEVA,860010451-1,DANIELA PEÑA,ambiental@casalimpia.com.co,KR 68 38 C SUR 76,"BOGOTA, D. C.","BOGOTA, D. C.",4.603621,-74.138803,595526.13,508907.05,18N
1. Aparatos electrodomésticos,1.4 Enseres menores de calentamiento,SI,2024-09-24,11437,APARATOS DE CALEFACCIÓN ELÉCTRICOS,62.49,Centro de Acopio,Aprovechamiento,REP - 14 - 9308,Eco Industria SAS,Parque Industrial San Jorge,TIENDA D1 VILLAS,830143447-3,Ana Maria Suarez,test@portal80.com.co,KR 58 131A 16,"BOGOTA, D. C.","BOGOTA, D. C.",4.721997,-74.066952,603479.37,522003.76,18N
3. Maquinaria y Equipo Eléctrico,3.11 Pilas y acumuladores,SI,2024-09-25,10743,PILAS,9.0,Centro de Acopio,Aprovechamiento,REP - 30 - 9339,Eco Industria SAS,Parque Industrial San Jorge,TIENDA D1 VILLEMAR,900836968-7,LEONARDO BENAVIDES,test@signify.com,KR 96 G 17 B 49,"BOGOTA, D. C.","BOGOTA, D. C.",4.670262,-74.141398,595229.34,516273.84,18N
2. Electrónica y Equipos de Telecomunicación,2.6 Equipos de electrónica de potencia,SI,2024-05-04,10372,BALASTOS,330.25,Gestionado por Reconecta,Aprovechamiento,REP-86-9030,Eco Industria SAS,Parque Industrial San Jorge,TIENDA D1 Zona In,800149695-1,JENNY PRIETO,gestionambiental@cruzverde.com.co,CL 13 65 21,"BOGOTA, D. C.","BOGOTA, D. C.",4.634684,-74.11541,598116.88,512344.25,18N
2. Electrónica y Equipos de Telecomunicación,"2.10 Periféricos, partes y tarjetas para computadores e impresoras",SI,2024-09-07,11011,CD,6.0,Gestionado por Reconecta,Aprovechamiento,REP - 29 - 9315,Eco Industria SAS,Parque Industrial San Jorge,TIENDA D1 ZONA T,900836968-7,LEONARDO BENAVIDES,test@signify.com,CL 85 14 5,"BOGOTA, D. C.","BOGOTA, D. C.",4.669563,-74.05466,604850.57,516208.9,18N
1. Aparatos electrodomésticos,1.6 Enseres menores del hogar,SI,2024-11-21,11860,"HERRAMIENTAS PARA ROCIAR, ESPARCIR, PROPAGAR O APLICAR OTROS TRATAMIENTOS CON SUSTANCIAS LÍQUIDAS O GASEOSAS POR OTROS MEDIOS",988.0,Centro de Acopio,Aprovechamiento,REP - 14 - 9308,Eco Industria SAS,Parque Industrial San Jorge,TITÁN PLAZA CENTRO COMERCIAL Y EMPRESARIAL,800087297-6,LUZ STELLA CELIS,co.recepcionfacturase@la.spectrumbrands.com,AK 72 80 94,"BOGOTA, D. C.","BOGOTA, D. C.",4.695749,-74.086612,601302.6,519099.11,18N
2. Electrónica y Equipos de Telecomunicación,"2.10 Periféricos, partes y tarjetas para computadores e impresoras",SI,2024-01-03,10655,TONNER,1.0,Centro de Acopio,Aprovechamiento,REP - 15 - 9316,Eco Industria SAS,Parque Industrial San Jorge,TRANSMASIVO,830143447-3,Ana Maria Suarez,test@portal80.com.co,Cl 147c #101 98,"BOGOTA, D. C.","BOGOTA, D. C.",4.74579,-74.09297,600590.18,524630.3,18N
3. Maquinaria y Equipo Eléctrico,3.2 Equipo industrial,SI,2024-05-22,9341,"HERRAMIENTAS PARA MOLDEAR, TORNEAR, PULIR, PUNZAR, PLEGAR, CORTAR Y SOLDAR",32.0,Centro de Acopio,Aprovechamiento,REP - 30 - 9339,Eco Industria SAS,Parque Industrial San Jorge,TRIDEX FARMACÉUTICA,800149695-1,JENNY PRIETO,gestionambiental@cruzverde.com.co,KR 46 12 30,"BOGOTA, D. C.","BOGOTA, D. C.",4.623181,-74.105002,599273.01,511074.03,18N
2. Electrónica y Equipos de Telecomunicación,"2.10 Periféricos, partes y tarjetas para computadores e impresoras",SI,2024-07-07,10247,TONNER Y CARTUCHOS EN DESUSO,4.0,Centro de Acopio,Aprovechamiento,REP-86-9030,Eco Industria SAS,Parque Industrial San Jorge,Tu Llanta.Com. Calle 127,900836968-7,LEONARDO BENAVIDES,test@signify.com,AC 127 # 20 - 79,"BOGOTA, D. C.","BOGOTA, D. C.",4.70598,-74.05154,605191.2,520235.35,18N
2. Electrónica y Equipos de Telecomunicación,"2.10 Periféricos, partes y tarjetas para computadores e impresoras",SI,2024-02-23,9213,Tonner De Impresora / Aprovechamiento,1.0,Gestionado por Reconecta,Aprovechamiento,REP - 14 - 9308,Eco Industria SAS,Parque Industrial San Jorge,Tu Llanta.Com Carrera 7 ,800149695-1,JENNY PRIETO,gestionambiental@cruzverde.com.co,AC 127 # 7 - 83,"BOGOTA, D. C.","BOGOTA, D. C.",4.702026,-74.02966,607618.69,519801.56,18N
1. Aparatos electrodomésticos,1.1 Cocinas y hornos,SI,2024-11-26,10788,HORNOS ELECTRICOS,732.81,Centro de Acopio,Aprovechamiento,REP - 15 - 9316,Eco Industria SAS,Parque Industrial San Jorge,Tu Llanta.Com Hipermercado,830143447-3,Ana Maria Suarez,test@portal80.com.co,AC 116 # 70C - 49,"BOGOTA, D. C.","BOGOTA, D. C.",4.699007,-74.073037,602807.84,519461.27,18N
1. Aparatos electrodomésticos,1.2 Enseres de audio y video,SI,2024-01-17,11024,VIDEOCAMARAS,32.0,Gestionado por Reconecta,Aprovechamiento,REP - 15 - 9316,Eco Industria SAS,Parque Industrial San Jorge,Tu Llanta.Com NQS,860518583-7,MARIA PAULA,ambiental@ccmetropolis.com.co,AK 30 # 70 - 48,"BOGOTA, D. C.","BOGOTA, D. C.",4.66533,-74.074841,602612.65,515737.96,18N
1. Aparatos electrodomésticos,1.4 Enseres menores de calentamiento,SI,2024-07-30,10620,APARATOS DE CALEFACCIÓN ELÉCTRICOS,66.0,Gestionado por Reconecta,Aprovechamiento,REP - 30 - 9339,Eco Industria SAS,Parque Industrial San Jorge,Tu Llanta.Com NQS Santa Sofía,800087297-6,LUZ STELLA CELIS,co.recepcionfacturase@la.spectrumbrands.com,AK 30 # 78 - 20,"BOGOTA, D. C.","BOGOTA, D. C.",4.671846,-74.069404,603214.79,516459.11,18N
2. Electrónica y Equipos de Telecomunicación,2.5 Electrónica de consumo,SI,2024-07-17,11531,AMPLIFICADOR DE SONIDO,18.66,Gestionado por Reconecta,Aprovechamiento,REP - 14 - 9308,Eco Industria SAS,Parque Industrial San Jorge,Tu Llanta.Com Pepe Sierra,860007386,ANA LUCIA GOMEZ,enlacesambientales@gmail.com,AC 116 # 70C - 65,"BOGOTA, D. C.","BOGOTA, D. C.",4.698886,-74.07338,602769.81,519447.84,18N
1. Aparatos electrodomésticos,1.6 Enseres menores del hogar,SI,2024-10-14,11621,"RELOJES Y APARATOS DESTINADOS A MEDIR, INDICAR O REGISTRAR EL TIEMPO",0.2,Centro de Acopio,Aprovechamiento,REP-86-9030,Eco Industria SAS,Parque Industrial San Jorge,Tu Llanta.Com Santa Bárbara,830142201-4,LUZ DARY LEGUIZAMON,test@mts.com.co,AK 15 # 106 - 72,"BOGOTA, D. C.","BOGOTA, D. C.",4.691454,-74.045071,605910.92,518630.44,18N
1. Aparatos electrodomésticos,1.7 Enseres menores personales,SI,2024-03-03,9057,"APARATOS PARA CORTAR EL PELO, PARA SECAR EL PELO, PARA CEPILLARSE LOS DIENTES, MAQUINAS PARA AFEITAR, APARATOS DE MASAJE Y OTROS CUIDADOS CORPORALES",85.64,Gestionado por Reconecta,Aprovechamiento,REP - 15 - 9316,Eco Industria SAS,Parque Industrial San Jorge,UAN - UNIVERSIDAD ANTONIO NARIÑO,860518583-7,MARIA PAULA,ambiental@ccmetropolis.com.co,KR 3 E 47 11 S,"BOGOTA, D. C.","BOGOTA, D. C.",4.545035,-74.097823,600080.24,502435.94,18N
3. Maquinaria y Equipo Eléctrico,3.11 Pilas y acumuladores,SI,2024-09-02,10131,BATERIAS DE LITIO,1858.0,Centro de Acopio,Aprovechamiento,REP-86-9030,Eco Industria SAS,Parque Industrial San Jorge,UDCA SEDE RTE,830143447-3,Ana Maria Suarez,test@portal80.com.co,CL 222 54 30,"BOGOTA, D. C.","BOGOTA, D. C.",4.80024,-74.04685,605697.04,530656.77,18N
1. Aparatos electrodomésticos,1.4 Enseres menores de calentamiento,SI,2024-09-13,11105,APARATOS ELECTRODOMESTICOS/HORNOS DE MICROONDAS,21.7,Centro de Acopio,Aprovechamiento,REP - 14 - 9308,Eco Industria SAS,Parque Industrial San Jorge,UMHES Meissen,830142201-4,LUZ DARY LEGUIZAMON,test@mts.com.co,KR 18B 60G 00 S,"BOGOTA, D. C.","BOGOTA, D. C.",4.559859,-74.138481,595567.66,504069.22,18N
1. Aparatos electrodomésticos,1.6 Enseres menores del hogar,SI,2024-01-16,11080,VENTILADORES ELECTRICOS,20.0,Centro de Acopio,Aprovechamiento,REP-86-9030,Eco Industria SAS,Parque Industrial San Jorge,UMHES Tunal,830143447-3,Ana Maria Suarez,test@portal80.com.co,KR 27 47B 35 S,"BOGOTA, D. C.","BOGOTA, D. C.",4.582017,-74.130786,596418.37,506519.81,18N
1. Aparatos electrodomésticos,1.5 Enseres menores de cocina,SI,2024-05-27,11915,OTROS GRANDES APARATOS UTILIZADOS PARA COCINAR Y EN OTROS PROCESOS DE TRANSFORMACION DE LOS ALIMENTOS. APARATOS DE CALEFACCION ELECTRICOS,130.0,Centro de Acopio,Aprovechamiento,REP-86-9030,Eco Industria SAS,Parque Industrial San Jorge,UNIANDINOS,800149695-1,JENNY PRIETO,gestionambiental@cruzverde.com.co,Calle 92 # 16-11,"BOGOTA, D. C.","BOGOTA, D. C.",4.6761,-74.0535,604978.27,516931.75,18N
1. Aparatos electrodomésticos,1.4 Enseres menores de calentamiento,SI,2024-08-13,11752,HORNOS DE MICROONDAS/ APARATOS ELECTRODOMESTICOS,67.0,Gestionado por Reconecta,Aprovechamiento,REP - 14 - 9308,Eco Industria SAS,Parque Industrial San Jorge,UNIDAD ADMINISTRATIVA ESPECIAL DE SERVICIOS PUBLICOS,900836968-7,LEONARDO BENAVIDES,test@signify.com,KR 10 No 17-72,"BOGOTA, D. C.","BOGOTA, D. C.",4.6057,-74.0743,602681.27,509145.84,18N
2. Electrónica y Equipos de Telecomunicación,2.4 Computadores y equipos para tratamiento de datos,SI,2024-06-03,9355,EQUIPOS DE COMPUTO DE MESA,105.0,Centro de Acopio,Aprovechamiento,REP - 14 - 9308,Eco Industria SAS,Parque Industrial San Jorge,UNIDAD DE PLANEACION MINERO ENERGETICA,800149695-1,JENNY PRIETO,gestionambiental@cruzverde.com.co,CL 26 69D 91,"BOGOTA, D. C.","BOGOTA, D. C.",4.661847,-74.109531,598765.23,515347.95,18N
2. Electrónica y Equipos de Telecomunicación,"2.10 Periféricos, partes y tarjetas para computadores e impresoras",SI,2024-07-03,9090,"OTROS PRODUCTOS Y APARATOS PARA LA RECOGIDA, ALMACENAMIENTO, PROCESAMIENTO, PRESENTACIÓN O COMUNICACIÓN DE LA INFORMACIÓN DE MANERA ELECTRÓNICA",2.0,Centro de Acopio,Aprovechamiento,REP - 15 - 9316,Eco Industria SAS,Parque Industrial San Jorge,UNIDAD DE SERVICIOS DE SALUD CALLE 42,900836968-7,LEONARDO BENAVIDES,test@signify.com,CL 42 13 19,"BOGOTA, D. C.","BOGOTA, D. C.",4.629755,-74.067047,603482.37,511806.21,18N
2. Electrónica y Equipos de Telecomunicación,2.8 Equipos de telecomunicaciones,SI,2024-02-10,9247,TELEFONOS INALAMBRICOS,6.0,Centro de Acopio,Aprovechamiento,REP - 15 - 9316,Eco Industria SAS,Parque Industrial San Jorge,UNIDAD DE SERVICIOS DE SALUD CALLE 94,830142201-4,LUZ DARY LEGUIZAMON,test@mts.com.co,CL 94 23 43,"BOGOTA, D. C.","BOGOTA, D. C.",4.681509,-74.057579,604525.01,517529.12,18N
2. Electrónica y Equipos de Telecomunicación,"2.10 Periféricos, partes y tarjetas para computadores e impresoras",SI,2024-03-29,9143,ups,25.8,Centro de Acopio,Aprovechamiento,REP - 29 - 9315,Eco Industria SAS,Parque Industrial San Jorge,UNIDAD DE SERVICIOS DE SALUD PRIMERA DE MAYO,830142201-4,LUZ DARY LEGUIZAMON,test@mts.com.co,AV 1 DE MAYO # 10 BIS 22 SUR,"BOGOTA, D. C.","BOGOTA, D. C.",4.57633,-74.09515,600372.44,505895.99,18N
1. Aparatos electrodomésticos,1.2 Enseres de audio y video,SI,2024-05-19,11804,VIDEOCAMARAS,57.3,Centro de Acopio,Aprovechamiento,REP - 14 - 9308,Eco Industria SAS,Parque Industrial San Jorge,UNIDAD DE SERVICIOS DE SALUD SUBA INTEGRAL,830142201-4,LUZ DARY LEGUIZAMON,test@mts.com.co,CL 139 94 55,"BOGOTA, D. C.","BOGOTA, D. C.",4.737824,-74.087285,601221.86,523750.47,18N
2. Electrónica y Equipos de Telecomunicación,"2.10 Periféricos, partes y tarjetas para computadores e impresoras",SI,2024-09-02,9075,"PERIFERICOS (MOUSE, TECLADO, AUDIFONOS, CAMARAS Y OTROS)",26.35,Gestionado por Reconecta,Aprovechamiento,REP - 15 - 9316,Eco Industria SAS,Parque Industrial San Jorge,UNIDAD PARA LA ATENCIÓN Y REPARACIÓN INTEGRAL A LAS VÍCTIMAS,830142201-4,LUZ DARY LEGUIZAMON,test@mts.com.co,KR 85D 46A 65,"BOGOTA, D. C.","BOGOTA, D. C.",4.678509,-74.115598,598089.95,517189.09,18N
2. Electrónica y Equipos de Telecomunicación,"2.10 Periféricos, partes y tarjetas para computadores e impresoras",SI,2024-06-23,11711,CD,6.0,Gestionado por Reconecta,Aprovechamiento,REP - 30 - 9339,Eco Industria SAS,Parque Industrial San Jorge,UNIÓN ELÉCTRICA S.A,830142201-4,LUZ DARY LEGUIZAMON,test@mts.com.co,CL 39 29 75,"BOGOTA, D. C.","BOGOTA, D. C.",4.626827,-74.080066,602038.61,511480.63,18N
2. Electrónica y Equipos de Telecomunicación,2.4 Computadores y equipos para tratamiento de datos,SI,2024-05-26,11008,IMPRESORAS Y SCANNER,144.73,Centro de Acopio,Aprovechamiento,REP - 14 - 9308,Eco Industria SAS,Parque Industrial San Jorge,UNIVERSIDAD CENTRAL,860010451-1,DANIELA PEÑA,ambiental@casalimpia.com.co,CL 21 4 40,"BOGOTA, D. C.","BOGOTA, D. C.",4.605609,-74.068653,603307.72,509136.6,18N
1. Aparatos electrodomésticos,1.6 Enseres menores del hogar,SI,2024-10-09,10235,"RELOJES Y APARATOS DESTINADOS A MEDIR, INDICAR O REGISTRAR EL TIEMPO",0.2,Centro de Acopio,Aprovechamiento,REP - 29 - 9315,Eco Industria SAS,Parque Industrial San Jorge,UNIVERSIDAD DE CIENCIAS APLICADAS Y AMBIENTALES (U.D.C.A),830142201-4,LUZ DARY LEGUIZAMON,test@mts.com.co,AC 222 55 09,"BOGOTA, D. C.","BOGOTA, D. C.",4.800343,-74.048834,605476.99,530667.85,18N
2. Electrónica y Equipos de Telecomunicación,2.7 Equipos de instrumentación y control,SI,2024-03-29,9138,BASCULA,2.1,Centro de Acopio,Aprovechamiento,REP-86-9030,Eco Industria SAS,Parque Industrial San Jorge,UNIVERSIDAD DE LA SALLE SEDE CENTRO,800087297-6,LUZ STELLA CELIS,co.recepcionfacturase@la.spectrumbrands.com,KR 2 10 13,"BOGOTA, D. C.","BOGOTA, D. C.",4.594736,-74.071402,603004.33,507934.17,18N
3. Maquinaria y Equipo Eléctrico,3.4 Equipos de iluminación,SI,2024-08-05,11763,TUBOS FLUORESCENTES - SIGNIFY,1.8,Centro de Acopio,Aprovechamiento,REP - 29 - 9315,Eco Industria SAS,Parque Industrial San Jorge,UNIVERSIDAD DE LA SALLE SEDE CHAPINERO,860010451-1,DANIELA PEÑA,ambiental@casalimpia.com.co,KR 5 59A 44,"BOGOTA, D. C.","BOGOTA, D. C.",4.644732,-74.060061,604255.13,513462.97,18N
2. Electrónica y Equipos de Telecomunicación,2.4 Computadores y equipos para tratamiento de datos,SI,2024-04-18,9584,TABLETAS,1.2,Gestionado por Reconecta,Aprovechamiento,REP - 29 - 9315,Eco Industria SAS,Parque Industrial San Jorge,UNIVERSIDAD DE LA SALLE SEDE NORTE,860007386,ANA LUCIA GOMEZ,enlacesambientales@gmail.com,KR 7 179 03,"BOGOTA, D. C.","BOGOTA, D. C.",4.755787,-74.024788,608150.74,525745.78,18N
1. Aparatos electrodomésticos,1.1 Cocinas y hornos,SI,2024-07-22,9997,HORNOS DE MICROONDAS,24.45,Centro de Acopio,Aprovechamiento,REP - 30 - 9339,Eco Industria SAS,Parque Industrial San Jorge,UNIVERSIDAD DEL BOSQUE,800149695-1,JENNY PRIETO,gestionambiental@cruzverde.com.co,KR 7BBIS 132 11,"BOGOTA, D. C.","BOGOTA, D. C.",4.710447,-74.030288,607547.74,520732.43,18N
1. Aparatos electrodomésticos,1.5 Enseres menores de cocina,SI,2024-12-15,11441,OTROS GRANDES APARATOS UTILIZADOS PARA COCINAR Y EN OTROS PROCESOS DE TRANSFORMACION DE LOS ALIMENTOS. APARATOS DE CALEFACCION ELECTRICOS,819.0,Centro de Acopio,Aprovechamiento,REP - 29 - 9315,Eco Industria SAS,Parque Industrial San Jorge,UNIVERSIDAD DE LOS ANDES,800087297-6,LUZ STELLA CELIS,co.recepcionfacturase@la.spectrumbrands.com,CL 22D S 1 38 E,"BOGOTA, D. C.","BOGOTA, D. C.",4.568141,-74.08746,601226.69,504991.77,18N
2. Electrónica y Equipos de Telecomunicación,2.8 Equipos de telecomunicaciones,SI,2024-01-01,9761,TERMINALES DE FAX,4.0,Gestionado por Reconecta,Aprovechamiento,REP - 14 - 9308,Eco Industria SAS,Parque Industrial San Jorge,UNIVERSIDAD DEL TOLIMA,860010451-1,DANIELA PEÑA,ambiental@casalimpia.com.co,CL 10 S 15 35,"BOGOTA, D. C.","BOGOTA, D. C.",4.588017,-74.09563,600317.56,507187.93,18N
2. Electrónica y Equipos de Telecomunicación,2.8 Equipos de telecomunicaciones,SI,2024-04-29,11160,ROUTER,4.0,Centro de Acopio,Aprovechamiento,REP - 15 - 9316,Eco Industria SAS,Parque Industrial San Jorge,UNIVERSIDAD DISTRITAL FRANCISCO JOSE DE CALDAS FACULTAD DE INGENIERIA,860518583-7,MARIA PAULA,ambiental@ccmetropolis.com.co,KR 7 40B 53,"BOGOTA, D. C.","BOGOTA, D. C.",4.627993,-74.065395,603665.89,511611.66,18N
3. Maquinaria y Equipo Eléctrico,3.11 Pilas y acumuladores,SI,2024-12-27,9052,PILAS,2.2,Gestionado por Reconecta,Aprovechamiento,REP-86-9030,Eco Industria SAS,Parque Industrial San Jorge,UNIVERSIDAD EAN,860010451-1,DANIELA PEÑA,ambiental@casalimpia.com.co,CL 79 11 10,"BOGOTA, D. C.","BOGOTA, D. C.",4.663734,-74.054492,604870.07,515564.51,18N
3. Maquinaria y Equipo Eléctrico,3.11 Pilas y acumuladores,SI,2024-09-11,11753,PILAS,0.4,Centro de Acopio,Aprovechamiento,REP - 29 - 9315,Eco Industria SAS,Parque Industrial San Jorge,UNIVERSIDAD ECCI,860010451-1,DANIELA PEÑA,ambiental@casalimpia.com.co,KR 19 49 20,"BOGOTA, D. C.","BOGOTA, D. C.",4.637443,-74.071227,603017.58,512655.53,18N
1. Aparatos electrodomésticos,1.5 Enseres menores de cocina,SI,2024-08-02,9476,"MOLINOS, CAFETERAS Y APARATOS PARA ABRIR O PRECINTAR ENVASES O PAQUETES",659.41,Centro de Acopio,Aprovechamiento,REP - 29 - 9315,Eco Industria SAS,Parque Industrial San Jorge,UNIVERSIDAD LA GRAN COLOMBIA,830142201-4,LUZ DARY LEGUIZAMON,test@mts.com.co,KR 1 12D 41,"BOGOTA, D. C.","BOGOTA, D. C.",4.598835,-74.067891,603393.22,508387.83,18N
2. Electrónica y Equipos de Telecomunicación,2.4 Computadores y equipos para tratamiento de datos,SI,2024-05-05,10874,SERVIDORES,3.0,Gestionado por Reconecta,Aprovechamiento,REP-86-9030,Eco Industria SAS,Parque Industrial San Jorge,UNIVERSIDAD LIBRE SEDE BOSQUE POPULAR,860010451-1,DANIELA PEÑA,ambiental@casalimpia.com.co,KR 71B 53 40,"BOGOTA, D. C.","BOGOTA, D. C.",4.670705,-74.105499,599211.23,516327.77,18N
3. Maquinaria y Equipo Eléctrico,3.11 Pilas y acumuladores,SI,2024-10-17,10956,BATERIAS DE LITIO,56.51,Centro de Acopio,Aprovechamiento,REP - 15 - 9316,Eco Industria SAS,Parque Industrial San Jorge,UNIVERSIDAD MANUELA BELTRAN,900836968-7,LEONARDO BENAVIDES,test@signify.com,AV Circunvalar 60 00,"BOGOTA, D. C.","BOGOTA, D. C.",4.64226,-74.05409,604917.84,513190.57,18N
2. Electrónica y Equipos de Telecomunicación,2.4 Computadores y equipos para tratamiento de datos,SI,2024-02-20,11357,MONITORES,60.31,Centro de Acopio,Aprovechamiento,REP - 30 - 9339,Eco Industria SAS,Parque Industrial San Jorge,UNIVERSIDAD MILITAR SEDE CENTRAL,860010451-1,DANIELA PEÑA,ambiental@casalimpia.com.co,KR 11 # 101-80,"BOGOTA, D. C.","BOGOTA, D. C.",4.6834,-74.04183,606271.63,517740.54,18N
1. Aparatos electrodomésticos,1.4 Enseres menores de calentamiento,SI,2024-06-05,10267,APARATOS ELECTRODOMESTICOS,10.0,Centro de Acopio,Aprovechamiento,REP - 30 - 9339,Eco Industria SAS,Parque Industrial San Jorge,UNIVERSIDAD MILITAR SEDE MEDICINA,830142201-4,LUZ DARY LEGUIZAMON,test@mts.com.co,TV 3C 49 02,"BOGOTA, D. C.","BOGOTA, D. C.",4.635694,-74.06226,604012.52,512463.48,18N
3. Maquinaria y Equipo Eléctrico,3.2 Equipo industrial,SI,2024-01-11,9504,"HERRAMIENTAS PARA MOLDEAR, TORNEAR, PULIR, PUNZAR, PLEGAR, CORTAR Y SOLDAR",32.0,Gestionado por Reconecta,Aprovechamiento,REP - 29 - 9315,Eco Industria SAS,Parque Industrial San Jorge,UNIVERSIDAD NACIONAL,800087297-6,LUZ STELLA CELIS,co.recepcionfacturase@la.spectrumbrands.com,KR 37 52 34 S,"BOGOTA, D. C.","BOGOTA, D. C.",4.586901,-74.139366,595465.9,507058.58,18N
2. Electrónica y Equipos de Telecomunicación,2.8 Equipos de telecomunicaciones,SI,2024-01-12,11404,TELÉFONOS CONVENCIONALES,14.75,Centro de Acopio,Aprovechamiento,REP - 30 - 9339,Eco Industria SAS,Parque Industrial San Jorge,UNIVERSIDAD NACIONAL AREA DE SALUD,800087297-6,LUZ STELLA CELIS,co.recepcionfacturase@la.spectrumbrands.com,KR 59 43 05,"BOGOTA, D. C.","BOGOTA, D. C.",4.647949,-74.095577,600315.02,513813.48,18N
1. Aparatos electrodomésticos,1.5 Enseres menores de cocina,SI,2024-04-12,9639,OTROS GRANDES APARATOS UTILIZADOS PARA COCINAR Y EN OTROS PROCESOS DE TRANSFORMACION DE LOS ALIMENTOS. APARATOS DE CALEFACCION ELECTRICOS,565.0,Gestionado por Reconecta,Aprovechamiento,REP - 29 - 9315,Eco Industria SAS,Parque Industrial San Jorge,UNIVERSIDAD NACIONAL DE COLOMBIA,800087297-6,LUZ STELLA CELIS,co.recepcionfacturase@la.spectrumbrands.com,AK 30 45 03,"BOGOTA, D. C.","BOGOTA, D. C.",4.634762,-74.079759,602071.53,512357.9,18N
2. Electrónica y Equipos de Telecomunicación,2.4 Computadores y equipos para tratamiento de datos,SI,2024-05-15,10521,EQUIPOS DE COMPUTO DE MESA,105.0,Gestionado por Reconecta,Aprovechamiento,REP - 15 - 9316,Eco Industria SAS,Parque Industrial San Jorge,UNIVERSIDAD PEDAGÓGICA NACIONAL,800087297-6,LUZ STELLA CELIS,co.recepcionfacturase@la.spectrumbrands.com,AC 72 11 86,"BOGOTA, D. C.","BOGOTA, D. C.",4.657809,-74.05935,604332.07,514908.77,18N
2. Electrónica y Equipos de Telecomunicación,"2.10 Periféricos, partes y tarjetas para computadores e impresoras",SI,2024-12-16,9250,TONNER Y CARTUCHOS EN DESUSO,4.0,Centro de Acopio,Aprovechamiento,REP-86-9030,Eco Industria SAS,Parque Industrial San Jorge,UNIVERSIDAD SANTO TOMÁS,800149695-1,JENNY PRIETO,gestionambiental@cruzverde.com.co,KR 9 72 90,"BOGOTA, D. C.","BOGOTA, D. C.",4.656769,-74.056337,604666.44,514794.24,18N
1. Aparatos electrodomésticos,1.2 Enseres de audio y video,SI,2024-11-09,11256,VIDEOCAMARAS,2.0,Gestionado por Reconecta,Aprovechamiento,REP - 14 - 9308,Eco Industria SAS,Parque Industrial San Jorge,UNIVERSIDAD SANTO TOMÁS,830143447-3,Ana Maria Suarez,test@portal80.com.co,KR 9 51 11,"BOGOTA, D. C.","BOGOTA, D. C.",4.637994,-74.06425,603791.44,512717.46,18N
2. Electrónica y Equipos de Telecomunicación,"2.10 Periféricos, partes y tarjetas para computadores e impresoras",SI,2024-10-11,11366,"OTROS PRODUCTOS Y APARATOS PARA LA RECOGIDA, ALMACENAMIENTO, PROCESAMIENTO, PRESENTACIÓN O COMUNICACIÓN DE LA INFORMACIÓN DE MANERA ELECTRÓNICA",2.0,Gestionado por Reconecta,Aprovechamiento,REP - 29 - 9315,Eco Industria SAS,Parque Industrial San Jorge,UNIVERSIDAD SANTO TOMÁS,860010451-1,DANIELA PEÑA,ambiental@casalimpia.com.co,"Autopista Norte, Av. los Arrayanes Km. 1.6","BOGOTA, D. C.","BOGOTA, D. C.",4.790796,-74.054669,604831.33,529611.51,18N
2. Electrónica y Equipos de Telecomunicación,"2.10 Periféricos, partes y tarjetas para computadores e impresoras",SI,2024-05-30,11973,TONER DE IMPRESORA/APROVECHAMIENTO,10.0,Gestionado por Reconecta,Aprovechamiento,REP - 30 - 9339,Eco Industria SAS,Parque Industrial San Jorge,UNIVERSLDAD CENTRAL SEDE CENTRO,900836968-7,LEONARDO BENAVIDES,test@signify.com,CL 21 4 40,"BOGOTA, D. C.","BOGOTA, D. C.",4.605609,-74.068653,603307.72,509136.6,18N
1. Aparatos electrodomésticos,1.6 Enseres menores del hogar,SI,2024-12-14,10300,VENTILADORES ELECTRICOS,20.0,Gestionado por Reconecta,Aprovechamiento,REP - 15 - 9316,Eco Industria SAS,Parque Industrial San Jorge,USAQUEN CENTRO DE PROGRAMAS COLSUBSIDIO,900836968-7,LEONARDO BENAVIDES,test@signify.com,KR 7 123 65,"BOGOTA, D. C.","BOGOTA, D. C.",4.698932,-74.029471,607640.13,519459.54,18N
2. Electrónica y Equipos de Telecomunicación,2.8 Equipos de telecomunicaciones,SI,2024-10-16,10738,CELULARES,13.1,Gestionado por Reconecta,Aprovechamiento,REP - 30 - 9339,Eco Industria SAS,Parque Industrial San Jorge,VALENTECH PHARMA COLOMBIA SAS,860010451-1,DANIELA PEÑA,ambiental@casalimpia.com.co,CL 77 7 11,"BOGOTA, D. C.","BOGOTA, D. C.",4.659572,-74.052636,605076.56,515104.67,18N
1. Aparatos electrodomésticos,1.5 Enseres menores de cocina,SI,2024-01-19,11395,OTROS GRANDES APARATOS UTILIZADOS PARA COCINAR Y EN OTROS PROCESOS DE TRANSFORMACION DE LOS ALIMENTOS. APARATOS DE CALEFACCION ELECTRICOS,554.45,Centro de Acopio,Aprovechamiento,REP - 30 - 9339,Eco Industria SAS,Parque Industrial San Jorge,VIDA FARMA CSA,860007386,ANA LUCIA GOMEZ,enlacesambientales@gmail.com,KR 75B 61 60 S,"BOGOTA, D. C.","BOGOTA, D. C.",4.591051,-74.175902,591412.33,507512.59,18N
2. Electrónica y Equipos de Telecomunicación,2.8 Equipos de telecomunicaciones,SI,2024-08-07,9876,ROUTER,4.0,Gestionado por Reconecta,Aprovechamiento,REP - 30 - 9339,Eco Industria SAS,Parque Industrial San Jorge,VIRBAC COLOMBIA LTDA.,860007386,ANA LUCIA GOMEZ,enlacesambientales@gmail.com,KR 54 76 20,"BOGOTA, D. C.","BOGOTA, D. C.",4.673001,-74.073214,602792.0,516586.24,18N
1. Aparatos electrodomésticos,1.4 Enseres menores de calentamiento,SI,2024-07-03,11049,FREIDORAS,8583.0,Gestionado por Reconecta,Aprovechamiento,REP-86-9030,Eco Industria SAS,Parque Industrial San Jorge,VIRREY SOLIS AMÉRICAS,860518583-7,MARIA PAULA,ambiental@ccmetropolis.com.co,KR 67 4G 68,"BOGOTA, D. C.","BOGOTA, D. C.",4.627633,-74.121653,597425.33,511563.9,18N
1. Aparatos electrodomésticos,1.6 Enseres menores del hogar,SI,2024-11-29,9004,MAQUINAS DE COSER,100.36,Centro de Acopio,Aprovechamiento,REP - 14 - 9308,Eco Industria SAS,Parque Industrial San Jorge,VIRREY SOLIS BOSA,830142201-4,LUZ DARY LEGUIZAMON,test@mts.com.co,CL 82 S 44 09,"BOGOTA, D. C.","BOGOTA, D. C.",4.568929,-74.171632,591888.84,505067.58,18N
1. Aparatos electrodomésticos,1.6 Enseres menores del hogar,SI,2024-01-08,11681,MAQUINAS DE COSER,108.8,Centro de Acopio,Aprovechamiento,REP - 30 - 9339,Eco Industria SAS,Parque Industrial San Jorge,VIRREY SOLIS CALLE 98,860518583-7,MARIA PAULA,ambiental@ccmetropolis.com.co,KR 49 98A 18,"BOGOTA, D. C.","BOGOTA, D. C.",4.686721,-74.060876,604158.53,518104.83,18N
3. Maquinaria y Equipo Eléctrico,3.4 Equipos de iluminación,SI,2024-01-26,9752,BOMBILLOS COMPACTOS - SIGNIFY,1.4,Gestionado por Reconecta,Aprovechamiento,REP - 15 - 9316,Eco Industria SAS,Parque Industrial San Jorge,VIRREY SOLIS CHAPINERO,800149695-1,JENNY PRIETO,gestionambiental@cruzverde.com.co,TV 14 49 04 S,"BOGOTA, D. C.","BOGOTA, D. C.",4.568454,-74.125629,596992.28,505021.11,18N
2. Electrónica y Equipos de Telecomunicación,2.8 Equipos de telecomunicaciones,SI,2024-04-03,10760,"TELÉFONOS; PÚBLICOS, INALÁMBRICOS Y MÓVILES",3.63,Centro de Acopio,Aprovechamiento,REP - 29 - 9315,Eco Industria SAS,Parque Industrial San Jorge,VIRREY SOLIS FONTIBÓN,830143447-3,Ana Maria Suarez,test@portal80.com.co,CL 16J 104 51,"BOGOTA, D. C.","BOGOTA, D. C.",4.675209,-74.148634,594426.06,516819.75,18N
1. Aparatos electrodomésticos,1.4 Enseres menores de calentamiento,SI,2024-09-20,10804,PLANCHAS Y OTROS APARATOS UTILIZADOS PARA PLANCHAR Y PARA DAR OTRO TIPO DE CUIDADOR A LA ROPA,1.9,Gestionado por Reconecta,Aprovechamiento,REP - 14 - 9308,Eco Industria SAS,Parque Industrial San Jorge,VIRREY SOLIS MINUTO,830142201-4,LUZ DARY LEGUIZAMON,test@mts.com.co,AC 80 89A 01,"BOGOTA, D. C.","BOGOTA, D. C.",4.703994,-74.10372,599403.85,520008.15,18N
3. Maquinaria y Equipo Eléctrico,3.2 Equipo industrial,SI,2024-09-22,11234,"HERRAMIENTAS PARA MOLDEAR, TORNEAR, PULIR, PUNZAR, PLEGAR, CORTAR Y SOLDAR",32.0,Gestionado por Reconecta,Aprovechamiento,REP - 14 - 9308,Eco Industria SAS,Parque Industrial San Jorge,VIRREY SOLIS OLAYA,900836968-7,LEONARDO BENAVIDES,test@signify.com,CL 27 S 21A 19,"BOGOTA, D. C.","BOGOTA, D. C.",4.58257,-74.108818,598855.31,506583.93,18N
2. Electrónica y Equipos de Telecomunicación,2.4 Computadores y equipos para tratamiento de datos,SI,2024-09-22,11010,ORDENADORES PERSONALES O PORTATILES,31.82,Centro de Acopio,Aprovechamiento,REP - 14 - 9308,Eco Industria SAS,Parque Industrial San Jorge,VIRREY SOLIS SUBA,860010451-1,DANIELA PEÑA,ambiental@casalimpia.com.co,KR 88 139 21,"BOGOTA, D. C.","BOGOTA, D. C.",4.736582,-74.083357,601657.7,523613.74,18N
3. Maquinaria y Equipo Eléctrico,3.4 Equipos de iluminación,SI,2024-07-09,11312,APARATOS DE ALUMBRADO,70.0,Gestionado por Reconecta,Aprovechamiento,REP - 30 - 9339,Eco Industria SAS,Parque Industrial San Jorge,VISE LTDA,860010451-1,DANIELA PEÑA,ambiental@casalimpia.com.co,CL 6D 4 42,"BOGOTA, D. C.","BOGOTA, D. C.",4.592719,-74.075327,602569.2,507710.62,18N
2. Electrónica y Equipos de Telecomunicación,2.4 Computadores y equipos para tratamiento de datos,SI,2024-04-02,9761,DISCO DURO,358.0,Gestionado por Reconecta,Aprovechamiento,REP - 14 - 9308,Eco Industria SAS,Parque Industrial San Jorge,VITROFARMA PLANTA 1 Y 6,800087297-6,LUZ STELLA CELIS,co.recepcionfacturase@la.spectrumbrands.com,KR 65B 18 28,"BOGOTA, D. C.","BOGOTA, D. C.",4.639764,-74.11209,598484.45,512906.3,18N
3. Maquinaria y Equipo Eléctrico,3.4 Equipos de iluminación,SI,2024-07-31,9100,BOMBILLOS COMPACTOS - SIGNIFY,0.62,Centro de Acopio,Aprovechamiento,REP - 30 - 9339,Eco Industria SAS,Parque Industrial San Jorge,VITROFARMA S.A. SEDE ADMINISTRATIVA,800087297-6,LUZ STELLA CELIS,co.recepcionfacturase@la.spectrumbrands.com,KR 69 98A 28,"BOGOTA, D. C.","BOGOTA, D. C.",4.691101,-74.074912,602601.02,518586.97,18N
2. Electrónica y Equipos de Telecomunicación,2.4 Computadores y equipos para tratamiento de datos,SI,2024-03-09,11982,CPU,50.53,Centro de Acopio,Aprovechamiento,REP - 14 - 9308,Eco Industria SAS,Parque Industrial San Jorge,Viviana Marcela Marin Olmos,860518583-7,MARIA PAULA,ambiental@ccmetropolis.com.co,KR 38B 16 45 Sur,"BOGOTA, D. C.","BOGOTA, D. C.",4.600295968,-74.116390441,598012.84,508542.5,18N
2. Electrónica y Equipos de Telecomunicación,"2.10 Periféricos, partes y tarjetas para computadores e impresoras",SI,2024-07-02,11574,REPUESTOS O PARTES DE PC/PORTATILES,5.0,Gestionado por Reconecta,Aprovechamiento,REP - 29 - 9315,Eco Industria SAS,Parque Industrial San Jorge,VIVIR IPS LTDA,860010451-1,DANIELA PEÑA,ambiental@casalimpia.com.co,KR 10 26 34 S,"BOGOTA, D. C.","BOGOTA, D. C.",4.572347,-74.097466,600116.06,505455.35,18N
1. Aparatos electrodomésticos,1.5 Enseres menores de cocina,SI,2024-03-27,9981,"MOLINOS, CAFETERAS Y APARATOS PARA ABRIR O PRECINTAR ENVASES O PAQUETES",468.0,Centro de Acopio,Aprovechamiento,REP - 15 - 9316,Eco Industria SAS,Parque Industrial San Jorge,Wan dey Giraldo,830142201-4,LUZ DARY LEGUIZAMON,test@mts.com.co,CL 30 Sur 50A 40,"BOGOTA, D. C.","BOGOTA, D. C.",4.60124244,-74.123669465,597205.24,508646.14,18N
1. Aparatos electrodomésticos,1.6 Enseres menores del hogar,SI,2024-02-21,10716,"RELOJES Y APARATOS DESTINADOS A MEDIR, INDICAR O REGISTRAR EL TIEMPO",27.54,Gestionado por Reconecta,Aprovechamiento,REP - 15 - 9316,Eco Industria SAS,Parque Industrial San Jorge,WORLD TRADE CENTER BOGOTA,800149695-1,JENNY PRIETO,gestionambiental@cruzverde.com.co,CL 100 8A 37,"BOGOTA, D. C.","BOGOTA, D. C.",4.680782,-74.040468,606423.1,517451.32,18N
2. Electrónica y Equipos de Telecomunicación,2.4 Computadores y equipos para tratamiento de datos,SI,2024-12-19,10402,DISCO DURO,0.4,Centro de Acopio,Aprovechamiento,REP - 15 - 9316,Eco Industria SAS,Parque Industrial San Jorge,ZONA FRANCA,860007386,ANA LUCIA GOMEZ,enlacesambientales@gmail.com,KR 106 15A 25,"BOGOTA, D. C.","BOGOTA, D. C.",4.671194,-74.155867,593624.32,516374.93,18N
